"report-def-0-rfile"
"Time Step" "report-def-0 etc.."
("Time Step" "report-def-0" "flow-time")
0 0 0
1 0.05576614862273729 0.01
2 0.1202676859578339 0.02
3 0.1647802709012329 0.03
4 0.1958904631267735 0.04
5 0.2183241142420316 0.05
6 0.2351033411191632 0.06
7 0.2481549635519622 0.07000000000000001
8 0.2587012739931738 0.08
9 0.2675341835384401 0.09
10 0.2751716622043623 0.1
11 0.2819614379579971 0.11
12 0.2881427409367623 0.12
13 0.293882612752402 0.13
14 0.2992976248749247 0.14
15 0.3044705734236925 0.15
16 0.3094539234083299 0.16
17 0.3142542870345495 0.17
18 0.3189545952937101 0.18
19 0.3235719663493312 0.19
20 0.3281264465775841 0.2
21 0.332633560820452 0.21
22 0.3370545774603003 0.22
23 0.34135100905841 0.23
24 0.3455687672331887 0.24
25 0.3497294050559406 0.25
26 0.35384691255366 0.26
27 0.3579314489795948 0.27
28 0.3619905493805123 0.28
29 0.3660296854030076 0.29
30 0.370052033341278 0.3
31 0.3740611762406245 0.31
32 0.3780702960030982 0.32
33 0.3820979868745447 0.33
34 0.3861051105440939 0.34
35 0.3900997032903164 0.35
36 0.394085586558549 0.36
37 0.3980644010282496 0.37
38 0.402036397762095 0.38
39 0.4060045963100273 0.39
40 0.4099727638190737 0.4
41 0.4139456099789038 0.41
42 0.4179276500359496 0.42
43 0.4219227458444097 0.43
44 0.4259330346955509 0.44
45 0.4299587012273802 0.45
46 0.4339973922185787 0.46
47 0.4380446395483502 0.47
48 0.4420946441295931 0.48
49 0.4461412606015325 0.49
50 0.450178670043263 0.5
51 0.4542020366998089 0.51
52 0.4582090045994567 0.52
53 0.4621983557715268 0.53
54 0.4661705420793255 0.54
55 0.4701272728308438 0.55
56 0.4740709521533491 0.5600000000000001
57 0.4780043854511271 0.5700000000000001
58 0.4819301251212058 0.58
59 0.4858505557093942 0.59
60 0.4897675206823721 0.6
61 0.493682525230576 0.61
62 0.4975967161570389 0.62
63 0.5015107955955569 0.63
64 0.5054252625047019 0.64
65 0.509340473251077 0.65
66 0.5132565669417357 0.66
67 0.5171736112870456 0.67
68 0.5210916720770855 0.68
69 0.5250107248176488 0.6900000000000001
70 0.5289307284830898 0.7000000000000001
71 0.5328516915406663 0.71
72 0.5367735105959438 0.72
73 0.5406969477632294 0.73
74 0.5446212345225676 0.74
75 0.5485458302221379 0.75
76 0.5524708448195614 0.76
77 0.5563964620223094 0.77
78 0.5603227402813591 0.78
79 0.5642499699031849 0.79
80 0.568179094924416 0.8
81 0.572108333183764 0.8100000000000001
82 0.5760387135074339 0.8200000000000001
83 0.579970006473981 0.8300000000000001
84 0.5839016034427609 0.84
85 0.58783384734734 0.85
86 0.5917668015666038 0.86
87 0.5957004615545471 0.87
88 0.5996348321774332 0.88
89 0.6035699021570913 0.89
90 0.6075056882389629 0.9
91 0.6114421820760512 0.91
92 0.6153793980468056 0.92
93 0.6193172430306702 0.93
94 0.6232558471774136 0.9400000000000001
95 0.6271951518977114 0.9500000000000001
96 0.6311352320419071 0.96
97 0.6350760170930763 0.97
98 0.6390174879417139 0.98
99 0.6429596713972516 0.99
100 0.6469025629771934 1
101 0.6508461982315559 1.01
102 0.6547906005121475 1.02
103 0.6587357950794919 1.03
104 0.6626816750310375 1.04
105 0.6666281667054228 1.05
106 0.6705750820572322 1.06
107 0.6745222576080026 1.07
108 0.678469695425356 1.08
109 0.682417632146482 1.09
110 0.6863660994572466 1.1
111 0.6903152285953753 1.11
112 0.6942650093501861 1.12
113 0.6982154032923349 1.13
114 0.7021664304975606 1.14
115 0.7061180942330105 1.15
116 0.710070418220384 1.16
117 0.7140234300578588 1.17
118 0.7179771933209032 1.18
119 0.7219316957042523 1.19
120 0.7258869635974148 1.2
121 0.7298429801154147 1.21
122 0.7337997674231371 1.22
123 0.7377572864083377 1.23
124 0.7417155184735515 1.24
125 0.7456744725718822 1.25
126 0.7496341150890087 1.26
127 0.7535944652012505 1.27
128 0.7575554782311179 1.28
129 0.7615171596662816 1.29
130 0.7654795180573695 1.3
131 0.7694425196866923 1.31
132 0.7734061616389514 1.32
133 0.7773704594021109 1.33
134 0.7813353783673537 1.34
135 0.7853009153303172 1.35
136 0.7892670787375242 1.36
137 0.7932338363834697 1.37
138 0.7972011838471296 1.38
139 0.801169127243018 1.39
140 0.8051376393188314 1.4
141 0.8091067089587689 1.41
142 0.8130763507240562 1.42
143 0.8170465408048224 1.43
144 0.8210172650354062 1.44
145 0.8249885493158619 1.45
146 0.8289603566000172 1.46
147 0.8329327028411344 1.47
148 0.8369055422223026 1.48
149 0.8408788891245158 1.49
150 0.8448527468719116 1.5
151 0.8488271000279952 1.51
152 0.8528019402215399 1.52
153 0.8567772356673982 1.53
154 0.8607530129383778 1.54
155 0.8647292349891937 1.55
156 0.8687059171860778 1.56
157 0.8726830421726879 1.57
158 0.8766606012928442 1.58
159 0.8806385607844676 1.59
160 0.8846169486594676 1.6
161 0.8885957451754725 1.61
162 0.892574922465716 1.62
163 0.8965545160609951 1.63
164 0.9005344912699991 1.64
165 0.9045148419116515 1.65
166 0.9084955544200187 1.66
167 0.9124766130878323 1.67
168 0.9164580007203125 1.68
169 0.9204396534494708 1.69
170 0.9244215316719118 1.7
171 0.9284036280711119 1.71
172 0.932385945157677 1.72
173 0.9363684964023186 1.73
174 0.9403512930632056 1.74
175 0.9443343505025794 1.75
176 0.948317677360216 1.76
177 0.9523012845327481 1.77
178 0.9562851740779651 1.78
179 0.9602693522022479 1.79
180 0.9642538162302585 1.8
181 0.9682385623152423 1.81
182 0.9722235893468434 1.82
183 0.9762088892411649 1.83
184 0.9801944568186065 1.84
185 0.9841802827825901 1.85
186 0.9881663513223355 1.86
187 0.9921526654570251 1.87
188 0.9961392019184339 1.88
189 1.000125953674215 1.89
190 1.004112910384976 1.9
191 1.008100060456487 1.91
192 1.012087383288507 1.92
193 1.016074892673944 1.93
194 1.020062600935371 1.94
195 1.024050483385929 1.95
196 1.028038552768631 1.96
197 1.032026782833707 1.97
198 1.036015172378752 1.98
199 1.040003718961128 1.99
200 1.043992415265188 2
201 1.047981269420405 2.01
202 1.051970305581421 2.02
203 1.055959486359008 2.03
204 1.05994881543707 2.04
205 1.063938312219632 2.05
206 1.067927954154433 2.06
207 1.071917742569464 2.07
208 1.075907733769923 2.08
209 1.079897878683715 2.09
210 1.08388817960725 2.1
211 1.087878684592872 2.11
212 1.091869351007765 2.12
213 1.095860209779059 2.13
214 1.099851241937511 2.14
215 1.103842451003365 2.15
216 1.107833870873569 2.16
217 1.111825474482299 2.17
218 1.115817289670113 2.18
219 1.119809297895033 2.19
220 1.123801526350797 2.2
221 1.127793973924464 2.21
222 1.131786630614121 2.22
223 1.135779514416511 2.23
224 1.139772630711996 2.24
225 1.143765972510888 2.25
226 1.147759544198871 2.26
227 1.151753353051481 2.27
228 1.155747408016651 2.28
229 1.159741694187036 2.29
230 1.163736204006829 2.3
231 1.167730925941732 2.31
232 1.171725852900599 2.32
233 1.17572097907851 2.33
234 1.179716294194206 2.34
235 1.183711788596189 2.35
236 1.187707446309349 2.36
237 1.19170323879584 2.37
238 1.195699182091677 2.38
239 1.199695257471149 2.39
240 1.20369136722574 2.4
241 1.207687438649484 2.41
242 1.21168353617099 2.42
243 1.215679676069164 2.43
244 1.219675918211828 2.44
245 1.223672260226648 2.45
246 1.227668659089654 2.46
247 1.231665085083897 2.47
248 1.235661493102103 2.48
249 1.23965781558252 2.49
250 1.243654050663359 2.5
251 1.247650144950734 2.51
252 1.251646071904137 2.52
253 1.255641812398004 2.53
254 1.259637320379543 2.54
255 1.263632619094779 2.55
256 1.267627655148567 2.56
257 1.271622452808923 2.57
258 1.275616989520029 2.58
259 1.279611260551709 2.59
260 1.283605262754673 2.6
261 1.287598976203272 2.61
262 1.291592444940287 2.62
263 1.295585649168022 2.63
264 1.299578594018327 2.64
265 1.303571285690084 2.65
266 1.307563733406867 2.66
267 1.311555978097798 2.67
268 1.315547995408795 2.68
269 1.319539779584097 2.69
270 1.323531403479371 2.7
271 1.327522856144547 2.71
272 1.331514128971341 2.72
273 1.335505232999762 2.73
274 1.339496209388171 2.74
275 1.343487070177155 2.75
276 1.347477825594461 2.76
277 1.351468487850918 2.77
278 1.355459068651802 2.78
279 1.359449584202406 2.79
280 1.36344002883075 2.8
281 1.367430432681925 2.81
282 1.371420794554728 2.82
283 1.375411120462709 2.83
284 1.379401418376779 2.84
285 1.383391709053047 2.85
286 1.387381985434347 2.86
287 1.391372294743055 2.87
288 1.395362574642952 2.88
289 1.39935291603691 2.89
290 1.403343207428371 2.9
291 1.407333496778913 2.91
292 1.411323784482798 2.92
293 1.415314066332008 2.93
294 1.419304342571256 2.94
295 1.423294609563717 2.95
296 1.427284868667084 2.96
297 1.431275113437994 2.97
298 1.435265344508682 2.98
299 1.439255567972409 2.99
300 1.443245786964466 3
301 1.447235989842978 3.01
302 1.451226174248009 3.02
303 1.455216340155793 3.03
304 1.459206500796404 3.04
305 1.46319663837706 3.05
306 1.467186757196051 3.06
307 1.471176834234585 3.07
308 1.475166904326799 3.08
309 1.479156946598541 3.09
310 1.483146958673788 3.1
311 1.487136937509014 3.11
312 1.491126533213067 3.12
313 1.495116499579936 3.13
314 1.49910636133613 3.14
315 1.503096111275429 3.15
316 1.507085707728995 3.16
317 1.511075195555704 3.17
318 1.515064364295719 3.18
319 1.5190540207866 3.19
320 1.523043417454819 3.2
321 1.527032806861064 3.21
322 1.531022274374327 3.22
323 1.535011668940478 3.23
324 1.539001065818774 3.24
325 1.542990457188332 3.25
326 1.546979823433579 3.26
327 1.550969157660008 3.27
328 1.554958486669666 3.28
329 1.558947779336609 3.29
330 1.562937003411347 3.3
331 1.566926181953467 3.31
332 1.570915316687354 3.32
333 1.574904415942523 3.33
334 1.578893466022174 3.34
335 1.582882500088196 3.35
336 1.58687162453588 3.36
337 1.590860579672449 3.37
338 1.594849586798865 3.38
339 1.598838472970103 3.39
340 1.602827322963169 3.4
341 1.606816133256934 3.41
342 1.610804898894649 3.42
343 1.614793631470052 3.43
344 1.618782306243234 3.44
345 1.622770931418545 3.45
346 1.626759516155304 3.46
347 1.630748044862051 3.47
348 1.634736538148455 3.48
349 1.638724995956547 3.49
350 1.642713404231273 3.5
351 1.646701767876072 3.51
352 1.650690105242508 3.52
353 1.654678371076427 3.53
354 1.658666625977811 3.54
355 1.662654844265858 3.55
356 1.66664302205023 3.56
357 1.670631163785609 3.57
358 1.674619253811203 3.58
359 1.678607324902315 3.59
360 1.682595361051326 3.6
361 1.686583346653351 3.61
362 1.690571297244061 3.62
363 1.694559202920075 3.63
364 1.69854709355623 3.64
365 1.702534951148126 3.65
366 1.706522780482847 3.66
367 1.710510551494929 3.67
368 1.714498309523675 3.68
369 1.718486036145036 3.69
370 1.722473747100519 3.7
371 1.726461428511795 3.71
372 1.73044908644869 3.72
373 1.734436709353035 3.73
374 1.738424307660348 3.74
375 1.742411892798898 3.75
376 1.74639944865526 3.76
377 1.750386979152187 3.77
378 1.754374490031575 3.78
379 1.758361986439237 3.79
380 1.762349451494081 3.8
381 1.766336914443584 3.81
382 1.770324357417278 3.82
383 1.77431178792336 3.83
384 1.778299180755375 3.84
385 1.782286568353609 3.85
386 1.786273930584396 3.86
387 1.790261300416187 3.87
388 1.794248636563104 3.88
389 1.798235933049977 3.89
390 1.802223244810397 3.9
391 1.806210531273595 3.91
392 1.810197847350839 3.92
393 1.814185138085627 3.93
394 1.818172422022043 3.94
395 1.822159696671632 3.95
396 1.826146951583974 3.96
397 1.830134206724632 3.97
398 1.834121449110581 3.98
399 1.838108701213654 3.99
400 1.842095969697898 4
401 1.846083168845157 4.01
402 1.850070368784412 4.02
403 1.854057568844007 4.03
404 1.858044747369717 4.04
405 1.862031911942839 4.05
406 1.866019070301421 4.06
407 1.870006228040791 4.07
408 1.873993364926524 4.08
409 1.877980496487846 4.09
410 1.881967621389313 4.1
411 1.885954729579724 4.11
412 1.889941877381564 4.12
413 1.893929033499384 4.13
414 1.897916837173094 4.14
415 1.901903918177858 4.15
416 1.905891007543369 4.16
417 1.909878084204203 4.17
418 1.913865167558833 4.18
419 1.917852241032886 4.19
420 1.921839284512636 4.2
421 1.92582630386648 4.21
422 1.929813326514823 4.22
423 1.933800398976129 4.23
424 1.937787471636407 4.24
425 1.941774547025833 4.25
426 1.945761199631011 4.26
427 1.949748285619944 4.27
428 1.9537353724684 4.28
429 1.957722453961015 4.29
430 1.961709519672319 4.3
431 1.965696580657157 4.31
432 1.969683635458523 4.32
433 1.973670677989815 4.33
434 1.977657727236832 4.34
435 1.981644808345168 4.350000000000001
436 1.985631899402887 4.36
437 1.989618988195538 4.37
438 1.99360608297397 4.38
439 1.997593173718411 4.39
440 2.001582874860533 4.4
441 2.005569928815931 4.41
442 2.009557029007244 4.42
443 2.013544123599628 4.43
444 2.017531225711208 4.44
445 2.021518314782808 4.45
446 2.025505408064586 4.46
447 2.029492511389309 4.47
448 2.033479607397413 4.48
449 2.03746670052062 4.49
450 2.041453785697681 4.5
451 2.045440887504509 4.51
452 2.049427984361805 4.52
453 2.053415066678763 4.53
454 2.057402157132005 4.54
455 2.061389262256441 4.55
456 2.065376361938349 4.56
457 2.069363459000657 4.57
458 2.073350565353088 4.58
459 2.077337660973673 4.59
460 2.08132474447206 4.600000000000001
461 2.085311815704003 4.61
462 2.089298893864263 4.62
463 2.093285984109565 4.63
464 2.097273067088713 4.64
465 2.101260146183132 4.65
466 2.105247216285837 4.66
467 2.109234298633723 4.67
468 2.113221392770052 4.68
469 2.117208484053507 4.69
470 2.121195578978549 4.7
471 2.125182669861661 4.71
472 2.129169755748994 4.72
473 2.133156857550854 4.73
474 2.137143946891158 4.74
475 2.141131031028817 4.75
476 2.145118108925135 4.76
477 2.149105182208046 4.77
478 2.15309224403742 4.78
479 2.15707929362269 4.79
480 2.161066336790268 4.8
481 2.165053383227389 4.81
482 2.169040411795521 4.82
483 2.173027439107631 4.83
484 2.177014462854806 4.84
485 2.181001612246598 4.850000000000001
486 2.184988977408493 4.86
487 2.188975837806149 4.87
488 2.192962837104103 4.88
489 2.196949600023645 4.89
490 2.200936360394589 4.9
491 2.204924532623828 4.91
492 2.208911978575133 4.92
493 2.212898850097069 4.93
494 2.216886151176743 4.94
495 2.220873308021813 4.95
496 2.224861460263198 4.96
497 2.228848335581235 4.97
498 2.232835143707256 4.98
499 2.23682187485001 4.99
500 2.240808533134562 5
501 2.244795292880295 5.01
502 2.248782079952394 5.02
503 2.252768903917914 5.03
504 2.256755622229883 5.04
505 2.260742323530038 5.05
506 2.264729375462844 5.06
507 2.268716808286425 5.07
508 2.272704034957657 5.08
509 2.276691073116978 5.09
510 2.280678401801273 5.100000000000001
511 2.284665281120181 5.11
512 2.288652204056254 5.12
513 2.292639126178678 5.13
514 2.296626002080663 5.14
515 2.300612870867838 5.15
516 2.304599730839124 5.16
517 2.308586582949865 5.17
518 2.312573426527836 5.18
519 2.316560314847777 5.19
520 2.320547165642581 5.2
521 2.32453399770291 5.21
522 2.328520915393244 5.22
523 2.332507761797713 5.23
524 2.336494629822026 5.24
525 2.340481449884444 5.25
526 2.344468245080159 5.26
527 2.348455034054845 5.27
528 2.352441803830702 5.28
529 2.356428557390818 5.29
530 2.360415309997853 5.3
531 2.364402088388202 5.31
532 2.368388838540503 5.32
533 2.372375573628696 5.33
534 2.376362368465047 5.34
535 2.380349078547248 5.350000000000001
536 2.384335924990622 5.36
537 2.38832280548113 5.37
538 2.392309510196289 5.38
539 2.396296464563822 5.39
540 2.400283112969426 5.4
541 2.404269873935871 5.41
542 2.408256592183874 5.42
543 2.412243290923066 5.43
544 2.416229981414 5.44
545 2.420216675998682 5.45
546 2.424203364051815 5.46
547 2.428190064049105 5.47
548 2.432176761777487 5.48
549 2.4361634216114 5.49
550 2.440150100632169 5.5
551 2.444136745469717 5.51
552 2.448123396152922 5.52
553 2.452110029887727 5.53
554 2.456096647783809 5.54
555 2.460083271360398 5.55
556 2.464069876604219 5.56
557 2.468056507048023 5.57
558 2.472043142020231 5.58
559 2.476029734633879 5.59
560 2.480016315654823 5.600000000000001
561 2.484002896481812 5.61
562 2.487989468336349 5.62
563 2.491976033177378 5.63
564 2.49596264983167 5.64
565 2.499949306362224 5.65
566 2.503935931796287 5.66
567 2.507922438041702 5.67
568 2.51190894592999 5.68
569 2.515895444845778 5.69
570 2.519881928045326 5.7
571 2.523868392210477 5.71
572 2.527854871941528 5.72
573 2.531841349960811 5.73
574 2.535827828422667 5.74
575 2.539814281563475 5.75
576 2.543800784471521 5.76
577 2.547787249220878 5.77
578 2.551773767279749 5.78
579 2.555760226935609 5.79
580 2.559746672580207 5.8
581 2.563733117730009 5.81
582 2.567719553944266 5.82
583 2.571705974731374 5.83
584 2.575692384535582 5.84
585 2.579678796770531 5.850000000000001
586 2.583665200151926 5.86
587 2.587651606067582 5.87
588 2.591637989841506 5.88
589 2.595624352997992 5.89
590 2.599610759027579 5.9
591 2.603597152824231 5.91
592 2.607583517914781 5.92
593 2.611570157194794 5.93
594 2.615556453761548 5.94
595 2.61954284531733 5.95
596 2.623529230522054 5.96
597 2.627515588694403 5.97
598 2.631501874536344 5.98
599 2.635488253575356 5.99
600 2.639474550278525 6
601 2.643460890272257 6.01
602 2.647447141267563 6.02
603 2.651433573353351 6.03
604 2.655419976636602 6.04
605 2.659406262044572 6.05
606 2.66339253706515 6.06
607 2.667378797886166 6.07
608 2.671365047707083 6.08
609 2.675351282517157 6.09
610 2.67933753021919 6.100000000000001
611 2.683323769223223 6.11
612 2.687309911981695 6.12
613 2.691296100470169 6.13
614 2.695282265983082 6.140000000000001
615 2.699268421296457 6.15
616 2.703254678164801 6.16
617 2.707240947537991 6.17
618 2.71122724064717 6.18
619 2.715213529096844 6.19
620 2.719199698712094 6.2
621 2.723185853686124 6.21
622 2.727172141618317 6.22
623 2.731158534807997 6.23
624 2.7351443435845 6.24
625 2.739130012129536 6.25
626 2.743115168989841 6.26
627 2.747103658734828 6.27
628 2.751090110743937 6.28
629 2.755076650664913 6.29
630 2.759062744356423 6.3
631 2.763048872956452 6.31
632 2.767034999156184 6.32
633 2.771021115468286 6.33
634 2.775007225537595 6.34
635 2.778993325520117 6.350000000000001
636 2.782979419084452 6.36
637 2.78696550143966 6.37
638 2.790951568129955 6.38
639 2.794937632177152 6.390000000000001
640 2.798923699337538 6.4
641 2.802909753561187 6.41
642 2.806895790173305 6.42
643 2.810881844268108 6.43
644 2.814867922094314 6.44
645 2.818853971246305 6.45
646 2.822839979062164 6.46
647 2.826825978978293 6.47
648 2.830811999149748 6.48
649 2.834798008800131 6.49
650 2.838783942246781 6.5
651 2.842769947484102 6.51
652 2.846755983441464 6.52
653 2.850742006794614 6.53
654 2.854728010023329 6.54
655 2.858714007998294 6.55
656 2.86270000209916 6.56
657 2.866685989039316 6.57
658 2.870671975251352 6.58
659 2.874657957520425 6.59
660 2.878643927342222 6.600000000000001
661 2.882629822091895 6.61
662 2.886615782496195 6.62
663 2.890601782718738 6.63
664 2.894587732591464 6.640000000000001
665 2.898573696486283 6.65
666 2.902559646579875 6.66
667 2.906545603094334 6.67
668 2.910531534650073 6.68
669 2.914517450456364 6.69
670 2.918503410509517 6.7
671 2.922489348890133 6.71
672 2.926475273400373 6.72
673 2.93046119566494 6.73
674 2.934447068271731 6.74
675 2.938432942635794 6.75
676 2.94241879151546 6.76
677 2.946404657284861 6.77
678 2.950390505854129 6.78
679 2.954376270882944 6.79
680 2.958362125780949 6.8
681 2.962347984735627 6.81
682 2.966333830616333 6.82
683 2.970319664860763 6.83
684 2.974305483644978 6.84
685 2.978291236579811 6.850000000000001
686 2.98227710259123 6.86
687 2.986262911867507 6.87
688 2.990248708329659 6.88
689 2.994234496501625 6.890000000000001
690 2.998220320979767 6.9
691 3.002206103182029 6.91
692 3.006191918828709 6.92
693 3.010177724492865 6.93
694 3.014163533881444 6.94
695 3.018149333727558 6.95
696 3.022135114954686 6.96
697 3.026120887889065 6.97
698 3.030106658389694 6.98
699 3.034092426711494 6.99
700 3.038078178663443 7
701 3.042063911207074 7.01
702 3.046049666376182 7.02
703 3.050035364754981 7.03
704 3.054021025677266 7.04
705 3.058006705872657 7.05
706 3.06199238907784 7.06
707 3.065977914847911 7.07
708 3.06996334366722 7.08
709 3.073948780894082 7.09
710 3.077934182380356 7.100000000000001
711 3.081919593662204 7.11
712 3.08590494401142 7.12
713 3.089890326011626 7.13
714 3.093875648466545 7.140000000000001
715 3.097861050889485 7.15
716 3.101846367436199 7.16
717 3.10583180662413 7.17
718 3.109817260942313 7.18
719 3.113802734374673 7.19
720 3.117788173635675 7.2
721 3.121773426398787 7.21
722 3.125758613984096 7.22
723 3.129744117771538 7.23
724 3.133729273750357 7.24
725 3.137714828426981 7.25
726 3.141700403265193 7.26
727 3.145686000527656 7.27
728 3.149671571082037 7.28
729 3.153657150318697 7.29
730 3.157642765253376 7.3
731 3.161628365345122 7.31
732 3.165613982675245 7.32
733 3.169599594694545 7.33
734 3.173585175339826 7.34
735 3.177571497941843 7.350000000000001
736 3.181557349389624 7.36
737 3.185542967869101 7.37
738 3.189528604328858 7.38
739 3.193514569061127 7.390000000000001
740 3.197500836997499 7.4
741 3.20148702115412 7.41
742 3.205473370002982 7.42
743 3.209460259072491 7.43
744 3.213446001855117 7.44
745 3.217431586613325 7.45
746 3.221417214142576 7.46
747 3.225402854281299 7.47
748 3.229388349765337 7.48
749 3.233373926223005 7.49
750 3.237359436183872 7.5
751 3.241344936837952 7.51
752 3.245330430650376 7.52
753 3.249315916474465 7.53
754 3.253302084840128 7.54
755 3.257287323719702 7.55
756 3.261272725924654 7.56
757 3.265258064270274 7.57
758 3.269243451653169 7.58
759 3.273228735745089 7.59
760 3.277214128821685 7.600000000000001
761 3.281199443278634 7.61
762 3.285184849182673 7.62
763 3.289170234528666 7.63
764 3.293155468055223 7.640000000000001
765 3.297140195074662 7.65
766 3.301124730268244 7.66
767 3.305109762826293 7.67
768 3.309094264641734 7.68
769 3.313079065857067 7.69
770 3.317063869586327 7.7
771 3.32104865032986 7.71
772 3.325033599682634 7.72
773 3.329019277814593 7.73
774 3.333004636885548 7.74
775 3.336989828560217 7.75
776 3.340974813259554 7.76
777 3.344961609083406 7.77
778 3.348946784180519 7.78
779 3.352931255319118 7.79
780 3.356917932460908 7.8
781 3.360901592711119 7.81
782 3.36488646788934 7.82
783 3.368871415076664 7.83
784 3.372857049179952 7.84
785 3.376842798465967 7.850000000000001
786 3.380828622665911 7.86
787 3.384814121036938 7.87
788 3.388800001503015 7.88
789 3.392784707442121 7.890000000000001
790 3.396769515037774 7.9
791 3.400755172951483 7.91
792 3.404740236827357 7.92
793 3.408725959804399 7.930000000000001
794 3.412710893757517 7.94
795 3.416696177826422 7.95
796 3.42068145042316 7.96
797 3.424666709641792 7.97
798 3.428651969831335 7.98
799 3.432637214890791 7.99
800 3.436622473808284 8
801 3.440607734565279 8.01
802 3.444592999160141 8.02
803 3.448578251620702 8.029999999999999
804 3.452563482288926 8.040000000000001
805 3.456548599950744 8.050000000000001
806 3.460533814538284 8.06
807 3.464518922194548 8.07
808 3.468504128664203 8.08
809 3.472489209597462 8.09
810 3.476474287719332 8.1
811 3.480459493304488 8.109999999999999
812 3.484444694285735 8.120000000000001
813 3.488429910550638 8.130000000000001
814 3.492415108887106 8.140000000000001
815 3.496400283968528 8.15
816 3.500385407280139 8.16
817 3.50437056348555 8.17
818 3.508355683873547 8.18
819 3.512340807275601 8.19
820 3.51632591912875 8.199999999999999
821 3.520311041738883 8.210000000000001
822 3.524296000203801 8.220000000000001
823 3.528280934891267 8.23
824 3.532265646392216 8.24
825 3.536250526880295 8.25
826 3.540235629127741 8.26
827 3.544220856364436 8.27
828 3.548205502468193 8.279999999999999
829 3.552190365628561 8.290000000000001
830 3.556176411907033 8.300000000000001
831 3.560161532644671 8.31
832 3.564146650942642 8.32
833 3.568131742500937 8.33
834 3.572116857214867 8.34
835 3.57610185728926 8.35
836 3.580087424165058 8.359999999999999
837 3.584072492256124 8.370000000000001
838 3.58805758227916 8.380000000000001
839 3.592042445504976 8.390000000000001
840 3.59602600712189 8.4
841 3.600009831345703 8.41
842 3.603994885356175 8.42
843 3.607979761157362 8.43
844 3.61196473842856 8.44
845 3.615949089834938 8.449999999999999
846 3.619937935280748 8.460000000000001
847 3.62392632117051 8.470000000000001
848 3.627908128242455 8.48
849 3.63189559349872 8.49
850 3.635880503186459 8.5
851 3.639869577221081 8.51
852 3.643852660553274 8.52
853 3.647836926415555 8.529999999999999
854 3.65182622279836 8.540000000000001
855 3.655811225649297 8.550000000000001
856 3.659796205849509 8.56
857 3.663781228812899 8.57
858 3.667771054902462 8.58
859 3.67175604138319 8.59
860 3.67573834056359 8.6
861 3.679726082931928 8.609999999999999
862 3.683713621589495 8.620000000000001
863 3.687696051530885 8.630000000000001
864 3.691678747910786 8.640000000000001
865 3.695662068343288 8.65
866 3.699645538463271 8.66
867 3.703628317259075 8.67
868 3.707611283010047 8.68
869 3.711594871282648 8.69
870 3.715577599411208 8.700000000000001
871 3.71956016243902 8.710000000000001
872 3.723544269206178 8.720000000000001
873 3.727528270067858 8.73
874 3.731512372364268 8.74
875 3.735498382627866 8.75
876 3.739482081966821 8.76
877 3.743468261973022 8.77
878 3.747453349486603 8.779999999999999
879 3.751438023253704 8.790000000000001
880 3.755423896740426 8.800000000000001
881 3.759407751657168 8.81
882 3.76339310473363 8.82
883 3.767376986218814 8.83
884 3.771362476375174 8.84
885 3.775346563595144 8.85
886 3.779331415129549 8.859999999999999
887 3.783316282771805 8.870000000000001
888 3.78730117151078 8.880000000000001
889 3.791286014615009 8.890000000000001
890 3.795270874406403 8.9
891 3.799255718702864 8.91
892 3.803240718158734 8.92
893 3.807225571112448 8.93
894 3.811210426117101 8.94
895 3.815195274871609 8.950000000000001
896 3.819180106143068 8.960000000000001
897 3.82316495382367 8.970000000000001
898 3.827149796782473 8.98
899 3.831134635581186 8.99
900 3.835119468725143 9
901 3.839104309040498 9.01
902 3.843089142273005 9.02
903 3.847073968342305 9.029999999999999
904 3.851058788599748 9.040000000000001
905 3.855043640979302 9.050000000000001
906 3.859028451889873 9.06
907 3.863013263376847 9.07
908 3.866998060579905 9.08
909 3.870982851974776 9.09
910 3.874967634345742 9.1
911 3.878952411448699 9.109999999999999
912 3.882937181373368 9.120000000000001
913 3.886921940252326 9.130000000000001
914 3.890906710496426 9.140000000000001
915 3.894891460723353 9.15
916 3.898876226734203 9.16
917 3.90286106337659 9.17
918 3.906845813642417 9.18
919 3.910830553748041 9.19
920 3.914815276222341 9.200000000000001
921 3.918800003748831 9.210000000000001
922 3.922784723916229 9.220000000000001
923 3.926769434951087 9.23
924 3.930754119864781 9.24
925 3.934738819679198 9.25
926 3.938723509775047 9.26
927 3.94270818518752 9.27
928 3.946692863597406 9.279999999999999
929 3.950677557317787 9.290000000000001
930 3.954662243427834 9.300000000000001
931 3.958646922702817 9.31
932 3.962631613627793 9.32
933 3.966616297930441 9.33
934 3.970600976725468 9.34
935 3.97458565009446 9.35
936 3.978570329853654 9.359999999999999
937 3.982554990360462 9.370000000000001
938 3.986539645756088 9.380000000000001
939 3.990524292185619 9.390000000000001
940 3.994508949793862 9.4
941 3.998493599610409 9.41
942 4.002478244388635 9.42
943 4.006462881427031 9.43
944 4.010447524721695 9.44
945 4.014432158463721 9.450000000000001
946 4.018416780504655 9.460000000000001
947 4.022401393134688 9.470000000000001
948 4.026386003542824 9.48
949 4.030370664125545 9.49
950 4.034355263103704 9.5
951 4.03833985369476 9.51
952 4.042324455424263 9.52
953 4.046309040069559 9.529999999999999
954 4.050293636130426 9.540000000000001
955 4.054278228455704 9.550000000000001
956 4.05826280064892 9.56
957 4.062247362133329 9.57
958 4.066231916348876 9.58
959 4.070216482980174 9.59
960 4.074201029939617 9.6
961 4.078185597769114 9.609999999999999
962 4.082170151186834 9.620000000000001
963 4.086154696095461 9.630000000000001
964 4.090139212589904 9.640000000000001
965 4.094123715350926 9.65
966 4.098108196143932 9.66
967 4.102092663263118 9.67
968 4.106077166663554 9.68
969 4.110061660237816 9.69
970 4.114046146934257 9.700000000000001
971 4.118030645621935 9.710000000000001
972 4.122015130523065 9.720000000000001
973 4.125999604120237 9.73
974 4.129984068772771 9.74
975 4.13396862903935 9.75
976 4.137953049274987 9.76
977 4.141937509532085 9.77
978 4.145921962984822 9.779999999999999
979 4.149906401976214 9.790000000000001
980 4.153890833529037 9.800000000000001
981 4.157875263326186 9.81
982 4.161859676502059 9.82
983 4.165844694015735 9.83
984 4.169829147685862 9.84
985 4.173813585663813 9.85
986 4.177798005489599 9.859999999999999
987 4.181782421649817 9.870000000000001
988 4.185766818499836 9.880000000000001
989 4.189751220830891 9.890000000000001
990 4.193735607985198 9.9
991 4.197719997555666 9.91
992 4.201704381501145 9.92
993 4.205688761785461 9.93
994 4.209673140401222 9.94
995 4.213657537883629 9.950000000000001
996 4.217641933200694 9.960000000000001
997 4.221626331829873 9.970000000000001
998 4.225610736113318 9.98
999 4.22959509107147 9.99
1000 4.233579528881346 10
1001 4.2375639143755 10.01
1002 4.241548288470743 10.02
1003 4.245532689572727 10.03
1004 4.249517081049925 10.04
1005 4.2535014700464 10.05
1006 4.257485979394549 10.06
1007 4.261470319083562 10.07
1008 4.265454644548075 10.08
1009 4.269439002887198 10.09
1010 4.273423358728365 10.1
1011 4.277407687555115 10.11
1012 4.281391972127482 10.12
1013 4.285376485278733 10.13
1014 4.289361045255117 10.14
1015 4.293345283714043 10.15
1016 4.297329571930904 10.16
1017 4.301313935769834 10.17
1018 4.305298132254285 10.18
1019 4.309282241406287 10.19
1020 4.313266618779551 10.2
1021 4.317251028122744 10.21
1022 4.321235360558585 10.22
1023 4.325219466056641 10.23
1024 4.329204005296571 10.24
1025 4.333188557547897 10.25
1026 4.337172907907795 10.26
1027 4.341157043676306 10.27
1028 4.345141245353412 10.28
1029 4.349125546882751 10.29
1030 4.353109806207645 10.3
1031 4.35709405518825 10.31
1032 4.3610782936173 10.32
1033 4.3650625249931 10.33
1034 4.36904674034874 10.34
1035 4.373030941219509 10.35
1036 4.377015127288924 10.36
1037 4.380999315722239 10.37
1038 4.384983528681662 10.38
1039 4.388967777141836 10.39
1040 4.392952026081636 10.4
1041 4.39693626317416 10.41
1042 4.400920502304535 10.42
1043 4.404904724773306 10.43
1044 4.40888895890793 10.44
1045 4.412873172529126 10.45
1046 4.416857375017144 10.46
1047 4.420841578648929 10.47
1048 4.424825769323255 10.48
1049 4.428809953547612 10.49
1050 4.432794115829582 10.5
1051 4.436778288425471 10.51
1052 4.440762470072579 10.52
1053 4.444746653553933 10.53
1054 4.448730826454063 10.54
1055 4.452714991182374 10.55
1056 4.456699140416597 10.56
1057 4.460683272212965 10.57
1058 4.464667448048059 10.58
1059 4.468651613871184 10.59
1060 4.472635741023724 10.6
1061 4.47661994434673 10.61
1062 4.48060415597603 10.62
1063 4.484588233529851 10.63
1064 4.488572302284363 10.64
1065 4.492556371631631 10.65
1066 4.496540444818137 10.66
1067 4.500524582459955 10.67
1068 4.504508711061275 10.68
1069 4.508492838796629 10.69
1070 4.512476962786692 10.7
1071 4.516461081604081 10.71
1072 4.520445191471989 10.72
1073 4.524429313704212 10.73
1074 4.528413431298478 10.74
1075 4.532397550650609 10.75
1076 4.536381646991007 10.76
1077 4.540365776287308 10.77
1078 4.544349823842019 10.78
1079 4.548333853171796 10.79
1080 4.55231789459547 10.8
1081 4.556301927342355 10.81
1082 4.560285993241535 10.82
1083 4.564270043141134 10.83
1084 4.56825409887105 10.84
1085 4.572238145328264 10.85
1086 4.576222192706365 10.86
1087 4.580206230436709 10.87
1088 4.584190293781116 10.88
1089 4.588174328373868 10.89
1090 4.592158350261983 10.9
1091 4.5961423840126 10.91
1092 4.600126404384437 10.92
1093 4.604110420425291 10.93
1094 4.608094448554025 10.94
1095 4.6120784814291 10.95
1096 4.616062510231171 10.96
1097 4.620046561499283 10.97
1098 4.624030599540089 10.98
1099 4.628014606058993 10.99
1100 4.631998639442624 11
1101 4.635982659426142 11.01
1102 4.639966675511554 11.02
1103 4.643950702484257 11.03
1104 4.647934718938542 11.04
1105 4.651918733960424 11.05
1106 4.655902740300296 11.06
1107 4.659886695912393 11.07
1108 4.66387068867037 11.08
1109 4.667854669984592 11.09
1110 4.671838653540202 11.1
1111 4.675822631910348 11.11
1112 4.679806606500142 11.12
1113 4.683790567761968 11.13
1114 4.687774521685155 11.14
1115 4.691758466061722 11.15
1116 4.695742420976493 11.16
1117 4.699726342822546 11.17
1118 4.70371026499496 11.18
1119 4.707694180917493 11.19
1120 4.71167806821312 11.2
1121 4.715661955110896 11.21
1122 4.719645841661724 11.22
1123 4.723629747560472 11.23
1124 4.727613669225416 11.24
1125 4.731597581761285 11.25
1126 4.735581490787846 11.26
1127 4.739565390047007 11.27
1128 4.74354929994197 11.28
1129 4.747533219887154 11.29
1130 4.751517148570898 11.3
1131 4.755501074398749 11.31
1132 4.759485033268735 11.32
1133 4.76346899237077 11.33
1134 4.767452945550549 11.34
1135 4.771436891220246 11.35
1136 4.77542084704551 11.36
1137 4.779404795427849 11.37
1138 4.783388732624382 11.38
1139 4.787372670052469 11.39
1140 4.79135660143144 11.4
1141 4.795340544442105 11.41
1142 4.799324442276983 11.42
1143 4.803308352051452 11.43
1144 4.807292272831725 11.44
1145 4.811276130315061 11.45
1146 4.8152599932148 11.46
1147 4.81924392463292 11.47
1148 4.823227787446244 11.48
1149 4.827211646247452 11.49
1150 4.831195481406541 11.5
1151 4.835179284426243 11.51
1152 4.839163376171031 11.52
1153 4.843147235961942 11.53
1154 4.847131125854143 11.54
1155 4.851114980865352 11.55
1156 4.855098821423875 11.56
1157 4.859082653536421 11.57
1158 4.863066475277366 11.58
1159 4.867050255945273 11.59
1160 4.871034015111458 11.6
1161 4.875017777377353 11.61
1162 4.879001530352644 11.62
1163 4.882985303221745 11.63
1164 4.886968977972288 11.64
1165 4.890952632209034 11.65
1166 4.894936357622862 11.66
1167 4.898920142055418 11.67
1168 4.902903917894848 11.68
1169 4.906887679986186 11.69
1170 4.910871422771584 11.7
1171 4.914855191002142 11.71
1172 4.918838947442775 11.72
1173 4.922822738259619 11.73
1174 4.926806505928264 11.74
1175 4.930790257318535 11.75
1176 4.93477400156321 11.76
1177 4.938757743467481 11.77
1178 4.942741480667391 11.78
1179 4.946725189697607 11.79
1180 4.950708896361373 11.8
1181 4.954692624577057 11.81
1182 4.958676333847524 11.82
1183 4.9626600483827 11.83
1184 4.966643748003662 11.84
1185 4.970627444345785 11.85
1186 4.974611128449382 11.86
1187 4.978594807105392 11.87
1188 4.982578481290634 11.88
1189 4.98656214845253 11.89
1190 4.990545810324258 11.9
1191 4.994529469401512 11.91
1192 4.998513118497057 11.92
1193 5.002496753936122 11.93
1194 5.006480378090307 11.94
1195 5.010463985751556 11.95
1196 5.014447589888213 11.96
1197 5.01843121176352 11.97
1198 5.022414843206096 11.98
1199 5.026398476069661 11.99
1200 5.030382100034563 12
1201 5.034365718718715 12.01
1202 5.038349328066525 12.02
1203 5.042332936327059 12.03
1204 5.046316541483614 12.04
1205 5.050300128210333 12.05
1206 5.054283726654658 12.06
1207 5.058267309452646 12.07
1208 5.062250878064763 12.08
1209 5.066234454696752 12.09
1210 5.070218026835485 12.1
1211 5.074201599382908 12.11
1212 5.078185185434283 12.12
1213 5.082168751949666 12.13
1214 5.086152312406713 12.14
1215 5.090135858822541 12.15
1216 5.094119399476067 12.16
1217 5.098102949932342 12.17
1218 5.102086498035608 12.18
1219 5.106070040686454 12.19
1220 5.110053579846657 12.2
1221 5.11403710842637 12.21
1222 5.118020666918744 12.22
1223 5.122004219370215 12.23
1224 5.125987778281272 12.24
1225 5.129971312311095 12.25
1226 5.133954760307931 12.26
1227 5.137938014704516 12.27
1228 5.141921637429705 12.28
1229 5.145905159435184 12.29
1230 5.149888653631324 12.3
1231 5.153872131737794 12.31
1232 5.157855614957626 12.32
1233 5.161839123696146 12.33
1234 5.165822701992358 12.34
1235 5.169806170780546 12.35
1236 5.173789632365286 12.36
1237 5.177773098265553 12.37
1238 5.181756536291733 12.38
1239 5.185739993701644 12.39
1240 5.189723456147128 12.4
1241 5.193706912678207 12.41
1242 5.197690365929406 12.42
1243 5.201673812415928 12.43
1244 5.205657255521769 12.44
1245 5.209640690992891 12.45
1246 5.213624106290777 12.46
1247 5.217607553700433 12.47
1248 5.221591000762392 12.48
1249 5.22557443290505 12.49
1250 5.22955786663645 12.5
1251 5.233541295187688 12.51
1252 5.237524780363477 12.52
1253 5.241508234704316 12.53
1254 5.245491662298298 12.54
1255 5.249475084584022 12.55
1256 5.253458497941121 12.56
1257 5.257441902786552 12.57
1258 5.261425300222095 12.58
1259 5.265408691896423 12.59
1260 5.269392073395091 12.6
1261 5.273375448794404 12.61
1262 5.277358816230628 12.62
1263 5.281342171327296 12.63
1264 5.285325518667457 12.64
1265 5.289308853061839 12.65
1266 5.293292176890717 12.66
1267 5.297275517570943 12.67
1268 5.301258841078822 12.68
1269 5.305242156102343 12.69
1270 5.309225457795468 12.7
1271 5.313208750100698 12.71
1272 5.317192050444697 12.72
1273 5.321175348901525 12.73
1274 5.325158655398939 12.74
1275 5.329141947967843 12.75
1276 5.333125242051711 12.76
1277 5.337108525791077 12.77
1278 5.341091814098001 12.78
1279 5.345075132398335 12.79
1280 5.34905845401878 12.8
1281 5.35304179181133 12.81
1282 5.357025073069725 12.82
1283 5.361008359345798 12.83
1284 5.36499163830515 12.84
1285 5.368974921735156 12.85
1286 5.372958202777899 12.86
1287 5.3769414827033 12.87
1288 5.380924778408195 12.88
1289 5.384908096931703 12.89
1290 5.388891354469392 12.9
1291 5.392874615284445 12.91
1292 5.396857880081835 12.92
1293 5.400841134390116 12.93
1294 5.404824377030145 12.94
1295 5.408807610018496 12.95
1296 5.412790852063083 12.96
1297 5.416774082537513 12.97
1298 5.42075730459483 12.98
1299 5.424740533300268 12.99
1300 5.428723748308196 13
1301 5.432706994903542 13.01
1302 5.436690256989118 13.02
1303 5.440673511021074 13.03
1304 5.444656761606161 13.04
1305 5.44864004586351 13.05
1306 5.452623338648728 13.06
1307 5.456606634660229 13.07
1308 5.460589919331707 13.08
1309 5.464573197171361 13.09
1310 5.468556461353753 13.1
1311 5.472539717869865 13.11
1312 5.476522980138657 13.12
1313 5.480506232496177 13.13
1314 5.484489474803981 13.14
1315 5.488472700673458 13.15
1316 5.492455916514688 13.16
1317 5.496439157225747 13.17
1318 5.500422383704725 13.18
1319 5.504405617256876 13.19
1320 5.508388846278513 13.2
1321 5.512372062666342 13.21
1322 5.516355270057575 13.22
1323 5.520338472932156 13.23
1324 5.524321669254292 13.24
1325 5.528304858354971 13.25
1326 5.532288040370417 13.26
1327 5.536271242123847 13.27
1328 5.54025443483142 13.28
1329 5.544237615142517 13.29
1330 5.548220754571132 13.3
1331 5.552204015276216 13.31
1332 5.556187197212978 13.32
1333 5.560170346940572 13.33
1334 5.564153491395596 13.34
1335 5.56813665041325 13.35
1336 5.572119804595191 13.36
1337 5.576102978586878 13.37
1338 5.580086128305762 13.38
1339 5.584069240457355 13.39
1340 5.588052396983745 13.4
1341 5.592035566686719 13.41
1342 5.59601871610074 13.42
1343 5.60000185915583 13.43
1344 5.603984995505385 13.44
1345 5.607968126773514 13.45
1346 5.611951253985337 13.46
1347 5.615934363610361 13.47
1348 5.619917481806308 13.48
1349 5.623900589120676 13.49
1350 5.627883711310457 13.5
1351 5.631866832294348 13.51
1352 5.635849945110557 13.52
1353 5.639833052460181 13.53
1354 5.643816153773572 13.54
1355 5.647799250394551 13.55
1356 5.651782344855519 13.56
1357 5.655765438274448 13.57
1358 5.659748528712571 13.58
1359 5.66373161196395 13.59
1360 5.667714686224221 13.6
1361 5.671697753616942 13.61
1362 5.675680810486015 13.62
1363 5.679663781393936 13.63
1364 5.683646804195101 13.64
1365 5.687629878905293 13.65
1366 5.691612952799453 13.66
1367 5.695596018299472 13.67
1368 5.699579077980926 13.68
1369 5.703562193608917 13.69
1370 5.707545227184607 13.7
1371 5.71152829993589 13.71
1372 5.715511289416353 13.72
1373 5.719494319368803 13.73
1374 5.723477352114389 13.74
1375 5.727460374242305 13.75
1376 5.73144340023327 13.76
1377 5.735426420394414 13.77
1378 5.739409437779376 13.78
1379 5.743392445989161 13.79
1380 5.74737547773361 13.8
1381 5.751358564178017 13.81
1382 5.755341574435699 13.82
1383 5.759324571800616 13.83
1384 5.763307562741487 13.84
1385 5.76729054077969 13.85
1386 5.771273526755466 13.86
1387 5.775256526611535 13.87
1388 5.779239528326197 13.88
1389 5.783222515917589 13.89
1390 5.787205499743409 13.9
1391 5.791188481843111 13.91
1392 5.795171446687875 13.92
1393 5.799154418783642 13.93
1394 5.803137389391496 13.94
1395 5.807120351242417 13.95
1396 5.811103301765188 13.96
1397 5.815086239912331 13.97
1398 5.819069187987944 13.98
1399 5.823052110812283 13.99
1400 5.827035061633214 14
1401 5.831018004876178 14.01
1402 5.835000912613937 14.02
1403 5.83898383873573 14.03
1404 5.842966776688023 14.04
1405 5.846949716939425 14.05
1406 5.85093266440664 14.06
1407 5.854915604958201 14.07
1408 5.858898539811809 14.08
1409 5.862881468770395 14.09
1410 5.866864391002141 14.1
1411 5.870847306764094 14.11
1412 5.874830215365611 14.12
1413 5.878813119420613 14.13
1414 5.882796015081054 14.14
1415 5.886778901960493 14.15
1416 5.890761779554774 14.16
1417 5.894744652007068 14.17
1418 5.898727515295207 14.18
1419 5.902710357741786 14.19
1420 5.906693205272645 14.2
1421 5.910676061194946 14.21
1422 5.914658922731713 14.22
1423 5.918641750421156 14.23
1424 5.922624644623938 14.24
1425 5.926607532973809 14.25
1426 5.93059041299442 14.26
1427 5.93457328613899 14.27
1428 5.938556148770997 14.28
1429 5.94253902949721 14.29
1430 5.946521923994784 14.3
1431 5.950504786279005 14.31
1432 5.954487641761572 14.32
1433 5.958470503999082 14.33
1434 5.96245336061096 14.34
1435 5.966436211994192 14.35
1436 5.970419060707428 14.36
1437 5.974401908241294 14.37
1438 5.978384759609935 14.38
1439 5.982367592414164 14.39
1440 5.986350419864614 14.4
1441 5.990333242077003 14.41
1442 5.994316057802214 14.42
1443 5.998298867089731 14.43
1444 6.002281670369304 14.44
1445 6.006264466974141 14.45
1446 6.010247257396427 14.46
1447 6.014230045035752 14.47
1448 6.018212846868712 14.48
1449 6.022195636755115 14.49
1450 6.026178419467519 14.5
1451 6.030161213295685 14.51
1452 6.034144000227695 14.52
1453 6.0381267826294 14.53
1454 6.042109557944777 14.54
1455 6.04609232525539 14.55
1456 6.050075111266719 14.56
1457 6.05405789003324 14.57
1458 6.058040662596356 14.58
1459 6.062023421970371 14.59
1460 6.066006168965234 14.6
1461 6.069988913365429 14.61
1462 6.073971648406083 14.62
1463 6.077954388560949 14.63
1464 6.081937137345975 14.64
1465 6.085919887204699 14.65
1466 6.089902645083304 14.66
1467 6.093885397745021 14.67
1468 6.097868147553503 14.68
1469 6.101850903341349 14.69
1470 6.105833645376538 14.7
1471 6.109816380133677 14.71
1472 6.113799110600657 14.72
1473 6.117781831325575 14.73
1474 6.121764544782565 14.74
1475 6.125747270098107 14.75
1476 6.129729990209661 14.76
1477 6.133712706032082 14.77
1478 6.13769541518983 14.78
1479 6.141678118323178 14.79
1480 6.145660819782917 14.8
1481 6.14964351068697 14.81
1482 6.153626193669923 14.82
1483 6.157608868725071 14.83
1484 6.161591537906683 14.84
1485 6.165574198170495 14.85
1486 6.169556871888053 14.86
1487 6.173539536022977 14.87
1488 6.17752219492756 14.88
1489 6.181504867270418 14.89
1490 6.185487535385633 14.9
1491 6.18947021884647 14.91
1492 6.193452900046931 14.92
1493 6.197435575024667 14.93
1494 6.201418240937376 14.94
1495 6.205400899379032 14.95
1496 6.209383550325072 14.96
1497 6.213366192566599 14.97
1498 6.21734885964424 14.98
1499 6.221331507554561 14.99
1500 6.225314152140436 15
1501 6.229296786197009 15.01
1502 6.233279415173077 15.02
1503 6.237262059043906 15.03
1504 6.241244697464641 15.04
1505 6.245227330267732 15.05
1506 6.249209956018023 15.06
1507 6.253192575006427 15.07
1508 6.257175189048658 15.08
1509 6.261157797481257 15.09
1510 6.265140404087659 15.1
1511 6.269123006305477 15.11
1512 6.273105604790956 15.12
1513 6.277088195545875 15.13
1514 6.281070776513241 15.14
1515 6.285053355920234 15.15
1516 6.289035924524481 15.16
1517 6.293018493729177 15.17
1518 6.297001055594132 15.18
1519 6.300983605147392 15.19
1520 6.304966145870729 15.2
1521 6.308948699919069 15.21
1522 6.312931248656522 15.22
1523 6.316913806185565 15.23
1524 6.320896381463723 15.24
1525 6.324878951693785 15.25
1526 6.328861512613364 15.26
1527 6.332844070680014 15.27
1528 6.336826623511978 15.28
1529 6.340809167402282 15.29
1530 6.344791709601484 15.3
1531 6.348774274550405 15.31
1532 6.35275681286556 15.32
1533 6.356739347354527 15.33
1534 6.360721866814365 15.34
1535 6.364704401089843 15.35
1536 6.368686910861009 15.36
1537 6.37266939129737 15.37
1538 6.376651880796656 15.38
1539 6.380634369572543 15.39
1540 6.384616824785958 15.4
1541 6.388599289252449 15.41
1542 6.392581775118153 15.42
1543 6.396564254901937 15.43
1544 6.400546723913514 15.44
1545 6.404529208540231 15.45
1546 6.408511688686444 15.46
1547 6.412494172831473 15.47
1548 6.416476649453656 15.48
1549 6.420459121652948 15.49
1550 6.42444158229795 15.5
1551 6.428424033021687 15.51
1552 6.432406474765921 15.52
1553 6.436388918136629 15.53
1554 6.440371355135799 15.54
1555 6.444353806311887 15.55
1556 6.448336251522555 15.56
1557 6.452318674971 15.57
1558 6.456301109490481 15.58
1559 6.46028353485522 15.59
1560 6.464265945582286 15.6
1561 6.468248345402904 15.61
1562 6.472230751530551 15.62
1563 6.476213164029521 15.63
1564 6.480195566701667 15.64
1565 6.484177962560816 15.65
1566 6.48816035106292 15.66
1567 6.492142719790694 15.67
1568 6.496125145378191 15.68
1569 6.500107607819078 15.69
1570 6.504090040993889 15.7
1571 6.508072467502945 15.71
1572 6.512054894988579 15.72
1573 6.516037310270217 15.73
1574 6.520019723928634 15.74
1575 6.524002130172022 15.75
1576 6.527984542697032 15.76
1577 6.531966952151027 15.77
1578 6.53594935638513 15.78
1579 6.53993175322612 15.79
1580 6.543914142530253 15.8
1581 6.547896527307687 15.81
1582 6.551878903086333 15.82
1583 6.555861271954742 15.83
1584 6.559843630654789 15.84
1585 6.563825972871281 15.85
1586 6.567808309173035 15.86
1587 6.571790643794757 15.87
1588 6.575772982871233 15.88
1589 6.579755335807421 15.89
1590 6.583737684642637 15.9
1591 6.587720024156615 15.91
1592 6.591702352843717 15.92
1593 6.595684691196849 15.93
1594 6.599667021675883 15.94
1595 6.603649346474208 15.95
1596 6.607631680048898 15.96
1597 6.611613997878672 15.97
1598 6.615596320064486 15.98
1599 6.619578629236226 15.99
1600 6.623560929839301 16
1601 6.627543216897989 16.01
1602 6.631525513038249 16.02
1603 6.635507815207013 16.03
1604 6.639490112198382 16.04
1605 6.643472403300487 16.05
1606 6.647454687880781 16.06
1607 6.651436968039288 16.07
1608 6.655419260733163 16.08
1609 6.659401547367998 16.09
1610 6.663383827815743 16.1
1611 6.667366107076977 16.11
1612 6.671348384802318 16.12
1613 6.675330644273264 16.13
1614 6.679312895689154 16.14
1615 6.68329513657608 16.15
1616 6.687277365491425 16.16
1617 6.691259610474587 16.17
1618 6.695241845454111 16.18
1619 6.699224069918947 16.19
1620 6.703206275762907 16.2
1621 6.707188462545554 16.21
1622 6.711170610176321 16.22
1623 6.715152823875481 16.23
1624 6.719135030938635 16.24
1625 6.723117252494956 16.25
1626 6.727099463645403 16.26
1627 6.731081668513132 16.27
1628 6.735063889387564 16.28
1629 6.739046108362586 16.29
1630 6.74302831960528 16.3
1631 6.747010519450114 16.31
1632 6.750992756226495 16.32
1633 6.754974986200619 16.33
1634 6.758957205074553 16.34
1635 6.762939429866402 16.35
1636 6.76692164635154 16.36
1637 6.770903856765305 16.37
1638 6.774886076050041 16.38
1639 6.778868287064951 16.39
1640 6.782850479136306 16.4
1641 6.78683268333434 16.41
1642 6.790814922031785 16.42
1643 6.794797096245892 16.43
1644 6.798779265497524 16.44
1645 6.802761424602622 16.45
1646 6.80674355738281 16.46
1647 6.81072570190906 16.47
1648 6.814707875309192 16.48
1649 6.818690031929393 16.49
1650 6.822672171229104 16.5
1651 6.82665430963735 16.51
1652 6.830636422213935 16.52
1653 6.834618577739955 16.53
1654 6.838600721049058 16.54
1655 6.842582887458399 16.55
1656 6.846565046807023 16.56
1657 6.850547203068126 16.57
1658 6.854529352279274 16.58
1659 6.858511495484292 16.59
1660 6.862493629107506 16.6
1661 6.866475754930496 16.61
1662 6.87045787294378 16.62
1663 6.874439981288258 16.63
1664 6.878422088993707 16.64
1665 6.882404187380388 16.65
1666 6.886386298142039 16.66
1667 6.890368451162304 16.67
1668 6.894350599009796 16.68
1669 6.898332744964536 16.69
1670 6.902314879292597 16.7
1671 6.90629700725026 16.71
1672 6.910279128168888 16.72
1673 6.914261239249113 16.73
1674 6.918243347357807 16.74
1675 6.922225435182068 16.75
1676 6.926207518708505 16.76
1677 6.930189593377821 16.77
1678 6.934171678119664 16.78
1679 6.938153752448549 16.79
1680 6.94213581630383 16.8
1681 6.946117871624802 16.81
1682 6.950099908316716 16.82
1683 6.954081954365205 16.83
1684 6.958063989598856 16.84
1685 6.962046059060635 16.85
1686 6.966028140875769 16.86
1687 6.970010226607344 16.87
1688 6.973992311732705 16.88
1689 6.977974386018363 16.89
1690 6.981956453696115 16.9
1691 6.985938522658762 16.91
1692 6.989920582324686 16.92
1693 6.993902646346546 16.93
1694 6.997884707747317 16.94
1695 7.001866763803646 16.95
1696 7.005848816628416 16.96
1697 7.00983086515947 16.97
1698 7.013812923711729 16.98
1699 7.017794964603476 16.99
1700 7.021776998107033 17
1701 7.025759029840714 17.01
1702 7.029741054255694 17.02
1703 7.033723070955922 17.03
1704 7.0377050815361 17.04
1705 7.041687099308295 17.05
1706 7.045669117614066 17.06
1707 7.049651129588293 17.07
1708 7.053633134196399 17.08
1709 7.057615129568255 17.09
1710 7.061597115286244 17.1
1711 7.065579109705056 17.11
1712 7.069561080551573 17.12
1713 7.073543059272607 17.13
1714 7.077525029912196 17.14
1715 7.081506991458164 17.15
1716 7.085488967819868 17.16
1717 7.089470936979603 17.17
1718 7.093452925868198 17.18
1719 7.097434910014266 17.19
1720 7.101416889164026 17.2
1721 7.105398863460768 17.21
1722 7.109380832918826 17.22
1723 7.113362797350709 17.23
1724 7.117344757679466 17.24
1725 7.121326710732434 17.25
1726 7.125308656809087 17.26
1727 7.129290609884605 17.27
1728 7.133272555300611 17.28
1729 7.137254505947299 17.29
1730 7.141236437281214 17.3
1731 7.145218348084254 17.31
1732 7.149200250368167 17.32
1733 7.153182174801874 17.33
1734 7.157164093781605 17.34
1735 7.161146007928776 17.35
1736 7.165127915644353 17.36
1737 7.169109816851942 17.37
1738 7.173091712909146 17.38
1739 7.177073622413055 17.39
1740 7.181055525900093 17.4
1741 7.185037424131287 17.41
1742 7.189019315117623 17.42
1743 7.193001196856408 17.43
1744 7.196983066281017 17.44
1745 7.200964951970607 17.45
1746 7.204946858602347 17.46
1747 7.208928752541741 17.47
1748 7.212910641161874 17.48
1749 7.216892520093317 17.49
1750 7.220874405126764 17.5
1751 7.224856283595006 17.51
1752 7.228838156834131 17.52
1753 7.232820020332793 17.53
1754 7.236801880504177 17.54
1755 7.240783727050508 17.55
1756 7.244765548911909 17.56
1757 7.248747405321767 17.57
1758 7.252729274142657 17.58
1759 7.256711116207766 17.59
1760 7.2606929704261 17.6
1761 7.264674835763188 17.61
1762 7.268656703119285 17.62
1763 7.272638560849277 17.63
1764 7.276620414109765 17.64
1765 7.28060226651063 17.65
1766 7.284584104382542 17.66
1767 7.288565932769768 17.67
1768 7.292547751032945 17.68
1769 7.296529558158952 17.69
1770 7.300511355603581 17.7
1771 7.304493143407612 17.71
1772 7.308474921292749 17.72
1773 7.312456715178151 17.73
1774 7.316438499490205 17.74
1775 7.320420276439493 17.75
1776 7.324402064033983 17.76
1777 7.328383827118247 17.77
1778 7.332365610269686 17.78
1779 7.336347388361087 17.79
1780 7.340329167741198 17.8
1781 7.344310952744581 17.81
1782 7.348292733088757 17.82
1783 7.352274505043852 17.83
1784 7.356256270500797 17.84
1785 7.360238030005146 17.85
1786 7.364219791313615 17.86
1787 7.368201584929166 17.87
1788 7.37218336523847 17.88
1789 7.376165121795484 17.89
1790 7.380146873284081 17.9
1791 7.384128623500218 17.91
1792 7.388110339621711 17.92
1793 7.392092062907604 17.93
1794 7.396073775263734 17.94
1795 7.400055475043859 17.95
1796 7.404037148891607 17.96
1797 7.408018851752933 17.97
1798 7.412000547741602 17.98
1799 7.415982227329189 17.99
1800 7.4199639324105 18
1801 7.423945646007345 18.01
1802 7.427927351440887 18.02
1803 7.431909066553146 18.03
1804 7.435890779020377 18.04
1805 7.439872480177558 18.05
1806 7.443854172896328 18.06
1807 7.447835852530744 18.07
1808 7.451817520382372 18.08
1809 7.455799210399348 18.09
1810 7.45978089263961 18.1
1811 7.463762717455385 18.11
1812 7.467744363870769 18.12
1813 7.471726007774572 18.13
1814 7.475707644799108 18.14
1815 7.479689298986348 18.15
1816 7.483670974872307 18.16
1817 7.487652619677773 18.17
1818 7.491634288592422 18.18
1819 7.495615932157913 18.19
1820 7.499597560061693 18.2
1821 7.503579290024471 18.21
1822 7.507561063861273 18.22
1823 7.511542785878184 18.23
1824 7.515524554324424 18.24
1825 7.519506270783742 18.25
1826 7.523488179083378 18.26
1827 7.527469899962026 18.27
1828 7.531451577951072 18.28
1829 7.535433293646478 18.29
1830 7.539415041471067 18.3
1831 7.543396739406941 18.31
1832 7.547378401146775 18.32
1833 7.551360144271606 18.33
1834 7.555341749298313 18.34
1835 7.559323332545132 18.35
1836 7.563304943820242 18.36
1837 7.567286549055932 18.37
1838 7.57126818937646 18.38
1839 7.575249827322 18.39
1840 7.579231478443127 18.4
1841 7.58321313507366 18.41
1842 7.587194760675405 18.42
1843 7.591176372834105 18.43
1844 7.595157969160707 18.44
1845 7.599139554364746 18.45
1846 7.603121157349356 18.46
1847 7.60710275303639 18.47
1848 7.611084341943616 18.48
1849 7.615065925480412 18.49
1850 7.619047499640343 18.5
1851 7.623029087949026 18.51
1852 7.627010683159811 18.52
1853 7.630992273768192 18.53
1854 7.634973857957499 18.54
1855 7.638955438543907 18.55
1856 7.642937009225273 18.56
1857 7.646918575281093 18.57
1858 7.650900129684976 18.58
1859 7.654881677123609 18.59
1860 7.658863220700457 18.6
1861 7.66284477150942 18.61
1862 7.666826313943457 18.62
1863 7.670807850689357 18.63
1864 7.674789381555103 18.64
1865 7.678770904806363 18.65
1866 7.682752469410939 18.66
1867 7.686734029712368 18.67
1868 7.690715584764458 18.68
1869 7.694697137522903 18.69
1870 7.69867868567113 18.7
1871 7.702660230949864 18.71
1872 7.706641778465157 18.72
1873 7.710623309238648 18.73
1874 7.714604831496965 18.74
1875 7.718586347778077 18.75
1876 7.722567858200236 18.76
1877 7.726549362078861 18.77
1878 7.730530852291887 18.78
1879 7.73451234220305 18.79
1880 7.738493848048535 18.8
1881 7.742475342099601 18.81
1882 7.746456825692337 18.82
1883 7.750438319347245 18.83
1884 7.754419805748289 18.84
1885 7.758401288862713 18.85
1886 7.762382767741059 18.86
1887 7.766364239986325 18.87
1888 7.770345710962207 18.88
1889 7.774327200717895 18.89
1890 7.778308676919332 18.9
1891 7.782290146803774 18.91
1892 7.786271612639171 18.92
1893 7.790253078891143 18.93
1894 7.794234522606526 18.94
1895 7.798215964999944 18.95
1896 7.802197401047627 18.96
1897 7.806178859692903 18.97
1898 7.810160313838468 18.98
1899 7.814141762720661 18.99
1900 7.818123205313422 19
1901 7.822104642027366 19.01
1902 7.82608607414888 19.02
1903 7.830067498480653 19.03
1904 7.834048918751116 19.04
1905 7.83803033202276 19.05
1906 7.842011737162849 19.06
1907 7.845993135892181 19.07
1908 7.849974562871764 19.08
1909 7.85395598670557 19.09
1910 7.857937426802802 19.1
1911 7.861918875987567 19.11
1912 7.865900321044442 19.12
1913 7.869881759812774 19.13
1914 7.873863211826331 19.14
1915 7.877844659260468 19.15
1916 7.881826101958868 19.16
1917 7.885807541107503 19.17
1918 7.889788970839732 19.18
1919 7.893770399915995 19.19
1920 7.89775181819857 19.2
1921 7.901733238158281 19.21
1922 7.905714654892145 19.22
1923 7.909696059271393 19.23
1924 7.913677509880678 19.24
1925 7.917658903133526 19.25
1926 7.92164027854801 19.26
1927 7.925621673360752 19.27
1928 7.929603059517883 19.28
1929 7.933584436711859 19.29
1930 7.937565826963843 19.3
1931 7.941547208008652 19.31
1932 7.945528567102246 19.32
1933 7.949509940350881 19.33
1934 7.95349130367968 19.34
1935 7.957472658477159 19.35
1936 7.961453997439422 19.36
1937 7.965435339288829 19.37
1938 7.969416673196399 19.38
1939 7.973397999057946 19.39
1940 7.977379347772327 19.4
1941 7.981360776647322 19.41
1942 7.985342090072351 19.42
1943 7.989323429843189 19.43
1944 7.993304755279117 19.44
1945 7.997286077416211 19.45
1946 8.001267382669472 19.46
1947 8.005248689676439 19.47
1948 8.009229979220033 19.48
1949 8.013211288573338 19.49
1950 8.017192590668268 19.5
1951 8.021173886648725 19.51
1952 8.025155209419964 19.52
1953 8.029136515347977 19.53
1954 8.033117817828771 19.54
1955 8.037099113329282 19.55
1956 8.041080402965047 19.56
1957 8.045061686603523 19.57
1958 8.049042963744331 19.58
1959 8.053024237704578 19.59
1960 8.057005500895409 19.6
1961 8.060986790095514 19.61
1962 8.06496807492956 19.62
1963 8.068949353000299 19.63
1964 8.072930623580532 19.64
1965 8.076911886906499 19.65
1966 8.080893146540776 19.66
1967 8.08487442402661 19.67
1968 8.088855684973984 19.68
1969 8.092836963745343 19.69
1970 8.09681823488334 19.7
1971 8.100799514513941 19.71
1972 8.104780761621914 19.72
1973 8.108762016249971 19.73
1974 8.112743262465573 19.74
1975 8.116724515239087 19.75
1976 8.120705771489639 19.76
1977 8.124687024778044 19.77
1978 8.128668277973969 19.78
1979 8.132649527390235 19.79
1980 8.136630764396656 19.8
1981 8.14061199807794 19.81
1982 8.144593217427371 19.82
1983 8.148574431375225 19.83
1984 8.152555638252302 19.84
1985 8.156536856903889 19.85
1986 8.160518061921184 19.86
1987 8.164499259388931 19.87
1988 8.168480463874111 19.88
1989 8.172461663684144 19.89
1990 8.1764428587674 19.9
1991 8.180424047692293 19.91
1992 8.184405232134955 19.92
1993 8.18838643276241 19.93
1994 8.192367628319602 19.94
1995 8.196348823285676 19.95
1996 8.200330015235487 19.96
1997 8.204311195977253 19.97
1998 8.208292371161914 19.98
1999 8.212273542063334 19.99
2000 8.21625470803191 20
2001 8.220235868681216 20.01
2002 8.224217023568722 20.02
2003 8.228198172749838 20.03
2004 8.232179314887825 20.04
2005 8.236160447975779 20.05
2006 8.24014157346055 20.06
2007 8.244122689934724 20.07
2008 8.248103795841841 20.08
2009 8.252084890563275 20.09
2010 8.256066002877846 20.1
2011 8.260047107511019 20.11
2012 8.264028223691298 20.12
2013 8.268009355833147 20.13
2014 8.271990499647519 20.14
2015 8.275971624128355 20.15
2016 8.279952743106724 20.16
2017 8.283933843197048 20.17
2018 8.287914946766984 20.18
2019 8.291896041823312 20.19
2020 8.295877141430449 20.2
2021 8.299858232560105 20.21
2022 8.303839326652195 20.22
2023 8.307820423746367 20.23
2024 8.311801511981033 20.24
2025 8.315782610809137 20.25
2026 8.319763703430439 20.26
2027 8.323744786554109 20.27
2028 8.327725865431178 20.28
2029 8.331706938459549 20.29
2030 8.335688005474431 20.3
2031 8.339669087788408 20.31
2032 8.34365016286994 20.32
2033 8.347631232294535 20.33
2034 8.351612298515279 20.34
2035 8.35559335551484 20.35
2036 8.359574409663582 20.36
2037 8.363555467714312 20.37
2038 8.367536517472125 20.38
2039 8.371517583006883 20.39
2040 8.375498639042508 20.4
2041 8.37947968854421 20.41
2042 8.38346073132408 20.42
2043 8.387441767095845 20.43
2044 8.391422796234478 20.44
2045 8.395403810672949 20.45
2046 8.399384813787242 20.46
2047 8.40336580774169 20.47
2048 8.407346804970015 20.48
2049 8.411327789828587 20.49
2050 8.415308808322166 20.5
2051 8.419289819201014 20.51
2052 8.423270824839063 20.52
2053 8.427251850345838 20.53
2054 8.431232886506402 20.54
2055 8.435213916174007 20.55
2056 8.439194924948083 20.56
2057 8.44317592750722 20.57
2058 8.447156941643492 20.58
2059 8.45113798259387 20.59
2060 8.4551190322361 20.6
2061 8.4591000736228 20.61
2062 8.463081108532577 20.62
2063 8.46706213441318 20.63
2064 8.471043147803785 20.64
2065 8.475024169005653 20.65
2066 8.479005196272912 20.66
2067 8.482986215163146 20.67
2068 8.486967235125254 20.68
2069 8.490948257130015 20.69
2070 8.494929271721841 20.7
2071 8.49891028957523 20.71
2072 8.502891300405349 20.72
2073 8.506872304216321 20.73
2074 8.510853298999674 20.74
2075 8.514834285020939 20.75
2076 8.518815258144929 20.76
2077 8.522796245702004 20.77
2078 8.526777223262197 20.78
2079 8.5307581930795 20.79
2080 8.534739150910248 20.8
2081 8.538720098294165 20.81
2082 8.542701036335552 20.82
2083 8.546681989159756 20.83
2084 8.550662933765212 20.84
2085 8.554643868865634 20.85
2086 8.558624819507163 20.86
2087 8.562605779396122 20.87
2088 8.566586751115043 20.88
2089 8.570567719017467 20.89
2090 8.574548657046375 20.9
2091 8.578529629888537 20.91
2092 8.582510598034448 20.92
2093 8.586491565256306 20.93
2094 8.590472522328847 20.94
2095 8.59445348024847 20.95
2096 8.598434427579676 20.96
2097 8.602415372338678 20.97
2098 8.606396335233082 20.98
2099 8.610377268613423 20.99
2100 8.614358196283259 21
2101 8.618339112519676 21.01
2102 8.622320026620788 21.02
2103 8.626300934124906 21.03
2104 8.630281837126173 21.04
2105 8.634262734323389 21.05
2106 8.638243624191142 21.06
2107 8.642224507793086 21.07
2108 8.646205421316839 21.08
2109 8.650186326524278 21.09
2110 8.654167222751809 21.1
2111 8.658148104765479 21.11
2112 8.662128990889265 21.12
2113 8.666109874038828 21.13
2114 8.67009075134094 21.14
2115 8.674071621053429 21.15
2116 8.67805248336505 21.16
2117 8.682033360688104 21.17
2118 8.686014236111179 21.18
2119 8.689995102896722 21.19
2120 8.693975966036096 21.2
2121 8.697956820754305 21.21
2122 8.701937668295304 21.22
2123 8.705918524798653 21.23
2124 8.709899370438629 21.24
2125 8.713880237853248 21.25
2126 8.717861057867539 21.26
2127 8.721841876289647 21.27
2128 8.725822685220669 21.28
2129 8.729803490301306 21.29
2130 8.733784298294033 21.3
2131 8.737765089296129 21.31
2132 8.741745873155972 21.32
2133 8.745726647411782 21.33
2134 8.749707446115128 21.34
2135 8.753688257321814 21.35
2136 8.75766906276643 21.36
2137 8.761649861824367 21.37
2138 8.765630654229243 21.38
2139 8.769611445163068 21.39
2140 8.773592226009127 21.4
2141 8.777572996192511 21.41
2142 8.781553758897022 21.42
2143 8.785534516517961 21.43
2144 8.789515264501638 21.44
2145 8.793496006896708 21.45
2146 8.797476739975883 21.46
2147 8.801457468573826 21.47
2148 8.80543818736767 21.48
2149 8.809418899123559 21.49
2150 8.813399597862212 21.5
2151 8.817380289321127 21.51
2152 8.821360972489463 21.52
2153 8.825341645148345 21.53
2154 8.829322308975422 21.54
2155 8.833302964920534 21.55
2156 8.837283611094813 21.56
2157 8.841264247949221 21.57
2158 8.845244875370478 21.58
2159 8.849225496007156 21.59
2160 8.853206124770781 21.6
2161 8.857186746382421 21.61
2162 8.861167353025829 21.62
2163 8.865147942479275 21.63
2164 8.86912854130666 21.64
2165 8.873109186507779 21.65
2166 8.877089816984828 21.66
2167 8.881070492944563 21.67
2168 8.885051178759927 21.68
2169 8.889031819998049 21.69
2170 8.893012393774134 21.7
2171 8.896993164114377 21.71
2172 8.900974185487163 21.72
2173 8.904954750028745 21.73
2174 8.908935455771591 21.74
2175 8.912916147502463 21.75
2176 8.916896876300619 21.76
2177 8.920877596905113 21.77
2178 8.924858308033857 21.78
2179 8.928839011194535 21.79
2180 8.932819707972287 21.8
2181 8.936800391439771 21.81
2182 8.94078110393064 21.82
2183 8.944761813194447 21.83
2184 8.948742720168871 21.84
2185 8.952723420687928 21.85
2186 8.9567041012413 21.86
2187 8.960684772840896 21.87
2188 8.964665596750761 21.88
2189 8.968644570654863 21.89
2190 8.972625267816394 21.9
2191 8.976605954212143 21.91
2192 8.980586636359096 21.92
2193 8.984567318811507 21.93
2194 8.988547976202295 21.94
2195 8.992528625379213 21.95
2196 8.996509272489382 21.96
2197 9.00048992610507 21.97
2198 9.004470578720857 21.98
2199 9.008451236933368 21.99
2200 9.012431886968805 22
2201 9.01641252141474 22.01
2202 9.020393194072069 22.02
2203 9.02437386868549 22.03
2204 9.028354562600891 22.04
2205 9.032335216037852 22.05
2206 9.036315866312997 22.06
2207 9.040296511678124 22.07
2208 9.044277153088363 22.08
2209 9.048257794367203 22.09
2210 9.052238442466543 22.1
2211 9.056219105524338 22.11
2212 9.060199723002968 22.12
2213 9.064180367792941 22.13
2214 9.068161016606654 22.14
2215 9.072141661343114 22.15
2216 9.076122303493035 22.16
2217 9.080102945076238 22.17
2218 9.084083582556914 22.18
2219 9.088064215086774 22.19
2220 9.092044837062517 22.2
2221 9.096025458511164 22.21
2222 9.100006068914475 22.22
2223 9.103986668286197 22.23
2224 9.107967263930396 22.24
2225 9.111947852403066 22.25
2226 9.11592842997036 22.26
2227 9.119909000385684 22.27
2228 9.12388959110031 22.28
2229 9.127870174213164 22.29
2230 9.131850748428473 22.3
2231 9.135831312483024 22.31
2232 9.139811855910365 22.32
2233 9.143792380703172 22.33
2234 9.147772913382811 22.34
2235 9.151753483759054 22.35
2236 9.155734048984277 22.36
2237 9.159714607120634 22.37
2238 9.16369515819714 22.38
2239 9.167675701227655 22.39
2240 9.171656254963544 22.4
2241 9.175636829417913 22.41
2242 9.179617390828989 22.42
2243 9.183597962530538 22.43
2244 9.187578526466858 22.44
2245 9.191559082715463 22.45
2246 9.195539629744061 22.46
2247 9.199520170267689 22.47
2248 9.203500707407398 22.48
2249 9.207481261803151 22.49
2250 9.211461811943431 22.5
2251 9.215442285387883 22.51
2252 9.219422852166929 22.52
2253 9.223403392726874 22.53
2254 9.227384008615942 22.54
2255 9.231364693873608 22.55
2256 9.235345376672017 22.56
2257 9.239326164795356 22.57
2258 9.243307007590078 22.58
2259 9.247287590185692 22.59
2260 9.251268126460028 22.6
2261 9.255248651134497 22.61
2262 9.259229175948228 22.62
2263 9.263209665251967 22.63
2264 9.267190163500365 22.64
2265 9.271170653806625 22.65
2266 9.275151149754373 22.66
2267 9.279131640156708 22.67
2268 9.28311211670464 22.68
2269 9.287092586376716 22.69
2270 9.291073071457884 22.7
2271 9.295053549608008 22.71
2272 9.299033994535296 22.72
2273 9.3030144309259 22.73
2274 9.306994861563478 22.74
2275 9.310975264999859 22.75
2276 9.31495566137253 22.76
2277 9.318936089137853 22.77
2278 9.322916480663242 22.78
2279 9.326896919095038 22.79
2280 9.33087734606219 22.8
2281 9.33485776214695 22.81
2282 9.338838156808603 22.82
2283 9.342818574408652 22.83
2284 9.346798991805288 22.84
2285 9.350779401007667 22.85
2286 9.354759759293447 22.86
2287 9.358740121449834 22.87
2288 9.362720521834961 22.88
2289 9.366700922720222 22.89
2290 9.370681344866769 22.9
2291 9.374661809229867 22.91
2292 9.378642144762734 22.92
2293 9.382622523415668 22.93
2294 9.386602914702616 22.94
2295 9.390583286079401 22.95
2296 9.394563653170009 22.96
2297 9.398543968635851 22.97
2298 9.40252425901641 22.98
2299 9.406504493454134 22.99
2300 9.410484784290716 23
2301 9.41446504872903 23.01
2302 9.418445425179742 23.02
2303 9.422425734623737 23.03
2304 9.426406106984151 23.04
2305 9.430386533017305 23.05
2306 9.434366997262886 23.06
2307 9.438347501156361 23.07
2308 9.442328008499429 23.08
2309 9.446308538369006 23.09
2310 9.450289044384743 23.1
2311 9.454269552127124 23.11
2312 9.458250078717723 23.12
2313 9.462230612267915 23.13
2314 9.466211125158644 23.14
2315 9.470191626673099 23.15
2316 9.474172107779038 23.16
2317 9.478152580078259 23.17
2318 9.482132995039802 23.18
2319 9.486113405101987 23.19
2320 9.490093802817412 23.2
2321 9.494074214882367 23.21
2322 9.498054619229027 23.22
2323 9.502035019273869 23.23
2324 9.506015415013698 23.24
2325 9.509995825013871 23.25
2326 9.513976212616912 23.26
2327 9.517956613649357 23.27
2328 9.521936993128941 23.28
2329 9.525917367666898 23.29
2330 9.529897736198473 23.3
2331 9.533878100519086 23.31
2332 9.537858459905237 23.32
2333 9.541838813620998 23.33
2334 9.5458191623975 23.34
2335 9.54979950613259 23.35
2336 9.55377984395647 23.36
2337 9.557760177042676 23.37
2338 9.56174050722667 23.38
2339 9.565720831329868 23.39
2340 9.569701165327363 23.4
2341 9.573681530780556 23.41
2342 9.577661871164555 23.42
2343 9.581642201802518 23.43
2344 9.585622570646281 23.44
2345 9.58960292069608 23.45
2346 9.593583272048106 23.46
2347 9.597563635846393 23.47
2348 9.60154399152384 23.48
2349 9.60552434320741 23.49
2350 9.609504706220545 23.5
2351 9.613485040419977 23.51
2352 9.617465350784686 23.52
2353 9.621445690641522 23.53
2354 9.625426005905704 23.54
2355 9.629406315782873 23.55
2356 9.633386647644315 23.56
2357 9.637367008778641 23.57
2358 9.641347322136541 23.58
2359 9.645327629806371 23.59
2360 9.649307930770725 23.6
2361 9.653288223113824 23.61
2362 9.657268525740005 23.62
2363 9.661248821655636 23.63
2364 9.665229119375045 23.64
2365 9.669209425487358 23.65
2366 9.673189727554512 23.66
2367 9.677170019574628 23.67
2368 9.681150301943633 23.68
2369 9.685130574942722 23.69
2370 9.689110857931526 23.7
2371 9.693091110880159 23.71
2372 9.697071355088701 23.72
2373 9.701051587750673 23.73
2374 9.705031811356122 23.74
2375 9.70901202545009 23.75
2376 9.712992227839781 23.76
2377 9.716972453211115 23.77
2378 9.720952671446081 23.78
2379 9.724932926520953 23.79
2380 9.728913178557406 23.8
2381 9.732893420976815 23.81
2382 9.73687365723379 23.82
2383 9.740853888606328 23.83
2384 9.744834115493303 23.84
2385 9.748814330921956 23.85
2386 9.75279454065935 23.86
2387 9.756774743408759 23.87
2388 9.760754929765213 23.88
2389 9.76473511107951 23.89
2390 9.76871528843343 23.9
2391 9.772695450522701 23.91
2392 9.776675631781725 23.92
2393 9.780655827344322 23.93
2394 9.78463602324388 23.94
2395 9.788616215306526 23.95
2396 9.792596422825381 23.96
2397 9.796576589988781 23.97
2398 9.80055688798423 23.98
2399 9.804537230858024 23.99
2400 9.808517489638882 24
2401 9.812497700393717 24.01
2402 9.816477911784046 24.02
2403 9.820458140796273 24.03
2404 9.82443837609657 24.04
2405 9.828418576946135 24.05
2406 9.832398780720847 24.06
2407 9.836378974602379 24.07
2408 9.840359157513074 24.08
2409 9.844339352203871 24.09
2410 9.848319536699556 24.1
2411 9.852299727879911 24.11
2412 9.856279897945495 24.12
2413 9.860260042200647 24.13
2414 9.864240168403766 24.14
2415 9.868220300677633 24.15
2416 9.872200414135545 24.16
2417 9.876180515576984 24.17
2418 9.880160609338684 24.18
2419 9.884140682653875 24.19
2420 9.88812075709 24.2
2421 9.892100780382656 24.21
2422 9.896080847376002 24.22
2423 9.900060923912717 24.23
2424 9.904040993494739 24.24
2425 9.908021054948225 24.25
2426 9.912001104301599 24.26
2427 9.915981164899375 24.27
2428 9.91996116011283 24.28
2429 9.923941146274029 24.29
2430 9.927921152522142 24.3
2431 9.931901170812397 24.31
2432 9.935881190526182 24.32
2433 9.939861193019336 24.33
2434 9.943841187999817 24.34
2435 9.94782119105912 24.35
2436 9.951801210778017 24.36
2437 9.95578125112468 24.37
2438 9.959761337249251 24.38
2439 9.963741401648138 24.39
2440 9.967721474335246 24.4
2441 9.971701542525564 24.41
2442 9.975681601356214 24.42
2443 9.979661700337365 24.43
2444 9.983641791517289 24.44
2445 9.987621866688139 24.45
2446 9.99160195329703 24.46
2447 9.995582030062275 24.47
2448 9.999562097308914 24.48
2449 10.00354215291734 24.49
2450 10.00752222172041 24.5
2451 10.01150226203823 24.51
2452 10.01548229408673 24.52
2453 10.01946232750877 24.53
2454 10.02344236243147 24.54
2455 10.02742236962725 24.55
2456 10.03140236646329 24.56
2457 10.03538234790864 24.57
2458 10.03936234178216 24.58
2459 10.04334232824926 24.59
2460 10.0473223067975 24.6
2461 10.05130236655297 24.61
2462 10.05528242606667 24.62
2463 10.05926248283112 24.63
2464 10.0632425257287 24.64
2465 10.06722256492615 24.65
2466 10.07120261123354 24.66
2467 10.07518267889146 24.67
2468 10.07916276783459 24.68
2469 10.08314283585819 24.69
2470 10.08712290295498 24.7
2471 10.09110296805848 24.71
2472 10.09508305336924 24.72
2473 10.09906314826378 24.73
2474 10.10304325386483 24.74
2475 10.10702333153823 24.75
2476 10.11100341432107 24.76
2477 10.11498345002236 24.77
2478 10.11896352475418 24.78
2479 10.12294356671456 24.79
2480 10.12692361452368 24.8
2481 10.13090350158923 24.81
2482 10.13488362695428 24.82
2483 10.1388637219088 24.83
2484 10.14284378106349 24.84
2485 10.14682393023462 24.85
2486 10.15080406258051 24.86
2487 10.1547841418608 24.87
2488 10.1587641086 24.88
2489 10.16274406945028 24.89
2490 10.16672401967865 24.9
2491 10.17070396665204 24.91
2492 10.17468390481053 24.92
2493 10.17866383500691 24.93
2494 10.18264375793623 24.94
2495 10.18662367949156 24.95
2496 10.19060362533696 24.96
2497 10.19458355565139 24.97
2498 10.19856350253166 24.98
2499 10.20254344536736 24.99
2500 10.20652340214301 25
2501 10.21050335423979 25.01
2502 10.21448329720742 25.02
2503 10.21846323340623 25.03
2504 10.22244317649026 25.04
2505 10.22642310662772 25.05
2506 10.23040302061752 25.06
2507 10.23438297116791 25.07
2508 10.23836293210715 25.08
2509 10.24234289636646 25.09
2510 10.24632285804202 25.1
2511 10.25030282318562 25.11
2512 10.25428281138238 25.12
2513 10.25826279846583 25.13
2514 10.26224278757678 25.14
2515 10.26622271528883 25.15
2516 10.27020263880321 25.16
2517 10.27418255573038 25.17
2518 10.27816246577016 25.18
2519 10.28214241140893 25.19
2520 10.2861223264713 25.2
2521 10.29010223667922 25.21
2522 10.29408214850268 25.22
2523 10.29806204785619 25.23
2524 10.30204194072466 25.24
2525 10.30602182619138 25.25
2526 10.3100017473412 25.26
2527 10.31398167227829 25.27
2528 10.31796158044366 25.28
2529 10.32194148230042 25.29
2530 10.32592137746125 25.3
2531 10.32990126579774 25.31
2532 10.33388114559516 25.32
2533 10.3378610451982 25.33
2534 10.34184093830979 25.34
2535 10.34582082536559 25.35
2536 10.34980070523056 25.36
2537 10.35378057872307 25.37
2538 10.35776044596833 25.38
2539 10.36174030678642 25.39
2540 10.36572016092371 25.4
2541 10.36970000734921 25.41
2542 10.3736798443142 25.42
2543 10.37765966812812 25.43
2544 10.38163950396904 25.44
2545 10.38561932982799 25.45
2546 10.38959917064558 25.46
2547 10.39357904276309 25.47
2548 10.39755893094411 25.48
2549 10.40153881590854 25.49
2550 10.40551872110079 25.5
2551 10.40949859372191 25.51
2552 10.41347845357543 25.52
2553 10.41745833274837 25.53
2554 10.42143821031761 25.54
2555 10.42541808489425 25.55
2556 10.42939795665643 25.56
2557 10.43337782643756 25.57
2558 10.43735769239068 25.58
2559 10.44133755691374 25.59
2560 10.44531743847673 25.6
2561 10.4492973092722 25.61
2562 10.45327716327525 25.62
2563 10.45725701401046 25.63
2564 10.46123686190226 25.64
2565 10.46521670592273 25.65
2566 10.4691965434664 25.66
2567 10.47317637542375 25.67
2568 10.4771562016236 25.68
2569 10.48113602105154 25.69
2570 10.48511583359107 25.7
2571 10.48909563877298 25.71
2572 10.49307543601596 25.72
2573 10.49705522340405 25.73
2574 10.50103499496445 25.74
2575 10.50501476655316 25.75
2576 10.50899455967907 25.76
2577 10.51297437365461 25.77
2578 10.51695418104588 25.78
2579 10.52093398441614 25.79
2580 10.52491378246027 25.8
2581 10.52889360373777 25.81
2582 10.53287341946905 25.82
2583 10.53685323105353 25.83
2584 10.54083303857126 25.84
2585 10.54481285124394 25.85
2586 10.54879265365891 25.86
2587 10.55277245488507 25.87
2588 10.55675226279547 25.88
2589 10.56073206507055 25.89
2590 10.56471186067331 25.9
2591 10.56869164242235 25.91
2592 10.57267143939958 25.92
2593 10.57665123252146 25.93
2594 10.58063102413493 25.94
2595 10.58461080691856 25.95
2596 10.58859058452212 25.96
2597 10.59257038612122 25.97
2598 10.59655018396442 25.98
2599 10.60052997724732 25.99
2600 10.60450976571104 26
2601 10.60848954919943 26.01
2602 10.6124693289864 26.02
2603 10.61644911680736 26.03
2604 10.6204288998823 26.04
2605 10.6244086798541 26.05
2606 10.6283884566175 26.06
2607 10.6323682272177 26.07
2608 10.63634799286502 26.08
2609 10.64032777620081 26.09
2610 10.64430753232493 26.1
2611 10.64828728404113 26.11
2612 10.652267033262 26.12
2613 10.65624677547535 26.13
2614 10.6602265135189 26.14
2615 10.66420624704292 26.15
2616 10.66818597696957 26.16
2617 10.6721657064511 26.17
2618 10.67614543513296 26.18
2619 10.68012518320486 26.19
2620 10.68410486053962 26.2
2621 10.68808453607396 26.21
2622 10.69206420933638 26.22
2623 10.69604388184062 26.23
2624 10.70002355078474 26.24
2625 10.70400321602705 26.25
2626 10.70798287481668 26.26
2627 10.71196250900095 26.27
2628 10.71594213949714 26.28
2629 10.71992176179446 26.29
2630 10.72390137328863 26.3
2631 10.72788102985068 26.31
2632 10.73186068216548 26.32
2633 10.73584032614226 26.33
2634 10.73981996794046 26.34
2635 10.74379960228574 26.35
2636 10.74777923276576 26.36
2637 10.75175885316573 26.37
2638 10.75573846743634 26.38
2639 10.75971806750128 26.39
2640 10.76369765832608 26.4
2641 10.76767726745448 26.41
2642 10.77165687697152 26.42
2643 10.77563651807288 26.43
2644 10.77961615496002 26.44
2645 10.78359578777989 26.45
2646 10.7875754143343 26.46
2647 10.79155503997628 26.47
2648 10.7955346665905 26.48
2649 10.79951428250333 26.49
2650 10.80349391567497 26.5
2651 10.80747354515005 26.51
2652 10.81145317042843 26.52
2653 10.81543279418617 26.53
2654 10.81941241181161 26.54
2655 10.82339202423463 26.55
2656 10.82737162942732 26.56
2657 10.831351228606 26.57
2658 10.83533082009289 26.58
2659 10.83931040590764 26.59
2660 10.84328997673203 26.6
2661 10.84726955529998 26.61
2662 10.85124912240361 26.62
2663 10.85522866505996 26.63
2664 10.85920820914841 26.64
2665 10.86318777607298 26.65
2666 10.86716733607058 26.66
2667 10.87114691624399 26.67
2668 10.87512648838925 26.68
2669 10.87910605258895 26.69
2670 10.88308561122533 26.7
2671 10.88706516283666 26.71
2672 10.89104473808847 26.72
2673 10.8950243097317 26.73
2674 10.89900387779776 26.74
2675 10.90298346589086 26.75
2676 10.90696302848824 26.76
2677 10.91094262376504 26.77
2678 10.91492219397972 26.78
2679 10.91890176015271 26.79
2680 10.92288108405029 26.8
2681 10.92686017788757 26.81
2682 10.93083970955433 26.82
2683 10.93481923691157 26.83
2684 10.93879876858298 26.84
2685 10.94277827827879 26.85
2686 10.94675777959413 26.86
2687 10.95073728999047 26.87
2688 10.95471682127779 26.88
2689 10.95869637198872 26.89
2690 10.96267589783862 26.9
2691 10.96665544784516 26.91
2692 10.97063501753776 26.92
2693 10.97461455595028 26.93
2694 10.97859408641514 26.94
2695 10.98257365294393 26.95
2696 10.98655316711208 26.96
2697 10.99053269631748 26.97
2698 10.99451222043362 26.98
2699 10.9984917423687 26.99
2700 11.0024712583006 27
2701 11.0064507697379 27.01
2702 11.01043027630931 27.02
2703 11.01440977748875 27.03
2704 11.0183892736664 27.04
2705 11.02236876047509 27.05
2706 11.02634826449928 27.06
2707 11.03032775412526 27.07
2708 11.0343072574648 27.08
2709 11.03828675664572 27.09
2710 11.0422662514253 27.1
2711 11.04624574180644 27.11
2712 11.0502252276377 27.12
2713 11.05420470784073 27.13
2714 11.05818418222742 27.14
2715 11.06216364502946 27.15
2716 11.06614311964259 27.16
2717 11.07012258999835 27.17
2718 11.07410205633005 27.18
2719 11.07808151753414 27.19
2720 11.08206097467508 27.2
2721 11.08604042707281 27.21
2722 11.0900198769688 27.22
2723 11.0939993198564 27.23
2724 11.09797875828795 27.24
2725 11.10195818807682 27.25
2726 11.10593761138179 27.26
2727 11.10991702102923 27.27
2728 11.11389643111043 27.28
2729 11.11787583168085 27.29
2730 11.12185521096461 27.3
2731 11.12583461392313 27.31
2732 11.12981400954865 27.32
2733 11.13379340798973 27.33
2734 11.13777280668016 27.34
2735 11.14175220351351 27.35
2736 11.14573159245313 27.36
2737 11.14971098776235 27.37
2738 11.15369037909463 27.38
2739 11.15766978760582 27.39
2740 11.16164916455659 27.4
2741 11.16562858588494 27.41
2742 11.16960799904557 27.42
2743 11.17358741054653 27.43
2744 11.17756682262836 27.44
2745 11.18154622569788 27.45
2746 11.18552562406726 27.46
2747 11.18950503401743 27.47
2748 11.19348443895176 27.48
2749 11.19746383792491 27.49
2750 11.20144323342958 27.5
2751 11.20542261695652 27.51
2752 11.20940199555906 27.52
2753 11.2133813910117 27.53
2754 11.21736078109161 27.54
2755 11.22134016499728 27.55
2756 11.22531954539691 27.56
2757 11.22929891926752 27.57
2758 11.23327828594964 27.58
2759 11.23725764518139 27.59
2760 11.24123701991693 27.6
2761 11.24521638209235 27.61
2762 11.24919576346908 27.62
2763 11.25317516430431 27.63
2764 11.25715456077288 27.64
2765 11.26113394823312 27.65
2766 11.26511333268105 27.66
2767 11.26909271152507 27.67
2768 11.27307208478372 27.68
2769 11.27705145352766 27.69
2770 11.2810308168762 27.7
2771 11.28501017081268 27.71
2772 11.28898951699455 27.72
2773 11.2929688520663 27.73
2774 11.29694817997861 27.74
2775 11.30092749100391 27.75
2776 11.30490683546563 27.76
2777 11.30888617649206 27.77
2778 11.31286551312752 27.78
2779 11.31684484520204 27.79
2780 11.32082418718089 27.8
2781 11.32480350932534 27.81
2782 11.32878282594344 27.82
2783 11.33276215009094 27.83
2784 11.33674146543468 27.84
2785 11.34072077817669 27.85
2786 11.34470008228222 27.86
2787 11.34867941293952 27.87
2788 11.3526587635183 27.88
2789 11.35663810658195 27.89
2790 11.36061744744061 27.9
2791 11.36459678537351 27.91
2792 11.36857607881761 27.92
2793 11.37255536297895 27.93
2794 11.37653465076676 27.94
2795 11.38051395821775 27.95
2796 11.3844932598236 27.96
2797 11.38847255344603 27.97
2798 11.392451839094 27.98
2799 11.39643114173569 27.99
2800 11.40041041045358 28
2801 11.40438970117998 28.01
2802 11.40836898819435 28.02
2803 11.41234827056162 28.03
2804 11.41632754434568 28.04
2805 11.42030683690959 28.05
2806 11.42428612413389 28.06
2807 11.42826542381365 28.07
2808 11.43224472162338 28.08
2809 11.43622398698135 28.09
2810 11.44020326690808 28.1
2811 11.44418257124198 28.11
2812 11.44816183978309 28.12
2813 11.45214110378479 28.13
2814 11.456120357538 28.14
2815 11.46009960480489 28.15
2816 11.4640788764662 28.16
2817 11.46805812927875 28.17
2818 11.47203739947626 28.18
2819 11.47601666606479 28.19
2820 11.47999592782202 28.2
2821 11.48397518393167 28.21
2822 11.48795443450351 28.22
2823 11.49193368034658 28.23
2824 11.49591286869732 28.24
2825 11.49989208888904 28.25
2826 11.50387131771822 28.26
2827 11.50785056005407 28.27
2828 11.51182979988234 28.28
2829 11.51580903775249 28.29
2830 11.51978826925027 28.3
2831 11.52376750299253 28.31
2832 11.52774673423031 28.32
2833 11.53172595908337 28.33
2834 11.53570517417272 28.34
2835 11.53968441102736 28.35
2836 11.54366364360014 28.36
2837 11.54764286981876 28.37
2838 11.55162210368583 28.38
2839 11.5556013194232 28.39
2840 11.55958053960664 28.4
2841 11.56355976610974 28.41
2842 11.56753897388116 28.42
2843 11.57151817842493 28.43
2844 11.5754973725956 28.44
2845 11.57947655309464 28.45
2846 11.58345575315358 28.46
2847 11.58743495119263 28.47
2848 11.59141413848153 28.48
2849 11.59539334640887 28.49
2850 11.5993725432754 28.5
2851 11.60335172713063 28.51
2852 11.60733092312143 28.52
2853 11.61131010674313 28.53
2854 11.61528930039529 28.54
2855 11.61926852673471 28.55
2856 11.6232477496347 28.56
2857 11.62722696425588 28.57
2858 11.63120617716314 28.58
2859 11.63518538748391 28.59
2860 11.63916462076315 28.6
2861 11.64314385425618 28.61
2862 11.64712308674793 28.62
2863 11.65110231847256 28.63
2864 11.65508154984582 28.64
2865 11.65906074180532 28.65
2866 11.66303992390242 28.66
2867 11.66701909354546 28.67
2868 11.67099828247305 28.68
2869 11.67497746430421 28.69
2870 11.67895663862248 28.7
2871 11.6829358277775 28.71
2872 11.68691503198442 28.72
2873 11.69089421585621 28.73
2874 11.69487338938736 28.74
2875 11.69885255273502 28.75
2876 11.70283171182426 28.76
2877 11.70681085636768 28.77
2878 11.71078995238838 28.78
2879 11.71476909128024 28.79
2880 11.71874822063594 28.8
2881 11.72272734244532 28.81
2882 11.7267064603519 28.82
2883 11.73068557748744 28.83
2884 11.73466469327515 28.84
2885 11.7386438075217 28.85
2886 11.74262294264136 28.86
2887 11.74660205307326 28.87
2888 11.75058120270261 28.88
2889 11.75456033517532 28.89
2890 11.75853946009819 28.9
2891 11.76251858384174 28.91
2892 11.76649770410424 28.92
2893 11.7704768223202 28.93
2894 11.77445590158365 28.94
2895 11.77843497842677 28.95
2896 11.78241404854739 28.96
2897 11.78639311289126 28.97
2898 11.7903721995665 28.98
2899 11.79435127794605 28.99
2900 11.79833037365353 29
2901 11.80230946285402 29.01
2902 11.80628854896377 29.02
2903 11.81026762632267 29.03
2904 11.81424669974376 29.04
2905 11.81822576803212 29.05
2906 11.8222048548792 29.06
2907 11.82618393721524 29.07
2908 11.83016301489875 29.08
2909 11.83414208766747 29.09
2910 11.83812115522948 29.1
2911 11.84210021732956 29.11
2912 11.8460792799494 29.12
2913 11.85005833087745 29.13
2914 11.85403737427412 29.14
2915 11.85801644150165 29.15
2916 11.86199552253615 29.16
2917 11.86597459399512 29.17
2918 11.86995365461662 29.18
2919 11.87393272962982 29.19
2920 11.87791180056533 29.2
2921 11.88189086095571 29.21
2922 11.88586991727509 29.22
2923 11.88984896871205 29.23
2924 11.89382801314364 29.24
2925 11.89780705084258 29.25
2926 11.901786081072 29.26
2927 11.90576509638976 29.27
2928 11.90974408796627 29.28
2929 11.91372309320949 29.29
2930 11.91770210756213 29.3
2931 11.92168114476945 29.31
2932 11.92566018450623 29.32
2933 11.92963922310836 29.33
2934 11.93361825623189 29.34
2935 11.93759731427379 29.35
2936 11.94157634200828 29.36
2937 11.9455553677976 29.37
2938 11.94953438756196 29.38
2939 11.9535134042125 29.39
2940 11.9574924194795 29.4
2941 11.96147142948679 29.41
2942 11.96545043632016 29.42
2943 11.96942945438121 29.43
2944 11.97340846004326 29.44
2945 11.97738746260208 29.45
2946 11.98136646535389 29.46
2947 11.98534546830853 29.47
2948 11.98932447316184 29.48
2949 11.99330347815038 29.49
2950 11.99728248090617 29.5
2951 12.00126148341862 29.51
2952 12.0052404860415 29.52
2953 12.00921948845384 29.53
2954 12.01319844690358 29.54
2955 12.01717739912162 29.55
2956 12.02115634570453 29.56
2957 12.02513528630526 29.57
2958 12.02911422090476 29.58
2959 12.0330931483565 29.59
2960 12.03707206960136 29.6
2961 12.04105098285335 29.61
2962 12.04502988937172 29.62
2963 12.04900881442996 29.63
2964 12.05298770700039 29.64
2965 12.0569665914117 29.65
2966 12.06094546593274 29.66
2967 12.06492433638312 29.67
2968 12.06890319394011 29.68
2969 12.07288203782591 29.69
2970 12.07686087203019 29.7
2971 12.08083972769252 29.71
2972 12.08481857559562 29.72
2973 12.08879743995353 29.73
2974 12.09277631457963 29.74
2975 12.09675519731008 29.75
2976 12.10073410075363 29.76
2977 12.10471299426832 29.77
2978 12.10869188001298 29.78
2979 12.11267075475957 29.79
2980 12.11664961790265 29.8
2981 12.12062850075815 29.81
2982 12.12460737335949 29.82
2983 12.12858624059028 29.83
2984 12.1325651476641 29.84
2985 12.13654404915823 29.85
2986 12.14052294479762 29.86
2987 12.1445018365623 29.87
2988 12.14848072441894 29.88
2989 12.15245960194869 29.89
2990 12.15643847511205 29.9
2991 12.16041734596518 29.91
2992 12.16439624108488 29.92
2993 12.16837513305314 29.93
2994 12.17235400483385 29.94
2995 12.17633289689546 29.95
2996 12.18031175539601 29.96
2997 12.18429062594254 29.97
2998 12.18826949234716 29.98
2999 12.19224835475489 29.99
3000 12.19622721744017 30
3001 12.20020607325296 30.01
3002 12.20418494294902 30.02
3003 12.20816378682098 30.03
3004 12.21214262922313 30.04
3005 12.21612146910672 30.05
3006 12.22010030525473 30.06
3007 12.2240791631715 30.07
3008 12.22805801406365 30.08
3009 12.23203686581413 30.09
3010 12.23601573218913 30.1
3011 12.23999457027124 30.11
3012 12.24397339935848 30.12
3013 12.24795222988373 30.13
3014 12.2519310536738 30.14
3015 12.2559098761992 30.15
3016 12.25988869449645 30.16
3017 12.26386754561296 30.17
3018 12.26784634278246 30.18
3019 12.27182514230555 30.19
3020 12.27580395803734 30.2
3021 12.27978277391384 30.21
3022 12.28376157917112 30.22
3023 12.28774039813879 30.23
3024 12.29171921098717 30.24
3025 12.29569798577576 30.25
3026 12.29967677320133 30.26
3027 12.3036555564143 30.27
3028 12.30763427812798 30.28
3029 12.31161304824985 30.29
3030 12.31559180625178 30.3
3031 12.31957058386731 30.31
3032 12.32354935091545 30.32
3033 12.32752813224964 30.33
3034 12.33150688831446 30.34
3035 12.33548563858818 30.35
3036 12.33946440238918 30.36
3037 12.34344319268019 30.37
3038 12.34742198193944 30.38
3039 12.35140076303554 30.39
3040 12.35537954009379 30.4
3041 12.35935831209285 30.41
3042 12.3633370786077 30.42
3043 12.36731583891822 30.43
3044 12.37129458594061 30.44
3045 12.3752733456727 30.45
3046 12.37925210011106 30.46
3047 12.38323085004568 30.47
3048 12.38720959424663 30.48
3049 12.39118833308299 30.49
3050 12.39516709035356 30.5
3051 12.39914583811892 30.51
3052 12.40312456254855 30.52
3053 12.40710328040747 30.53
3054 12.41108199287467 30.54
3055 12.4150607008321 30.55
3056 12.41903942638331 30.56
3057 12.42301815496487 30.57
3058 12.42699687091365 30.58
3059 12.43097560758896 30.59
3060 12.43495433667758 30.6
3061 12.43893305937947 30.61
3062 12.44291177913761 30.62
3063 12.44689049954672 30.63
3064 12.45086923554545 30.64
3065 12.45484796590471 30.65
3066 12.45882668654127 30.66
3067 12.4628054246936 30.67
3068 12.46678412536352 30.68
3069 12.47076282541919 30.69
3070 12.47474154862082 30.7
3071 12.47872026651316 30.71
3072 12.482698978531 30.72
3073 12.48667768454594 30.73
3074 12.49065640533867 30.74
3075 12.49463511933095 30.75
3076 12.49861382626537 30.76
3077 12.50259252587603 30.77
3078 12.50657121951484 30.78
3079 12.51054990394405 30.79
3080 12.51452858029901 30.8
3081 12.51850724830666 30.81
3082 12.52248590771928 30.82
3083 12.52646455817978 30.83
3084 12.53044319949589 30.84
3085 12.53442183126162 30.85
3086 12.53840045302417 30.86
3087 12.54237911922439 30.87
3088 12.54635777381175 30.88
3089 12.55033646785057 30.89
3090 12.5543151538455 30.9
3091 12.55829383208767 30.91
3092 12.56227251308258 30.92
3093 12.56625118461571 30.93
3094 12.57022987947146 30.94
3095 12.57420856944766 30.95
3096 12.57818725522692 30.96
3097 12.58216593627732 30.97
3098 12.58614463402922 30.98
3099 12.59012330231769 30.99
3100 12.59410196213028 31
3101 12.59808061030597 31.01
3102 12.60205927324165 31.02
3103 12.60603795442956 31.03
3104 12.61001660529143 31.04
3105 12.61399524655022 31.05
3106 12.61797389500343 31.06
3107 12.6219525190229 31.07
3108 12.62593115767624 31.08
3109 12.6299097890324 31.09
3110 12.6338884577046 31.1
3111 12.63786712034022 31.11
3112 12.64184577675527 31.12
3113 12.64582442698062 31.13
3114 12.64980306914271 31.14
3115 12.65378173303524 31.15
3116 12.65776039328104 31.16
3117 12.66173905130114 31.17
3118 12.66571770591904 31.18
3119 12.66969635462294 31.19
3120 12.67367499829246 31.2
3121 12.67765363686014 31.21
3122 12.68163227464682 31.22
3123 12.68561091734629 31.23
3124 12.68958953990841 31.24
3125 12.69356815661019 31.25
3126 12.69754676713006 31.26
3127 12.70152537289327 31.27
3128 12.70550399833501 31.28
3129 12.70948259851797 31.29
3130 12.71346119552241 31.3
3131 12.71743979052997 31.31
3132 12.72141841423196 31.32
3133 12.72539703707109 31.33
3134 12.72937565885994 31.34
3135 12.73335428150828 31.35
3136 12.73733292778254 31.36
3137 12.74131153846871 31.37
3138 12.74529014187251 31.38
3139 12.74926874706328 31.39
3140 12.75324735045654 31.4
3141 12.7572259521206 31.41
3142 12.76120455076353 31.42
3143 12.76518315912472 31.43
3144 12.76916174198147 31.44
3145 12.77314031969651 31.45
3146 12.77711890978645 31.46
3147 12.78109747446569 31.47
3148 12.78507603287366 31.48
3149 12.78905458531758 31.49
3150 12.79303316945824 31.5
3151 12.79701174377118 31.51
3152 12.80099030876475 31.52
3153 12.80496891712679 31.53
3154 12.80894749646303 31.54
3155 12.81292607202862 31.55
3156 12.81690464359252 31.56
3157 12.82088321113323 31.57
3158 12.82486177479671 31.58
3159 12.82884033800196 31.59
3160 12.83281889592805 31.6
3161 12.83679747314856 31.61
3162 12.84077602118216 31.62
3163 12.84475456512781 31.63
3164 12.84873310549446 31.64
3165 12.8527116416837 31.65
3166 12.85669017628895 31.66
3167 12.86066870583943 31.67
3168 12.86464722370439 31.68
3169 12.86862573194632 31.69
3170 12.87260423855768 31.7
3171 12.87658274050344 31.71
3172 12.88056123857032 31.72
3173 12.88453977440217 31.73
3174 12.88851830712904 31.74
3175 12.89249684266435 31.75
3176 12.89647536131706 31.76
3177 12.90045388538547 31.77
3178 12.90443240075406 31.78
3179 12.90841091017426 31.79
3180 12.9123894133799 31.8
3181 12.91636791280704 31.81
3182 12.92034640513418 31.82
3183 12.92432489072312 31.83
3184 12.92830339891984 31.84
3185 12.93228190301064 31.85
3186 12.93626040280988 31.86
3187 12.9402388980213 31.87
3188 12.94421739458597 31.88
3189 12.94819588224281 31.89
3190 12.95217436629706 31.9
3191 12.95615284495939 31.91
3192 12.96013133152045 31.92
3193 12.96410983344534 31.93
3194 12.96808830239366 31.94
3195 12.97206677904603 31.95
3196 12.97604527910651 31.96
3197 12.98002370761907 31.97
3198 12.98400212985061 31.98
3199 12.98798057359852 31.99
3200 12.99195904800359 32
3201 12.99593752317839 32.01
3202 12.99991599693992 32.02
3203 13.00389446694095 32.03
3204 13.00787294235546 32.04
3205 13.01185133176357 32.05
3206 13.01582971873718 32.06
3207 13.01980808774352 32.07
3208 13.02378645700628 32.08
3209 13.02776480888419 32.09
3210 13.03174314835413 32.1
3211 13.0357215099566 32.11
3212 13.03969989514221 32.12
3213 13.04367829920601 32.13
3214 13.0476566926229 32.14
3215 13.05163508952417 32.15
3216 13.05561347884819 32.16
3217 13.05959186098715 32.17
3218 13.06357023740469 32.18
3219 13.06754860537349 32.19
3220 13.07152701339007 32.2
3221 13.07550541722355 32.21
3222 13.07948380230488 32.22
3223 13.08346220819875 32.23
3224 13.08744060238382 32.24
3225 13.09141898994607 32.25
3226 13.09539739795721 32.26
3227 13.09937577627534 32.27
3228 13.10335417681388 32.28
3229 13.10733254335543 32.29
3230 13.11131090427791 32.3
3231 13.11528925902387 32.31
3232 13.11926760664085 32.32
3233 13.12324595171551 32.33
3234 13.12722434887312 32.34
3235 13.13120274092671 32.35
3236 13.13518112450596 32.36
3237 13.13915950416655 32.37
3238 13.14313787577977 32.38
3239 13.14711627134 32.39
3240 13.1510946625249 32.4
3241 13.15507304614076 32.41
3242 13.15905142431239 32.42
3243 13.16302979828032 32.43
3244 13.16700816816577 32.44
3245 13.17098653332034 32.45
3246 13.17496489378456 32.46
3247 13.17894324879695 32.47
3248 13.18292160182562 32.48
3249 13.18689994880691 32.49
3250 13.19087829171423 32.5
3251 13.19485662931708 32.51
3252 13.19883496093493 32.52
3253 13.20281328597189 32.53
3254 13.2067916044896 32.54
3255 13.21076990810652 32.55
3256 13.21474819752012 32.56
3257 13.21872648266366 32.57
3258 13.22270476950908 32.58
3259 13.22668304309745 32.59
3260 13.23066133880252 32.6
3261 13.23463961547879 32.61
3262 13.23861788337827 32.62
3263 13.24259617430814 32.63
3264 13.24657445631301 32.64
3265 13.25055273190159 32.65
3266 13.25453104983579 32.66
3267 13.25850936714376 32.67
3268 13.26248767128359 32.68
3269 13.2664659715691 32.69
3270 13.27044429336453 32.7
3271 13.27442260985944 32.71
3272 13.27840095368362 32.72
3273 13.28237931576361 32.73
3274 13.28635765357924 32.74
3275 13.29033598682291 32.75
3276 13.29431430145065 32.76
3277 13.29829262919387 32.77
3278 13.30227089163892 32.78
3279 13.30624914979312 32.79
3280 13.31022740364153 32.8
3281 13.31420567615498 32.81
3282 13.31818394465972 32.82
3283 13.32216220802232 32.83
3284 13.32614046447565 32.84
3285 13.33011871723704 32.85
3286 13.33409696726417 32.86
3287 13.33807520869537 32.87
3288 13.34205342987616 32.88
3289 13.3460316498423 32.89
3290 13.35000986992102 32.9
3291 13.3539880853031 32.91
3292 13.35796630451139 32.92
3293 13.36194451652626 32.93
3294 13.36592272030767 32.94
3295 13.36990091454418 32.95
3296 13.37387909932484 32.96
3297 13.37785729202397 32.97
3298 13.38183547571049 32.98
3299 13.38581368041276 32.99
3300 13.38979184481214 33
3301 13.39376999921477 33.01
3302 13.39774814265143 33.02
3303 13.40172627642115 33.03
3304 13.40570439825657 33.04
3305 13.40968250942952 33.05
3306 13.41366060374934 33.06
3307 13.41763874869843 33.07
3308 13.42161690387374 33.08
3309 13.42559504936386 33.09
3310 13.4295731868422 33.1
3311 13.43355134120386 33.11
3312 13.43752948939646 33.12
3313 13.44150763125353 33.13
3314 13.44548577036984 33.14
3315 13.44946391855429 33.15
3316 13.4534421031471 33.16
3317 13.45742025196309 33.17
3318 13.46139841903533 33.18
3319 13.46537658156448 33.19
3320 13.46935474494379 33.2
3321 13.47333280715165 33.21
3322 13.47731100215097 33.22
3323 13.48128920327001 33.23
3324 13.48526738360033 33.24
3325 13.48924557971047 33.25
3326 13.49322379577647 33.26
3327 13.49720200936629 33.27
3328 13.50118029534362 33.28
3329 13.505158551 33.29
3330 13.50913680476605 33.3
3331 13.51311505856852 33.31
3332 13.51709326491194 33.32
3333 13.52107146584784 33.33
3334 13.52504966162349 33.34
3335 13.52902785215854 33.35
3336 13.53300603769339 33.36
3337 13.53698421783781 33.37
3338 13.54096239841509 33.38
3339 13.5449405761786 33.39
3340 13.54891874626144 33.4
3341 13.55289690991049 33.41
3342 13.55687506773292 33.42
3343 13.56085324717725 33.43
3344 13.5648314222869 33.44
3345 13.56880964134013 33.45
3346 13.57278783447306 33.46
3347 13.57676604759385 33.47
3348 13.5807442610769 33.48
3349 13.5847224699508 33.49
3350 13.58870067533259 33.5
3351 13.59267887269469 33.51
3352 13.59665707114 33.52
3353 13.6006352625285 33.53
3354 13.60461345276581 33.54
3355 13.60859164355966 33.55
3356 13.6125698296725 33.56
3357 13.61654800773859 33.57
3358 13.62052619076115 33.58
3359 13.62450437687946 33.59
3360 13.62848258044523 33.6
3361 13.63246075404681 33.61
3362 13.63643891608129 33.62
3363 13.6404170937586 33.63
3364 13.64439527020024 33.64
3365 13.64837343802484 33.65
3366 13.65235159656891 33.66
3367 13.65632975508946 33.67
3368 13.66030791345269 33.68
3369 13.66428607377316 33.69
3370 13.66826423819041 33.7
3371 13.67224241792554 33.71
3372 13.67622057866442 33.72
3373 13.68019873241999 33.73
3374 13.6841768814239 33.74
3375 13.68815502492654 33.75
3376 13.69213316315681 33.76
3377 13.69611134575808 33.77
3378 13.70008950185341 33.78
3379 13.7040676591092 33.79
3380 13.70804581222201 33.8
3381 13.71202396740207 33.81
3382 13.71600211969875 33.82
3383 13.71998027017338 33.83
3384 13.72395839643433 33.84
3385 13.72793646698784 33.85
3386 13.73191453291598 33.86
3387 13.73589259396209 33.87
3388 13.73987064989435 33.88
3389 13.74384869974578 33.89
3390 13.74782674407911 33.9
3391 13.75180478442816 33.91
3392 13.7557828225598 33.92
3393 13.75976090545156 33.93
3394 13.76373899161185 33.94
3395 13.76771707559302 33.95
3396 13.77169515869902 33.96
3397 13.77567323927844 33.97
3398 13.77965132026999 33.98
3399 13.78362939963492 33.99
3400 13.78760747953763 34
3401 13.79158555782977 34.01
3402 13.79556358659262 34.02
3403 13.79954160851806 34.03
3404 13.80351962603558 34.04
3405 13.80749763979927 34.05
3406 13.81147564790171 34.06
3407 13.81545365133061 34.07
3408 13.81943167417963 34.08
3409 13.82340965913801 34.09
3410 13.82738769006103 34.1
3411 13.83136572520818 34.11
3412 13.83534375421089 34.12
3413 13.83932178006058 34.13
3414 13.8432998041051 34.14
3415 13.84727782153882 34.15
3416 13.85125583222914 34.16
3417 13.85523383334224 34.17
3418 13.85921181068674 34.18
3419 13.86318977822572 34.19
3420 13.86716776780822 34.2
3421 13.87114578522663 34.21
3422 13.87512377696812 34.22
3423 13.87910176216915 34.23
3424 13.88307974210554 34.24
3425 13.88705773000765 34.25
3426 13.89103569730797 34.26
3427 13.89501366043985 34.27
3428 13.89899161885629 34.28
3429 13.90296957979884 34.29
3430 13.90694755007003 34.3
3431 13.91092553712831 34.31
3432 13.91490350225342 34.32
3433 13.91888145693188 34.33
3434 13.92285942478289 34.34
3435 13.92683738158993 34.35
3436 13.93081532612585 34.36
3437 13.93479329286422 34.37
3438 13.9387712557677 34.38
3439 13.94274925109354 34.39
3440 13.94672721563448 34.4
3441 13.95070518588944 34.41
3442 13.95468312670252 34.42
3443 13.95866105874203 34.43
3444 13.96263897988348 34.44
3445 13.96661690754207 34.45
3446 13.97059480175445 34.46
3447 13.97457267027568 34.47
3448 13.97855060221393 34.48
3449 13.98252851074774 34.49
3450 13.9865064081836 34.5
3451 13.99048430065492 34.51
3452 13.99446218882996 34.52
3453 13.99844006778203 34.53
3454 14.00241799427083 34.54
3455 14.00639594147038 34.55
3456 14.01037390437449 34.56
3457 14.01435186342171 34.57
3458 14.01832981482043 34.58
3459 14.02230775917538 34.59
3460 14.02628569964169 34.6
3461 14.03026365174046 34.61
3462 14.03424158035572 34.62
3463 14.0382195059231 34.63
3464 14.04219742708774 34.64
3465 14.04617533624335 34.65
3466 14.05015323815698 34.66
3467 14.05413113863471 34.67
3468 14.05810903022888 34.68
3469 14.06208691794813 34.69
3470 14.06606481486086 34.7
3471 14.07004269983599 34.71
3472 14.0740205755313 34.72
3473 14.07799846197446 34.73
3474 14.08197640390224 34.74
3475 14.08595434562886 34.75
3476 14.0899322745643 34.76
3477 14.09391020301973 34.77
3478 14.09788813784292 34.78
3479 14.10186604494127 34.79
3480 14.10584393877229 34.8
3481 14.1098218199265 34.81
3482 14.11379968803595 34.82
3483 14.11777753481692 34.83
3484 14.12175542132819 34.84
3485 14.12573327872773 34.85
3486 14.12971116827688 34.86
3487 14.13368904850153 34.87
3488 14.13766694396083 34.88
3489 14.14164487454028 34.89
3490 14.14562280879883 34.9
3491 14.14960073679594 34.91
3492 14.15357865970016 34.92
3493 14.15755659554025 34.93
3494 14.16153451126698 34.94
3495 14.16551243503645 34.95
3496 14.16949034637336 34.96
3497 14.17346824633264 34.97
3498 14.17744614232581 34.98
3499 14.18142403512942 34.99
3500 14.18540192375076 35
3501 14.18937980761612 35.01
3502 14.1933576899412 35.02
3503 14.19733558541693 35.03
3504 14.20131349284474 35.04
3505 14.20529140717081 35.05
3506 14.20926930096493 35.06
3507 14.21324721104721 35.07
3508 14.21722508681754 35.08
3509 14.22120295263801 35.09
3510 14.22518080808845 35.1
3511 14.22915865218804 35.11
3512 14.2331364867017 35.12
3513 14.23711430677254 35.13
3514 14.24109211264318 35.14
3515 14.24506994803703 35.15
3516 14.24904776961377 35.16
3517 14.25302561204258 35.17
3518 14.25700344764402 35.18
3519 14.26098130950359 35.19
3520 14.26495912817873 35.2
3521 14.26893694001572 35.21
3522 14.27291473998138 35.22
3523 14.27689256929827 35.23
3524 14.2808703944673 35.24
3525 14.28484821644451 35.25
3526 14.28882603415277 35.26
3527 14.29280380077319 35.27
3528 14.2967815591221 35.28
3529 14.30075933376362 35.29
3530 14.30473711517823 35.3
3531 14.30871490044905 35.31
3532 14.31269277906983 35.32
3533 14.31667065885601 35.33
3534 14.32064854058488 35.34
3535 14.32462642044599 35.35
3536 14.32860429969762 35.36
3537 14.3325821287324 35.37
3538 14.33655995228671 35.38
3539 14.34053777088433 35.39
3540 14.34451558659856 35.4
3541 14.34849339642253 35.41
3542 14.35247120728596 35.42
3543 14.35644900471442 35.43
3544 14.3604267952351 35.44
3545 14.36440457810478 35.45
3546 14.36838239900593 35.46
3547 14.37236022798074 35.47
3548 14.37633810732249 35.48
3549 14.38031585706722 35.49
3550 14.38429374507025 35.5
3551 14.38827152376927 35.51
3552 14.39224933741916 35.52
3553 14.39622712369406 35.53
3554 14.40020489160323 35.54
3555 14.40418264413217 35.55
3556 14.40816041193554 35.56
3557 14.41213814040587 35.57
3558 14.4161158675374 35.58
3559 14.4200935838134 35.59
3560 14.42407136917078 35.6
3561 14.42804915331122 35.61
3562 14.43202695032095 35.62
3563 14.43600476517294 35.63
3564 14.43998258085011 35.64
3565 14.44396037062961 35.65
3566 14.44793815294541 35.66
3567 14.45191593834866 35.67
3568 14.45589372997239 35.68
3569 14.45987147765523 35.69
3570 14.46384919452749 35.7
3571 14.46782679251205 35.71
3572 14.4718044040132 35.72
3573 14.47578208878114 35.73
3574 14.47975973296792 35.74
3575 14.48373743858355 35.75
3576 14.48771494835809 35.76
3577 14.49169262946874 35.77
3578 14.49567043262019 35.78
3579 14.49964820092193 35.79
3580 14.50362589097231 35.8
3581 14.50760365145466 35.81
3582 14.51158139086695 35.82
3583 14.51555913419059 35.83
3584 14.51953686874698 35.84
3585 14.52351462560121 35.85
3586 14.52749237050097 35.86
3587 14.53147012897659 35.87
3588 14.53544789249189 35.88
3589 14.53942561840508 35.89
3590 14.54340333977687 35.9
3591 14.54738105770041 35.91
3592 14.55135906853908 35.92
3593 14.5553367416538 35.93
3594 14.55931449644449 35.94
3595 14.56329211743718 35.95
3596 14.56726979549599 35.96
3597 14.57124749743664 35.97
3598 14.57522516725724 35.98
3599 14.57920292750116 35.99
3600 14.58318064216672 36
3601 14.58715834839058 36.01
3602 14.59113604692471 36.02
3603 14.59511372401043 36.03
3604 14.59909139645203 36.04
3605 14.60306908955198 36.05
3606 14.60704677893997 36.06
3607 14.61102445788874 36.07
3608 14.61500214697178 36.08
3609 14.6189798251099 36.09
3610 14.62295751704669 36.1
3611 14.62693519791376 36.11
3612 14.63091288678105 36.12
3613 14.63489053619603 36.13
3614 14.63886819096005 36.14
3615 14.64284588355429 36.15
3616 14.6468235257129 36.16
3617 14.65080116426107 36.17
3618 14.65477879602047 36.18
3619 14.65875639843511 36.19
3620 14.66273398704577 36.2
3621 14.66671156864289 36.21
3622 14.67068914081198 36.22
3623 14.67466668653902 36.23
3624 14.67864425630525 36.24
3625 14.68262181681019 36.25
3626 14.68659937078632 36.26
3627 14.69057691507548 36.27
3628 14.69455444977428 36.28
3629 14.69853197661236 36.29
3630 14.70250951951853 36.3
3631 14.7064870260209 36.31
3632 14.71046452283967 36.32
3633 14.71444201072539 36.33
3634 14.71841952008749 36.34
3635 14.72239704332285 36.35
3636 14.72637453235999 36.36
3637 14.73035201136178 36.37
3638 14.7343295057754 36.38
3639 14.73830699190384 36.39
3640 14.7422844691197 36.4
3641 14.74626193751076 36.41
3642 14.75023939798142 36.42
3643 14.75421684625634 36.43
3644 14.75819428524606 36.44
3645 14.7621717668494 36.45
3646 14.76614928000545 36.46
3647 14.7701267877497 36.47
3648 14.77410430830736 36.48
3649 14.77808184340421 36.49
3650 14.78205939272636 36.5
3651 14.78603678195961 36.51
3652 14.79001422755218 36.52
3653 14.79399175828567 36.53
3654 14.79796928558837 36.54
3655 14.80194680347892 36.55
3656 14.80592431866923 36.56
3657 14.80990183431673 36.57
3658 14.81387935460399 36.58
3659 14.81785688245927 36.59
3660 14.82183440270282 36.6
3661 14.8258119300657 36.61
3662 14.82978947323497 36.62
3663 14.83376698961322 36.63
3664 14.83774450192836 36.64
3665 14.84172201216909 36.65
3666 14.84569958411238 36.66
3667 14.84967715237149 36.67
3668 14.85365471668375 36.68
3669 14.85763227988325 36.69
3670 14.86160986758165 36.7
3671 14.86558737673792 36.71
3672 14.8695650161502 36.72
3673 14.87354258392902 36.73
3674 14.87752004487848 36.74
3675 14.88149747795461 36.75
3676 14.88547486752917 36.76
3677 14.88945221109471 36.77
3678 14.89342988552747 36.78
3679 14.89740761510357 36.79
3680 14.90138513488549 36.8
3681 14.90536249933884 36.81
3682 14.90934001460411 36.82
3683 14.91331746600331 36.83
3684 14.91729469930942 36.84
3685 14.92127199184328 36.85
3686 14.92524959111272 36.86
3687 14.92922685982691 36.87
3688 14.93320422720756 36.88
3689 14.93718140921762 36.89
3690 14.94115893320048 36.9
3691 14.94513648096883 36.91
3692 14.94911400720334 36.92
3693 14.95309112680611 36.93
3694 14.95706867590471 36.94
3695 14.9610461793617 36.95
3696 14.9650237255819 36.96
3697 14.96900051458901 36.97
3698 14.97297792700466 36.98
3699 14.97695500343761 36.99
3700 14.98093266553408 37
3701 14.98491018681976 37.01
3702 14.9888873236831 37.02
3703 14.99286438127077 37.03
3704 14.99684217044227 37.04
3705 15.00081982663055 37.05
3706 15.0047973758038 37.06
3707 15.00877495100249 37.07
3708 15.01275354740409 37.08
3709 15.01673149413168 37.09
3710 15.02070912700898 37.1
3711 15.02468646403 37.11
3712 15.02866388849017 37.12
3713 15.03264131383032 37.13
3714 15.0366187470468 37.14
3715 15.04059618980297 37.15
3716 15.0445736047201 37.16
3717 15.04855102273324 37.17
3718 15.05252843737508 37.18
3719 15.05650586583829 37.19
3720 15.06048322334591 37.2
3721 15.06446073734498 37.21
3722 15.06843810497311 37.22
3723 15.07241552742402 37.23
3724 15.07639301843815 37.24
3725 15.08037047258513 37.25
3726 15.08434787879388 37.26
3727 15.08832530312229 37.27
3728 15.09230272908438 37.28
3729 15.09628014157397 37.29
3730 15.10025755314484 37.3
3731 15.10423495577539 37.31
3732 15.10821239603639 37.32
3733 15.11218987990204 37.33
3734 15.11616728609072 37.34
3735 15.12014468731406 37.35
3736 15.12412206809526 37.36
3737 15.12809943980749 37.37
3738 15.13207680708775 37.38
3739 15.13605419963933 37.39
3740 15.14003159615361 37.4
3741 15.1440089883539 37.41
3742 15.14798638623473 37.42
3743 15.15196379139516 37.43
3744 15.15594116615855 37.44
3745 15.15991858832809 37.45
3746 15.1638960120192 37.46
3747 15.16787343762126 37.47
3748 15.17185105619808 37.48
3749 15.17582853434078 37.49
3750 15.17980612072209 37.5
3751 15.18378346441407 37.51
3752 15.18776102707628 37.52
3753 15.19173836542604 37.53
3754 15.19571568651047 37.54
3755 15.19969301447968 37.55
3756 15.20367033458054 37.56
3757 15.20764772806508 37.57
3758 15.2116249940854 37.58
3759 15.21560232647728 37.59
3760 15.21957956020104 37.6
3761 15.223556816656 37.61
3762 15.22753411552488 37.62
3763 15.23151138121247 37.63
3764 15.23548893469257 37.64
3765 15.23946636974623 37.65
3766 15.24344379886773 37.66
3767 15.24742121313351 37.67
3768 15.25139858739215 37.68
3769 15.25537597511328 37.69
3770 15.25935335891628 37.7
3771 15.26333072868741 37.71
3772 15.26730809326669 37.72
3773 15.27128545518928 37.73
3774 15.27526281219706 37.74
3775 15.27924019694091 37.75
3776 15.28321758138943 37.76
3777 15.28719492365663 37.77
3778 15.2911722622836 37.78
3779 15.29514959918273 37.79
3780 15.29912693190373 37.8
3781 15.30310429560112 37.81
3782 15.30708165465836 37.82
3783 15.31105901061525 37.83
3784 15.31503636324798 37.84
3785 15.31901370083663 37.85
3786 15.32299106683264 37.86
3787 15.32696844992961 37.87
3788 15.33094582694573 37.88
3789 15.33492323065909 37.89
3790 15.33890063497719 37.9
3791 15.34287802854295 37.91
3792 15.34685543824549 37.92
3793 15.35083283917254 37.93
3794 15.35481020567282 37.94
3795 15.35878756597184 37.95
3796 15.36276491663937 37.96
3797 15.36674225646816 37.97
3798 15.3707196002542 37.98
3799 15.37469693889924 37.99
3800 15.37867426464256 38
3801 15.38265167516553 38.01
3802 15.38662901317424 38.02
3803 15.39060634592848 38.03
3804 15.39458368830211 38.04
3805 15.39856102564855 38.05
3806 15.40253839563547 38.06
3807 15.40651576328437 38.07
3808 15.41049312850626 38.08
3809 15.41447049302409 38.09
3810 15.4184478781512 38.1
3811 15.42242524000067 38.11
3812 15.42640259396865 38.12
3813 15.43037995498091 38.13
3814 15.43435728596519 38.14
3815 15.43833469569607 38.15
3816 15.4423120734463 38.16
3817 15.44628943344748 38.17
3818 15.45026678957941 38.18
3819 15.45424397898856 38.19
3820 15.45822123661578 38.2
3821 15.46219853134519 38.21
3822 15.46617587517747 38.22
3823 15.470153167601 38.23
3824 15.47413048088721 38.24
3825 15.47810773621024 38.25
3826 15.48208509378381 38.26
3827 15.48606238532716 38.27
3828 15.49003967728306 38.28
3829 15.49401696769132 38.29
3830 15.49799425205218 38.3
3831 15.50197157054932 38.31
3832 15.50594888579443 38.32
3833 15.50992623151351 38.33
3834 15.51390360069988 38.34
3835 15.51788096693197 38.35
3836 15.52185833869767 38.36
3837 15.52583569933894 38.37
3838 15.52981305948291 38.38
3839 15.53379041584595 38.39
3840 15.53776777244711 38.4
3841 15.54174512434432 38.41
3842 15.54572247324066 38.42
3843 15.54969981825733 38.43
3844 15.55367716163978 38.44
3845 15.55765448655483 38.45
3846 15.56163179432744 38.46
3847 15.56560907444472 38.47
3848 15.56958635910912 38.48
3849 15.57356370785868 38.49
3850 15.57754103092895 38.5
3851 15.58151835158479 38.51
3852 15.58549561696223 38.52
3853 15.58947286785108 38.53
3854 15.59345011492874 38.54
3855 15.59742735632932 38.55
3856 15.60140461889212 38.56
3857 15.60538184694116 38.57
3858 15.60935907179508 38.58
3859 15.61333629158189 38.59
3860 15.61731350440828 38.6
3861 15.62129070323093 38.61
3862 15.62526789692358 38.62
3863 15.62924508048028 38.63
3864 15.6332222574418 38.64
3865 15.63719942654201 38.65
3866 15.64117659946543 38.66
3867 15.64515376976537 38.67
3868 15.64913093261675 38.68
3869 15.65310808394051 38.69
3870 15.65708522455487 38.7
3871 15.66106239457699 38.71
3872 15.66503957039032 38.72
3873 15.66901673934344 38.73
3874 15.67299389609686 38.74
3875 15.67697107880139 38.75
3876 15.68094826505105 38.76
3877 15.6849254335918 38.77
3878 15.68890262082779 38.78
3879 15.69287981437689 38.79
3880 15.69685632067916 38.8
3881 15.70083345722883 38.81
3882 15.70481057329659 38.82
3883 15.70878770040201 38.83
3884 15.71276484174267 38.84
3885 15.71674195549739 38.85
3886 15.72071908736582 38.86
3887 15.72469618973811 38.87
3888 15.72867331343593 38.88
3889 15.73265040503741 38.89
3890 15.73662749452945 38.9
3891 15.74060451201385 38.91
3892 15.744581584749 38.92
3893 15.74855865087415 38.93
3894 15.75253570909509 38.94
3895 15.7565127571384 38.95
3896 15.76048979867144 38.96
3897 15.76446684715487 38.97
3898 15.76844387291079 38.98
3899 15.77242084195902 38.99
3900 15.77639779951552 39
3901 15.78037478052424 39.01
3902 15.78435174921979 39.02
3903 15.78832875580349 39.03
3904 15.79230579011456 39.04
3905 15.79628281778008 39.05
3906 15.80025984016146 39.06
3907 15.80423689888631 39.07
3908 15.80821398999661 39.08
3909 15.81219107687974 39.09
3910 15.81616816084343 39.1
3911 15.8201452452699 39.11
3912 15.82412238003421 39.12
3913 15.82809947557115 39.13
3914 15.83207655930858 39.14
3915 15.83605366560695 39.15
3916 15.84003072998597 39.16
3917 15.84400779286835 39.17
3918 15.84798485761188 39.18
3919 15.85196156825415 39.19
3920 15.85593933660358 39.2
3921 15.85991673129851 39.21
3922 15.8638937168233 39.22
3923 15.86786967985266 39.23
3924 15.87184686519172 39.24
3925 15.87582404125694 39.25
3926 15.87980085394062 39.26
3927 15.88377799271169 39.27
3928 15.88775501977261 39.28
3929 15.89173205410663 39.29
3930 15.89570910391461 39.3
3931 15.89968637788457 39.31
3932 15.90366355435939 39.32
3933 15.90764061017557 39.33
3934 15.91161764749136 39.34
3935 15.91559463399379 39.35
3936 15.91957163908815 39.36
3937 15.92354863405411 39.37
3938 15.92752560251832 39.38
3939 15.93150257303097 39.39
3940 15.93547952948825 39.4
3941 15.93945631947248 39.41
3942 15.94343353222942 39.42
3943 15.94741032028082 39.43
3944 15.95138720323349 39.44
3945 15.95536408831181 39.45
3946 15.95934102383406 39.46
3947 15.96331807270379 39.47
3948 15.96729494328848 39.48
3949 15.97127156031538 39.49
3950 15.97524855098905 39.5
3951 15.97922555156167 39.51
3952 15.98320252232667 39.52
3953 15.98717877309365 39.53
3954 15.99115577011504 39.54
3955 15.99513277643265 39.55
3956 15.99910977841856 39.56
3957 16.00308675146589 39.57
3958 16.00706372982854 39.58
3959 16.01104068967621 39.59
3960 16.01501763829325 39.6
3961 16.01899457090467 39.61
3962 16.0229715280724 39.62
3963 16.02694847895693 39.63
3964 16.03092541660871 39.64
3965 16.03490237400698 39.65
3966 16.03887930960024 39.66
3967 16.04285623913277 39.67
3968 16.04683317784897 39.68
3969 16.05081010807223 39.69
3970 16.05478705000054 39.7
3971 16.05876398139385 39.71
3972 16.06274090550249 39.72
3973 16.0667178887277 39.73
3974 16.07069487680622 39.74
3975 16.07467187677801 39.75
3976 16.07864888400468 39.76
3977 16.08262589239645 39.77
3978 16.08660289376186 39.78
3979 16.09057988600283 39.79
3980 16.09455686483548 39.8
3981 16.09853386900083 39.81
3982 16.10251081466803 39.82
3983 16.10648776892904 39.83
3984 16.11046477249725 39.84
3985 16.11444175760964 39.85
3986 16.11841871895636 39.86
3987 16.12239568390056 39.87
3988 16.12637265539454 39.88
3989 16.13034962507093 39.89
3990 16.13432658908027 39.9
3991 16.13830354661077 39.91
3992 16.1422805102152 39.92
3993 16.14625746808375 39.93
3994 16.15023442266897 39.94
3995 16.15421137843342 39.95
3996 16.15818828392933 39.96
3997 16.16216518895663 39.97
3998 16.16614208522969 39.98
3999 16.17011897130387 39.99
4000 16.17409584776667 40
4001 16.17807278214151 40.01
4002 16.18204971343087 40.02
4003 16.18602664103908 40.03
4004 16.19000356240173 40.04
4005 16.193980505224 40.05
4006 16.19795746969538 40.06
4007 16.20193443565038 40.07
4008 16.20591136926052 40.08
4009 16.20988829930602 40.09
4010 16.2138652268217 40.1
4011 16.21784215035971 40.11
4012 16.22181906983275 40.12
4013 16.22579598727565 40.13
4014 16.22977290210659 40.14
4015 16.2337498135437 40.15
4016 16.2377267216252 40.16
4017 16.24170362563311 40.17
4018 16.24568053061256 40.18
4019 16.24965742880842 40.19
4020 16.25363435464266 40.2
4021 16.25761124748501 40.21
4022 16.26158815792239 40.22
4023 16.26556503942392 40.23
4024 16.26954191706841 40.24
4025 16.2735187906387 40.25
4026 16.27749567703722 40.26
4027 16.28147255666035 40.27
4028 16.28544943038231 40.28
4029 16.2894263194417 40.29
4030 16.29340318027554 40.3
4031 16.29738003207893 40.31
4032 16.3013568967239 40.32
4033 16.30533374813971 40.33
4034 16.30931058915594 40.34
4035 16.31328741682102 40.35
4036 16.31726427246976 40.36
4037 16.32124111812286 40.37
4038 16.32521795349832 40.38
4039 16.32919480367647 40.39
4040 16.33317164774859 40.4
4041 16.33714850608934 40.41
4042 16.34112536048904 40.42
4043 16.34510223373657 40.43
4044 16.34907910298377 40.44
4045 16.35305597069437 40.45
4046 16.35703283165437 40.46
4047 16.36100969016916 40.47
4048 16.36498654806813 40.48
4049 16.36896340441842 40.49
4050 16.37294025873376 40.5
4051 16.37691710566672 40.51
4052 16.38089399289986 40.52
4053 16.38487088300429 40.53
4054 16.38884776716748 40.54
4055 16.39282464924469 40.55
4056 16.39680152894692 40.56
4057 16.40077839444494 40.57
4058 16.40475529686979 40.58
4059 16.40873217006195 40.59
4060 16.41270904246118 40.6
4061 16.41668591046322 40.61
4062 16.42066277383718 40.62
4063 16.42463963507171 40.63
4064 16.4286164894767 40.64
4065 16.4325932866006 40.65
4066 16.43657008628541 40.66
4067 16.44054686369559 40.67
4068 16.44452358321234 40.68
4069 16.44850035757663 40.69
4070 16.45247716187659 40.7
4071 16.45645397584456 40.71
4072 16.46043071388596 40.72
4073 16.4644075187247 40.73
4074 16.46838428489777 40.74
4075 16.47236105766043 40.75
4076 16.47633783545349 40.76
4077 16.48031460717414 40.77
4078 16.4842913844279 40.78
4079 16.48826816233358 40.79
4080 16.49224493515607 40.8
4081 16.49622170710111 40.81
4082 16.50019847256721 40.82
4083 16.50417526452401 40.83
4084 16.5081520797338 40.84
4085 16.51212884311187 40.85
4086 16.51610562926268 40.86
4087 16.52008241200438 40.87
4088 16.52405916224858 40.88
4089 16.52803591931657 40.89
4090 16.53201269205742 40.9
4091 16.53598947781834 40.91
4092 16.53996625967985 40.92
4093 16.54394302171195 40.93
4094 16.54791976572368 40.94
4095 16.55189650043035 40.95
4096 16.55587320151057 40.96
4097 16.55984989770416 40.97
4098 16.5638265831406 40.98
4099 16.56780327395531 40.99
4100 16.57177996946098 41
4101 16.5757566931167 41.01
4102 16.57973337029211 41.02
4103 16.58371008353114 41.03
4104 16.5876867747477 41.04
4105 16.59166353268023 41.05
4106 16.59564026390063 41.06
4107 16.59961701229124 41.07
4108 16.60359370631664 41.08
4109 16.60757042036079 41.09
4110 16.61154709791912 41.1
4111 16.61552387007831 41.11
4112 16.61950063521004 41.12
4113 16.62347741863254 41.13
4114 16.62745418534615 41.14
4115 16.63143093341772 41.15
4116 16.63540768756591 41.16
4117 16.63938447482547 41.17
4118 16.64336125418335 41.18
4119 16.64733803033539 41.19
4120 16.65131480434245 41.2
4121 16.65529157560469 41.21
4122 16.65926837385042 41.22
4123 16.66324514049576 41.23
4124 16.66722190348815 41.24
4125 16.67119866412598 41.25
4126 16.67517542144581 41.26
4127 16.67915217539335 41.27
4128 16.68312892571529 41.28
4129 16.68710567350551 41.29
4130 16.69108241756288 41.3
4131 16.69505916018381 41.31
4132 16.69903590145569 41.32
4133 16.70301265756011 41.33
4134 16.70698939888882 41.34
4135 16.71096613823708 41.35
4136 16.7149428742559 41.36
4137 16.7189195925894 41.37
4138 16.72289630988202 41.38
4139 16.72687302637724 41.39
4140 16.73084977170159 41.4
4141 16.73482648553003 41.41
4142 16.73880319884879 41.42
4143 16.74277994187563 41.43
4144 16.7467566838829 41.44
4145 16.75073343072061 41.45
4146 16.75471017125336 41.46
4147 16.75868690694726 41.47
4148 16.76266363778016 41.48
4149 16.76664037574619 41.49
4150 16.77061704920336 41.5
4151 16.77459370931741 41.51
4152 16.77857035618744 41.52
4153 16.78254699202009 41.53
4154 16.78652361494576 41.54
4155 16.79050022072578 41.55
4156 16.79447685919556 41.56
4157 16.79845349848233 41.57
4158 16.80243012378953 41.58
4159 16.80640679756678 41.59
4160 16.81038347390757 41.6
4161 16.81436016619441 41.61
4162 16.81833685619192 41.62
4163 16.82231359244934 41.63
4164 16.82629028753496 41.64
4165 16.83026699432538 41.65
4166 16.83424371343717 41.66
4167 16.83822041263833 41.67
4168 16.8421970529255 41.68
4169 16.84617368486079 41.69
4170 16.85015033525173 41.7
4171 16.85412700011979 41.71
4172 16.85810357412225 41.72
4173 16.86208013909488 41.73
4174 16.86605668282393 41.74
4175 16.87003326345542 41.75
4176 16.87400980773805 41.76
4177 16.877986354421 41.77
4178 16.88196289082217 41.78
4179 16.88593940806088 41.79
4180 16.88991592660848 41.8
4181 16.89389242729995 41.81
4182 16.89786894469044 41.82
4183 16.90184544967872 41.83
4184 16.90582194126752 41.84
4185 16.90979845069813 41.85
4186 16.9137749561607 41.86
4187 16.91775156603696 41.87
4188 16.92172817344482 41.88
4189 16.92570472808345 41.89
4190 16.92968126705837 41.9
4191 16.93365780451617 41.91
4192 16.93763437744003 41.92
4193 16.94161094695354 41.93
4194 16.94558751033998 41.94
4195 16.94956406816106 41.95
4196 16.95354064814013 41.96
4197 16.95751722535342 41.97
4198 16.96149380926838 41.98
4199 16.9654703815297 41.99
4200 16.96944694935304 42
4201 16.97342354170491 42.01
4202 16.97740012867786 42.02
4203 16.98137671041403 42.03
4204 16.98535329009876 42.04
4205 16.9893298660605 42.05
4206 16.99330643712072 42.06
4207 16.99728305158536 42.07
4208 17.00125968961724 42.08
4209 17.00523632125244 42.09
4210 17.00921292733566 42.1
4211 17.01318953100674 42.11
4212 17.01716613239931 42.12
4213 17.02114269148538 42.13
4214 17.02511924716226 42.14
4215 17.02909579869778 42.15
4216 17.03307234603009 42.16
4217 17.03704888832539 42.17
4218 17.04102542289397 42.18
4219 17.04500195346547 42.19
4220 17.04897850682476 42.2
4221 17.0529550262526 42.21
4222 17.05693154160386 42.22
4223 17.06090807127443 42.23
4224 17.06488458998786 42.24
4225 17.06886110379451 42.25
4226 17.07283761043021 42.26
4227 17.07681411128715 42.27
4228 17.08079060445683 42.28
4229 17.08476709068897 42.29
4230 17.0887435692738 42.3
4231 17.09272003965059 42.31
4232 17.09669652945782 42.32
4233 17.10067301300894 42.33
4234 17.10464948955689 42.34
4235 17.10862598931907 42.35
4236 17.11260248175043 42.36
4237 17.11657896902332 42.37
4238 17.12055545123027 42.38
4239 17.12453192710914 42.39
4240 17.12850842355904 42.4
4241 17.1324849156995 42.41
4242 17.13646136048365 42.42
4243 17.14043781187999 42.43
4244 17.14441428159993 42.44
4245 17.148390744545 42.45
4246 17.15236720124265 42.46
4247 17.15634365254924 42.47
4248 17.16032009929747 42.48
4249 17.16429654085538 42.49
4250 17.16827297803304 42.5
4251 17.17224943380449 42.51
4252 17.17622588208016 42.52
4253 17.18020232618349 42.53
4254 17.18417876769257 42.54
4255 17.18815523105679 42.55
4256 17.19213174075378 42.56
4257 17.19610819749474 42.57
4258 17.20008465119822 42.58
4259 17.20406112018338 42.59
4260 17.20803756998812 42.6
4261 17.21201401658742 42.61
4262 17.21599046060299 42.62
4263 17.21996690503422 42.63
4264 17.22394329540644 42.64
4265 17.2279196806141 42.65
4266 17.23189608785503 42.66
4267 17.23587246662821 42.67
4268 17.23984883989678 42.68
4269 17.24382520280803 42.69
4270 17.2478015599032 42.7
4271 17.25177791318198 42.71
4272 17.2557542610336 42.72
4273 17.25973060357298 42.73
4274 17.26370694245461 42.74
4275 17.2676832821479 42.75
4276 17.27165961065176 42.76
4277 17.27563593525323 42.77
4278 17.2796122534689 42.78
4279 17.28358856623581 42.79
4280 17.28756487028107 42.8
4281 17.29154116822316 42.81
4282 17.29551745829207 42.82
4283 17.29949374234305 42.83
4284 17.3034700184282 42.84
4285 17.30744628731958 42.85
4286 17.3114226098758 42.86
4287 17.31539888322187 42.87
4288 17.31937514815991 42.88
4289 17.3233514029822 42.89
4290 17.32732764716294 42.9
4291 17.33130388871728 42.91
4292 17.3352801370699 42.92
4293 17.33925634268032 42.93
4294 17.3432325342765 42.94
4295 17.34720871098735 42.95
4296 17.35118489556494 42.96
4297 17.35516106469223 42.97
4298 17.35913721767179 42.98
4299 17.36311341540046 42.99
4300 17.36708956861652 43
4301 17.3710657525361 43.01
4302 17.37504195514704 43.02
4303 17.37901816170861 43.03
4304 17.3829943789448 43.04
4305 17.3869706114012 43.05
4306 17.39094683598541 43.06
4307 17.39492305151907 43.07
4308 17.39889929659368 43.08
4309 17.40287553624983 43.09
4310 17.40685176829739 43.1
4311 17.41082799490529 43.11
4312 17.41480420865937 43.12
4313 17.41878041794019 43.13
4314 17.42275666863988 43.14
4315 17.42673291675761 43.15
4316 17.43070914673312 43.16
4317 17.43468534629964 43.17
4318 17.43866150916372 43.18
4319 17.44263767320525 43.19
4320 17.44661385335881 43.2
4321 17.45059012746131 43.21
4322 17.45456681349624 43.22
4323 17.45854299489872 43.23
4324 17.46251924891717 43.24
4325 17.46649518241294 43.25
4326 17.47047133264939 43.26
4327 17.47444755938593 43.27
4328 17.47842351490713 43.28
4329 17.48240002979448 43.29
4330 17.48637625179817 43.3
4331 17.49035275770548 43.31
4332 17.49432925148637 43.32
4333 17.49830522414343 43.33
4334 17.50228184130326 43.34
4335 17.5062581271913 43.35
4336 17.51023421754069 43.36
4337 17.51421082881569 43.37
4338 17.51818749579802 43.38
4339 17.52216462541191 43.39
4340 17.52614069555732 43.4
4341 17.5301169887333 43.41
4342 17.53409326393049 43.42
4343 17.53806954312919 43.43
4344 17.54204582300162 43.44
4345 17.54602208286118 43.45
4346 17.54999832986089 43.46
4347 17.55397456792744 43.47
4348 17.55795082233156 43.48
4349 17.56192703673945 43.49
4350 17.56590324039026 43.5
4351 17.56987943299585 43.51
4352 17.57385561218788 43.52
4353 17.57783180651121 43.53
4354 17.58180795537506 43.54
4355 17.5857841175358 43.55
4356 17.58976026615384 43.56
4357 17.59373640056636 43.57
4358 17.5977125971332 43.58
4359 17.60168881071176 43.59
4360 17.60566502015351 43.6
4361 17.60964122339428 43.61
4362 17.6136173803342 43.62
4363 17.61759358345792 43.63
4364 17.62156978369947 43.64
4365 17.62554598117263 43.65
4366 17.62952217578917 43.66
4367 17.63349836741648 43.67
4368 17.63747459888204 43.68
4369 17.64145082793047 43.69
4370 17.64542705426096 43.7
4371 17.64940327835583 43.71
4372 17.65337945023091 43.72
4373 17.65735569696243 43.73
4374 17.66133194276951 43.74
4375 17.66530818766768 43.75
4376 17.66928444728493 43.76
4377 17.67326071741472 43.77
4378 17.67723695990136 43.78
4379 17.68121320260612 43.79
4380 17.68518944328609 43.8
4381 17.68916568316122 43.81
4382 17.69314194712854 43.82
4383 17.69711818528765 43.83
4384 17.70109442714162 43.84
4385 17.70507061734922 43.85
4386 17.70904681447384 43.86
4387 17.71302300587389 43.87
4388 17.71699918834801 43.88
4389 17.72097540113625 43.89
4390 17.72495159328399 43.9
4391 17.72892776922488 43.91
4392 17.73290394589981 43.92
4393 17.73688015454701 43.93
4394 17.74085635130426 43.94
4395 17.74483254487171 43.95
4396 17.74880873539497 43.96
4397 17.75278492386484 43.97
4398 17.75676110960713 43.98
4399 17.76073732385037 43.99
4400 17.7647135320566 44
4401 17.76868972986757 44.01
4402 17.77266591884307 44.02
4403 17.77664211476577 44.03
4404 17.78061830938282 44.04
4405 17.78459451672365 44.05
4406 17.78857070790174 44.06
4407 17.79254689699535 44.07
4408 17.7965230780931 44.08
4409 17.80049925885401 44.09
4410 17.80447543750163 44.1
4411 17.8084516096542 44.11
4412 17.81242780253851 44.12
4413 17.81640396466548 44.13
4414 17.82038012392008 44.14
4415 17.82435628385998 44.15
4416 17.8283324391227 44.16
4417 17.8323086165412 44.17
4418 17.83628479328414 44.18
4419 17.84026097198029 44.19
4420 17.84423714805722 44.2
4421 17.84821332609213 44.21
4422 17.85218949729138 44.22
4423 17.85616566876658 44.23
4424 17.86014183941786 44.24
4425 17.86411800901702 44.25
4426 17.86809417770912 44.26
4427 17.87207037546592 44.27
4428 17.87604658991249 44.28
4429 17.88002278441411 44.29
4430 17.88399902523274 44.3
4431 17.8879751802429 44.31
4432 17.89195133271735 44.32
4433 17.89592749782587 44.33
4434 17.89990364263435 44.34
4435 17.90387979626633 44.35
4436 17.90785597320262 44.36
4437 17.91183212691976 44.37
4438 17.91580828495604 44.38
4439 17.91978447903255 44.39
4440 17.92376064790436 44.4
4441 17.92773682002439 44.41
4442 17.93171303239019 44.42
4443 17.93568923232796 44.43
4444 17.93966541060611 44.44
4445 17.94364154748279 44.45
4446 17.94761767368142 44.46
4447 17.95159381716785 44.47
4448 17.95556995887517 44.48
4449 17.95954609815571 44.49
4450 17.9635222581351 44.5
4451 17.96749838102072 44.51
4452 17.97147450208657 44.52
4453 17.97545058082404 44.53
4454 17.9794266934066 44.54
4455 17.98340279954482 44.55
4456 17.98737887405283 44.56
4457 17.99135501175164 44.57
4458 17.99533115055678 44.58
4459 17.99930735331235 44.59
4460 18.00328355453762 44.6
4461 18.00725975404529 44.61
4462 18.01123595439667 44.62
4463 18.01521217251614 44.63
4464 18.01918836650879 44.64
4465 18.02316454784874 44.65
4466 18.02714070462639 44.66
4467 18.0311168707612 44.67
4468 18.03509301024521 44.68
4469 18.03906911825292 44.69
4470 18.04304522058865 44.7
4471 18.04702133123428 44.71
4472 18.05099739055972 44.72
4473 18.0549735694604 44.73
4474 18.05894967411854 44.74
4475 18.06292585167393 44.75
4476 18.06690202579409 44.76
4477 18.07087808905423 44.77
4478 18.07485428670365 44.78
4479 18.07883045889363 44.79
4480 18.08280659600744 44.8
4481 18.08678266225494 44.81
4482 18.09075879548934 44.82
4483 18.09473491154116 44.83
4484 18.09871096959063 44.84
4485 18.10268702221551 44.85
4486 18.10666308054839 44.86
4487 18.11063914216789 44.87
4488 18.11461514283121 44.88
4489 18.11859117251881 44.89
4490 18.12256721895722 44.9
4491 18.12654323931293 44.91
4492 18.13051927750726 44.92
4493 18.13449533644667 44.93
4494 18.13847139463916 44.94
4495 18.14244745224237 44.95
4496 18.14642346038442 44.96
4497 18.15039946586374 44.97
4498 18.15437546066412 44.98
4499 18.1583514676745 44.99
4500 18.16232747495195 45
4501 18.16630347984765 45.01
4502 18.17027947799387 45.02
4503 18.17425547119447 45.03
4504 18.17823146000667 45.04
4505 18.18220744665361 45.05
4506 18.18618342848168 45.06
4507 18.19015941273812 45.07
4508 18.19413540604603 45.08
4509 18.19811139576357 45.09
4510 18.20208738207523 45.1
4511 18.20606339361595 45.11
4512 18.21003937352585 45.12
4513 18.21401534953844 45.13
4514 18.21799132128272 45.14
4515 18.22196728767156 45.15
4516 18.22594324924846 45.16
4517 18.22991920649113 45.17
4518 18.23389515915684 45.18
4519 18.23787112150397 45.19
4520 18.24184710962389 45.2
4521 18.24582309008078 45.21
4522 18.24979906593461 45.22
4523 18.25377506747018 45.23
4524 18.25775103435076 45.24
4525 18.26172699712282 45.25
4526 18.26570295276363 45.26
4527 18.26967889977279 45.27
4528 18.27365483825263 45.28
4529 18.27763076126004 45.29
4530 18.28160669640536 45.3
4531 18.2855826071706 45.31
4532 18.28955852158367 45.32
4533 18.29353443065659 45.33
4534 18.29751032940865 45.34
4535 18.301486218046 45.35
4536 18.30546212561594 45.36
4537 18.30943802915734 45.37
4538 18.31341395280607 45.38
4539 18.31738987513731 45.39
4540 18.32136579385563 45.4
4541 18.3253417090374 45.41
4542 18.32931762018811 45.42
4543 18.33329352588321 45.43
4544 18.33726945877514 45.44
4545 18.34124538358397 45.45
4546 18.34522130433377 45.46
4547 18.34919722494523 45.47
4548 18.35317313319598 45.48
4549 18.3571489949582 45.49
4550 18.3611248997371 45.5
4551 18.36510080627922 45.51
4552 18.36907672631123 45.52
4553 18.37305260242169 45.53
4554 18.37702854811514 45.54
4555 18.38100443319092 45.55
4556 18.38498031199946 45.56
4557 18.38895618838855 45.57
4558 18.39293204651701 45.58
4559 18.39690791470456 45.59
4560 18.40088380157883 45.6
4561 18.40485968260772 45.61
4562 18.40883555935977 45.62
4563 18.41281143234459 45.63
4564 18.41678730545382 45.64
4565 18.42076318039179 45.65
4566 18.42473905613569 45.66
4567 18.42871496262081 45.67
4568 18.43269084274312 45.68
4569 18.43666672134545 45.69
4570 18.44064259500729 45.7
4571 18.44461847711814 45.71
4572 18.44859436075803 45.72
4573 18.45257024486198 45.73
4574 18.4565461256627 45.74
4575 18.46052200282616 45.75
4576 18.46449787931715 45.76
4577 18.46847376675564 45.77
4578 18.4724496508046 45.78
4579 18.47642553441275 45.79
4580 18.48040145532871 45.8
4581 18.4843773301017 45.81
4582 18.4883532071677 45.82
4583 18.49232910918659 45.83
4584 18.4963049418435 45.84
4585 18.50028075942662 45.85
4586 18.50425658258999 45.86
4587 18.50823239808761 45.87
4588 18.51220824233713 45.88
4589 18.51618411860745 45.89
4590 18.52015998916796 45.9
4591 18.524135867008 45.91
4592 18.5281117483343 45.92
4593 18.5320876316205 45.93
4594 18.53606350846608 45.94
4595 18.54003933012151 45.95
4596 18.544015162444 45.96
4597 18.54799099456395 45.97
4598 18.55196686944885 45.98
4599 18.55594274510154 45.99
4600 18.55991861915289 46
4601 18.56389449496714 46.01
4602 18.56787035957667 46.02
4603 18.57184622458825 46.03
4604 18.57582208310826 46.04
4605 18.57979789118916 46.05
4606 18.58377368692499 46.06
4607 18.58774948003911 46.07
4608 18.59172525535519 46.08
4609 18.59570102162399 46.09
4610 18.59967686965526 46.1
4611 18.60365269523599 46.11
4612 18.60762850904448 46.12
4613 18.61160430308733 46.13
4614 18.61558009250394 46.14
4615 18.61955586722551 46.15
4616 18.62353168143907 46.16
4617 18.62750745927438 46.17
4618 18.63148324576066 46.18
4619 18.63545902493134 46.19
4620 18.63943479460767 46.2
4621 18.64341055513044 46.21
4622 18.64738627013578 46.22
4623 18.65136197592375 46.23
4624 18.65533768094763 46.24
4625 18.65931339948771 46.25
4626 18.66328913645953 46.26
4627 18.66726488815005 46.27
4628 18.67124058384718 46.28
4629 18.67521627796217 46.29
4630 18.67919198312629 46.3
4631 18.68316764139358 46.31
4632 18.68714328940956 46.32
4633 18.6911189567174 46.33
4634 18.69509463892133 46.34
4635 18.69907032835706 46.35
4636 18.70304602101873 46.36
4637 18.70702165116354 46.37
4638 18.71099728310398 46.38
4639 18.71497302753736 46.39
4640 18.71894875232908 46.4
4641 18.72292447916713 46.41
4642 18.7269001878938 46.42
4643 18.73087588434922 46.43
4644 18.73485156262947 46.44
4645 18.73882728156568 46.45
4646 18.7428029945813 46.46
4647 18.74677870169283 46.47
4648 18.75075440353096 46.48
4649 18.75473013318675 46.49
4650 18.75870584073107 46.5
4651 18.76268158579456 46.51
4652 18.7666573261775 46.52
4653 18.77063305847591 46.53
4654 18.77460809473341 46.54
4655 18.7785838352921 46.55
4656 18.78255958873412 46.56
4657 18.78653535359376 46.57
4658 18.79051111847192 46.58
4659 18.79448693657233 46.59
4660 18.79846273580479 46.6
4661 18.80243853546638 46.61
4662 18.80641426035892 46.62
4663 18.8103903771211 46.63
4664 18.81436618220234 46.64
4665 18.8183419585933 46.65
4666 18.82231772344374 46.66
4667 18.82629347390134 46.67
4668 18.83026917568475 46.68
4669 18.83424492619543 46.69
4670 18.83822059591141 46.7
4671 18.84219630321757 46.71
4672 18.84617192108842 46.72
4673 18.8501475885841 46.73
4674 18.85412320481939 46.74
4675 18.85809885188956 46.75
4676 18.86207422069741 46.76
4677 18.86604978883869 46.77
4678 18.87002550890634 46.78
4679 18.87400122182105 46.79
4680 18.87797697112773 46.8
4681 18.88195268276025 46.81
4682 18.88592843699113 46.82
4683 18.8899041807303 46.83
4684 18.89387991532995 46.84
4685 18.89785563978028 46.85
4686 18.90183135234069 46.86
4687 18.90580712481079 46.87
4688 18.90978286500845 46.88
4689 18.91375861475692 46.89
4690 18.91773435849771 46.9
4691 18.9217101203356 46.91
4692 18.92568585527785 46.92
4693 18.9296615781461 46.93
4694 18.93363733942874 46.94
4695 18.93761307836469 46.95
4696 18.94158882312605 46.96
4697 18.94556455243504 46.97
4698 18.94954028444404 46.98
4699 18.95351601597078 46.99
4700 18.95749172714108 47
4701 18.96146744671872 47.01
4702 18.96544314987133 47.02
4703 18.9694188894937 47.03
4704 18.97339457788309 47.04
4705 18.97737025523151 47.05
4706 18.98134595403924 47.06
4707 18.98532162912559 47.07
4708 18.98929728769975 47.08
4709 18.99327302595897 47.09
4710 18.99724877069412 47.1
4711 19.00122452655884 47.11
4712 19.00520029566184 47.12
4713 19.00917603829695 47.13
4714 19.01315177121991 47.14
4715 19.01712756505917 47.15
4716 19.02110330557316 47.16
4717 19.02507902113029 47.17
4718 19.02905475201005 47.18
4719 19.0330304555388 47.19
4720 19.03700611698668 47.2
4721 19.04098177567803 47.21
4722 19.04495745959771 47.22
4723 19.04893303571172 47.23
4724 19.05290868508167 47.24
4725 19.05688437213788 47.25
4726 19.06086001101985 47.26
4727 19.06483564407496 47.27
4728 19.06881119661157 47.28
4729 19.07278680669289 47.29
4730 19.0767624415064 47.3
4731 19.08073802926603 47.31
4732 19.0847135787208 47.32
4733 19.08868919512512 47.33
4734 19.09266475792607 47.34
4735 19.09664037043266 47.35
4736 19.10061599222634 47.36
4737 19.10459164461035 47.37
4738 19.10856729855193 47.38
4739 19.11254289827376 47.39
4740 19.11651853426714 47.4
4741 19.12049421361706 47.41
4742 19.12446988844075 47.42
4743 19.12844549934518 47.43
4744 19.13242108180256 47.44
4745 19.13639671177015 47.45
4746 19.14037225502541 47.46
4747 19.14434768386236 47.47
4748 19.14832343848706 47.48
4749 19.15229899114289 47.49
4750 19.15627440628813 47.5
4751 19.16024993415657 47.51
4752 19.16422547079809 47.52
4753 19.16820102915029 47.53
4754 19.1721764742025 47.54
4755 19.17615195579434 47.55
4756 19.18012740683051 47.56
4757 19.18410289953844 47.57
4758 19.18807836145845 47.58
4759 19.19205414080938 47.59
4760 19.19602963632446 47.6
4761 19.20000511802067 47.61
4762 19.20398053098792 47.62
4763 19.20795599430239 47.63
4764 19.21193141267386 47.64
4765 19.21590694357014 47.65
4766 19.21988228776494 47.66
4767 19.22385766589415 47.67
4768 19.22783305276986 47.68
4769 19.23180863810062 47.69
4770 19.23578411112912 47.7
4771 19.23975966748064 47.71
4772 19.24373523756873 47.72
4773 19.24771077181516 47.73
4774 19.25168636555475 47.74
4775 19.25566199563281 47.75
4776 19.25963758772551 47.76
4777 19.26361317134488 47.77
4778 19.26758875366262 47.78
4779 19.27156429703975 47.79
4780 19.27553982578741 47.8
4781 19.27951535615614 47.81
4782 19.28349081478753 47.82
4783 19.28746626329647 47.83
4784 19.29144168665709 47.84
4785 19.29541711698261 47.85
4786 19.29939257948996 47.86
4787 19.30336802027885 47.87
4788 19.30734343568897 47.88
4789 19.31131884167936 47.89
4790 19.31529422849047 47.9
4791 19.3192695996357 47.91
4792 19.32324495766389 47.92
4793 19.32722030530286 47.93
4794 19.33119563620834 47.94
4795 19.33517104070666 47.95
4796 19.33914644118845 47.96
4797 19.34312188056598 47.97
4798 19.34709731696569 47.98
4799 19.35107277269702 47.99
4800 19.35504822125439 48
4801 19.35902368350197 48.01
4802 19.3629991589012 48.02
4803 19.36697463483446 48.03
4804 19.37095014138234 48.04
4805 19.37492563295388 48.05
4806 19.37890114487432 48.06
4807 19.38287666760134 48.07
4808 19.38685218256505 48.08
4809 19.39082767267113 48.09
4810 19.39480315661809 48.1
4811 19.39877857152227 48.11
4812 19.40275406981414 48.12
4813 19.40672952846802 48.13
4814 19.41070498132872 48.14
4815 19.41468042910855 48.15
4816 19.41865587049656 48.16
4817 19.42263132036617 48.17
4818 19.42660676539228 48.18
4819 19.43058220186153 48.19
4820 19.43455763139242 48.2
4821 19.43853305034976 48.21
4822 19.44250847272309 48.22
4823 19.44648387986902 48.23
4824 19.45045927235928 48.24
4825 19.45443464940104 48.25
4826 19.45841001273912 48.26
4827 19.46238536435828 48.27
4828 19.46636073559905 48.28
4829 19.47033606931822 48.29
4830 19.47431140317785 48.3
4831 19.47828680754093 48.31
4832 19.48226223904582 48.32
4833 19.48623766656763 48.33
4834 19.49021309225147 48.34
4835 19.49418851511614 48.35
4836 19.49816393439804 48.36
4837 19.50213934896193 48.37
4838 19.50611475418551 48.38
4839 19.51009019884039 48.39
4840 19.51406563976129 48.4
4841 19.51804107616366 48.41
4842 19.52201650739993 48.42
4843 19.52599192632454 48.43
4844 19.52996732664145 48.44
4845 19.53394274847966 48.45
4846 19.53791820288489 48.46
4847 19.54189363833502 48.47
4848 19.54586907227089 48.48
4849 19.54984457600396 48.49
4850 19.55382003144775 48.5
4851 19.55779550666519 48.51
4852 19.56177094161094 48.52
4853 19.56574638152919 48.53
4854 19.56972180936052 48.54
4855 19.57369723137731 48.55
4856 19.57767267139831 48.56
4857 19.5816481067681 48.57
4858 19.58562353666368 48.58
4859 19.58959888413937 48.59
4860 19.59357422488407 48.6
4861 19.59754955400577 48.61
4862 19.60152482393367 48.62
4863 19.60550012302379 48.63
4864 19.60947546764825 48.64
4865 19.61345078555248 48.65
4866 19.61742610253965 48.66
4867 19.62140140668832 48.67
4868 19.62537670962868 48.68
4869 19.62935201054686 48.69
4870 19.63332730972889 48.7
4871 19.63730260595625 48.71
4872 19.64127791505215 48.72
4873 19.64525323060401 48.73
4874 19.64922851098407 48.74
4875 19.65320378471112 48.75
4876 19.65717914104945 48.76
4877 19.66115445318524 48.77
4878 19.66512978792486 48.78
4879 19.66910510778441 48.79
4880 19.67308043650505 48.8
4881 19.67705578365816 48.81
4882 19.68103110630716 48.82
4883 19.68500642469231 48.83
4884 19.68898176603926 48.84
4885 19.69295710364286 48.85
4886 19.69693243704319 48.86
4887 19.70090779285321 48.87
4888 19.70488314544652 48.88
4889 19.70885849443413 48.89
4890 19.71283384052415 48.9
4891 19.71680918256904 48.91
4892 19.72078452039367 48.92
4893 19.72475985333482 48.93
4894 19.72873514187515 48.94
4895 19.73271046737661 48.95
4896 19.7366857599599 48.96
4897 19.74066106013703 48.97
4898 19.74463632555889 48.98
4899 19.74861161472721 48.99
4900 19.75258688725302 49
4901 19.75656215502299 49.01
4902 19.76053741683702 49.02
4903 19.76451268544157 49.03
4904 19.76848794908521 49.04
4905 19.77246320649286 49.05
4906 19.77643845886463 49.06
4907 19.78041370602825 49.07
4908 19.7843889479867 49.08
4909 19.78836418980301 49.09
4910 19.79233942757 49.1
4911 19.79631465754108 49.11
4912 19.80028990687864 49.12
4913 19.80426512785225 49.13
4914 19.80824034529359 49.14
4915 19.81221557417773 49.15
4916 19.81619079943809 49.16
4917 19.82016602864024 49.17
4918 19.82414124217555 49.18
4919 19.82811647306705 49.19
4920 19.83209170470294 49.2
4921 19.83606690278874 49.21
4922 19.84004209115984 49.22
4923 19.844017268626 49.23
4924 19.84799243588509 49.24
4925 19.85196758635479 49.25
4926 19.85594280083404 49.26
4927 19.85991801371028 49.27
4928 19.86389322070513 49.28
4929 19.86786842008294 49.29
4930 19.87184363393764 49.3
4931 19.87581885438125 49.31
4932 19.87979414759328 49.32
4933 19.88376957805323 49.33
4934 19.88774558280678 49.34
4935 19.89172121394844 49.35
4936 19.89569686905255 49.36
4937 19.89967233311418 49.37
4938 19.90364772800937 49.38
4939 19.90762299811282 49.39
4940 19.91159822933904 49.4
4941 19.91557346336527 49.41
4942 19.91954867761308 49.42
4943 19.92352392823017 49.43
4944 19.92749920259181 49.44
4945 19.93147456738685 49.45
4946 19.9354499440795 49.46
4947 19.93942536045223 49.47
4948 19.94340084038953 49.48
4949 19.94737636155636 49.49
4950 19.95135192361244 49.5
4951 19.95532751685911 49.51
4952 19.95930315122417 49.52
4953 19.96327889531164 49.53
4954 19.96725441826049 49.54
4955 19.97123025215816 49.55
4956 19.97520607376688 49.56
4957 19.97918190662694 49.57
4958 19.98315774922201 49.58
4959 19.98713359029897 49.59
4960 19.99110944054106 49.6
4961 19.99508528260514 49.61
4962 19.99906114876401 49.62
4963 20.0030370087673 49.63
4964 20.00701287300176 49.64
4965 20.01098874139734 49.65
4966 20.01496460372886 49.66
4967 20.01894050339457 49.67
4968 20.02291640046093 49.68
4969 20.02689230815752 49.69
4970 20.03086821540899 49.7
4971 20.03484411115262 49.71
4972 20.03882002437938 49.72
4973 20.0427959190189 49.73
4974 20.0467718207923 49.74
4975 20.05074774883188 49.75
4976 20.05472363579521 49.76
4977 20.05869953654567 49.77
4978 20.06267543790772 49.78
4979 20.06665133446779 49.79
4980 20.07062722924982 49.8
4981 20.07460312216681 49.81
4982 20.07857896482518 49.82
4983 20.08255480300408 49.83
4984 20.08653063703201 49.84
4985 20.09050640186509 49.85
4986 20.09448218078138 49.86
4987 20.09845793037909 49.87
4988 20.10243367339627 49.88
4989 20.10640940829074 49.89
4990 20.11038513394454 49.9
4991 20.11436085176131 49.91
4992 20.11833656388068 49.92
4993 20.12231229776846 49.93
4994 20.12628802644551 49.94
4995 20.13026375277367 49.95
4996 20.13423948600748 49.96
4997 20.13821520566167 49.97
4998 20.14219091649814 49.98
4999 20.1461666178721 49.99
5000 20.15014230900609 50
5001 20.15411798076922 50.01
5002 20.15809364123805 50.02
5003 20.16206929396861 50.03
5004 20.16604492243016 50.04
5005 20.17002052381907 50.05
5006 20.17399610905963 50.06
5007 20.17797169760521 50.07
5008 20.18194727892789 50.08
5009 20.18592287847124 50.09
5010 20.18989848623919 50.1
5011 20.19387410084488 50.11
5012 20.19784970867872 50.12
5013 20.20182531195558 50.13
5014 20.20580091151253 50.14
5015 20.20977653275409 50.15
5016 20.21375214977791 50.16
5017 20.21772774566838 50.17
5018 20.22170337422833 50.18
5019 20.22567896682447 50.19
5020 20.22965454606022 50.2
5021 20.23363012524153 50.21
5022 20.23760570171229 50.22
5023 20.24158127479325 50.23
5024 20.24555684249196 50.24
5025 20.24953239908951 50.25
5026 20.25350794968672 50.26
5027 20.25748349627149 50.27
5028 20.26145901728363 50.28
5029 20.26543454944368 50.29
5030 20.26941007627334 50.3
5031 20.27338566873512 50.31
5032 20.27736128821316 50.32
5033 20.28133691002832 50.33
5034 20.28531253870246 50.34
5035 20.28928812077629 50.35
5036 20.29326371702452 50.36
5037 20.29723928805399 50.37
5038 20.30121485974465 50.38
5039 20.30519042798312 50.39
5040 20.30916598967245 50.4
5041 20.31314151093 50.41
5042 20.31711706193185 50.42
5043 20.32109259516101 50.43
5044 20.32506812020001 50.44
5045 20.32904367101811 50.45
5046 20.33301919181756 50.46
5047 20.33699470358843 50.47
5048 20.34097020795697 50.48
5049 20.34494570273949 50.49
5050 20.34892120048126 50.5
5051 20.35289668216377 50.51
5052 20.3568721571249 50.52
5053 20.36084762243667 50.53
5054 20.36482308309752 50.54
5055 20.36879853308851 50.55
5056 20.37277397610111 50.56
5057 20.37674940733986 50.57
5058 20.38072483001462 50.58
5059 20.38470025726313 50.59
5060 20.38867567663431 50.6
5061 20.39265112707145 50.61
5062 20.39662657466263 50.62
5063 20.40060206809991 50.63
5064 20.40457758876711 50.64
5065 20.40855310779176 50.65
5066 20.41252863074119 50.66
5067 20.4165041451249 50.67
5068 20.42047967894852 50.68
5069 20.42445518895387 50.69
5070 20.42843070069815 50.7
5071 20.43240616890639 50.71
5072 20.4363816882682 50.72
5073 20.4403571885671 50.73
5074 20.44433270290509 50.74
5075 20.44830819813136 50.75
5076 20.45228370455429 50.76
5077 20.45625918705704 50.77
5078 20.46023466852516 50.78
5079 20.46421015640273 50.79
5080 20.46818564691582 50.8
5081 20.47216112664715 50.81
5082 20.47613663792982 50.82
5083 20.48011218110456 50.83
5084 20.4840876588076 50.84
5085 20.48806312198245 50.85
5086 20.49203858338989 50.86
5087 20.49601403033061 50.87
5088 20.49998949872117 50.88
5089 20.50396496747295 50.89
5090 20.50794044723121 50.9
5091 20.51191589334071 50.91
5092 20.51589131886843 50.92
5093 20.51986673323119 50.93
5094 20.52384218180925 50.94
5095 20.52781760320627 50.95
5096 20.53179303838824 50.96
5097 20.53576847839891 50.97
5098 20.53974399113263 50.98
5099 20.54371942350474 50.99
5100 20.54769480746798 51
5101 20.55167017072264 51.01
5102 20.55564555212765 51.02
5103 20.55962091610173 51.03
5104 20.56359627291303 51.04
5105 20.56757162102148 51.05
5106 20.57154701594727 51.06
5107 20.57552237536054 51.07
5108 20.57949771463743 51.08
5109 20.5834730554311 51.09
5110 20.58744839073872 51.1
5111 20.59142371354815 51.11
5112 20.59539904812227 51.12
5113 20.59937441502826 51.13
5114 20.6033497566888 51.14
5115 20.60732509000223 51.15
5116 20.61130044915613 51.16
5117 20.61527582162942 51.17
5118 20.6192511652151 51.18
5119 20.62322649334643 51.19
5120 20.62720189900037 51.2
5121 20.63117729136943 51.21
5122 20.63515273767874 51.22
5123 20.63912814156747 51.23
5124 20.64310356221624 51.24
5125 20.64707896015132 51.25
5126 20.65105437397733 51.26
5127 20.65502979473062 51.27
5128 20.65900519507801 51.28
5129 20.66298058834046 51.29
5130 20.66695596269067 51.3
5131 20.67093135536379 51.31
5132 20.67490674116296 51.32
5133 20.67888213189382 51.33
5134 20.68285751775118 51.34
5135 20.68683293594841 51.35
5136 20.6908083212577 51.36
5137 20.6947837025657 51.37
5138 20.69875907669798 51.38
5139 20.70273445199369 51.39
5140 20.70670982427676 51.4
5141 20.71068522090211 51.41
5142 20.71466058638951 51.42
5143 20.71863595304556 51.43
5144 20.72261131333023 51.44
5145 20.72658666326146 51.45
5146 20.73056200034681 51.46
5147 20.73453734462134 51.47
5148 20.73851268913294 51.48
5149 20.74248803165059 51.49
5150 20.74646336963598 51.5
5151 20.75043866950001 51.51
5152 20.75441398574522 51.52
5153 20.75838930478816 51.53
5154 20.76236460225085 51.54
5155 20.76633991175719 51.55
5156 20.77031520938777 51.56
5157 20.77429052709775 51.57
5158 20.77826582038486 51.58
5159 20.78224109726894 51.59
5160 20.78621644432215 51.6
5161 20.79019181682278 51.61
5162 20.79416712906797 51.62
5163 20.79814241863443 51.63
5164 20.80211771106903 51.64
5165 20.80609295175257 51.65
5166 20.81006821294091 51.66
5167 20.81404351204182 51.67
5168 20.8180188355711 51.68
5169 20.82199407703369 51.69
5170 20.82596937018272 51.7
5171 20.82994469081757 51.71
5172 20.83392000893132 51.72
5173 20.83789531908777 51.73
5174 20.84187061996223 51.74
5175 20.84584592951174 51.75
5176 20.84982123678638 51.76
5177 20.85379652841753 51.77
5178 20.85777179943473 51.78
5179 20.8617470470683 51.79
5180 20.8657223697111 51.8
5181 20.86969771836729 51.81
5182 20.87367304143891 51.82
5183 20.8776483604308 51.83
5184 20.8816236820887 51.84
5185 20.88559897014394 51.85
5186 20.88957427127598 51.86
5187 20.89354957538018 51.87
5188 20.8975248692839 51.88
5189 20.90150016763479 51.89
5190 20.90547549004979 51.9
5191 20.9094507827572 51.91
5192 20.91342612458411 51.92
5193 20.91740144923368 51.93
5194 20.92137678473089 51.94
5195 20.92535211258101 51.95
5196 20.92932739104747 51.96
5197 20.93330273495148 51.97
5198 20.93727806918405 51.98
5199 20.94125339156806 51.99
5200 20.94522871333816 52
5201 20.94920402164403 52.01
5202 20.9531793315124 52.02
5203 20.95715465975286 52.03
5204 20.9611300070609 52.04
5205 20.96510535723005 52.05
5206 20.96908069895687 52.06
5207 20.97305604495914 52.07
5208 20.97703139281661 52.08
5209 20.98100674826006 52.09
5210 20.98498210889691 52.1
5211 20.98895748389451 52.11
5212 20.99293282682623 52.12
5213 20.99690811898033 52.13
5214 21.00088341434848 52.14
5215 21.00485874623919 52.15
5216 21.00883400332332 52.16
5217 21.01280928536059 52.17
5218 21.01678457054159 52.18
5219 21.02075984715996 52.19
5220 21.02473506675149 52.2
5221 21.02871031563344 52.21
5222 21.03268556722387 52.22
5223 21.03666090140547 52.23
5224 21.04063611949424 52.24
5225 21.04461135345219 52.25
5226 21.04858667198396 52.26
5227 21.05256196702506 52.27
5228 21.05653722661543 52.28
5229 21.06051249702296 52.29
5230 21.06448780485714 52.3
5231 21.06846310712952 52.31
5232 21.07243840715336 52.32
5233 21.0764137110333 52.33
5234 21.08038905524899 52.34
5235 21.08436441809116 52.35
5236 21.08833976480773 52.36
5237 21.09231510750105 52.37
5238 21.09629031719714 52.38
5239 21.1002656729748 52.39
5240 21.10424096543912 52.4
5241 21.10821629970576 52.41
5242 21.11219156267965 52.42
5243 21.11616681097933 52.43
5244 21.12014207162322 52.44
5245 21.12411730694119 52.45
5246 21.12809254303332 52.46
5247 21.13206786197414 52.47
5248 21.13604313125074 52.48
5249 21.14001840225162 52.49
5250 21.14399368122961 52.5
5251 21.14796890105602 52.51
5252 21.15194415622105 52.52
5253 21.1559194795433 52.53
5254 21.15989471401745 52.54
5255 21.16386997521271 52.55
5256 21.16784526026911 52.56
5257 21.17182050812197 52.57
5258 21.17579575897254 52.58
5259 21.1797710053874 52.59
5260 21.18374624306031 52.6
5261 21.18772151536614 52.61
5262 21.19169677858987 52.62
5263 21.19567204188741 52.63
5264 21.19964730839954 52.64
5265 21.20362257283777 52.65
5266 21.20759784743556 52.66
5267 21.21157312050386 52.67
5268 21.21554840002094 52.68
5269 21.21952366695051 52.69
5270 21.22349894221497 52.7
5271 21.22747420768911 52.71
5272 21.2314495065879 52.72
5273 21.23542481243522 52.73
5274 21.23940012436658 52.74
5275 21.24337542701347 52.75
5276 21.24735073110055 52.76
5277 21.25132604028916 52.77
5278 21.25530135528028 52.78
5279 21.2592766687826 52.79
5280 21.26325197839345 52.8
5281 21.26722729481956 52.81
5282 21.27120261669658 52.82
5283 21.27517788400236 52.83
5284 21.2791539622737 52.84
5285 21.28312912943979 52.85
5286 21.28710437197117 52.86
5287 21.29107960815649 52.87
5288 21.29505503413356 52.88
5289 21.2990302354514 52.89
5290 21.30300543112479 52.9
5291 21.30698064563078 52.91
5292 21.31095584509102 52.92
5293 21.31493102989603 52.93
5294 21.31890622005844 52.94
5295 21.32288141505087 52.95
5296 21.32685653517339 52.96
5297 21.33083168122636 52.97
5298 21.33480681232906 52.98
5299 21.33878194473231 52.99
5300 21.34275707221558 53
5301 21.3467321999763 53.01
5302 21.35070732349977 53.02
5303 21.35468244218777 53.03
5304 21.35865754751737 53.04
5305 21.36263265350106 53.05
5306 21.36660777558421 53.06
5307 21.37058287238962 53.07
5308 21.37455795240099 53.08
5309 21.3785330504783 53.09
5310 21.38250811094951 53.1
5311 21.38648321003085 53.11
5312 21.39045829736271 53.12
5313 21.39443337749173 53.13
5314 21.39840845098534 53.14
5315 21.40238351527243 53.15
5316 21.40635858726949 53.16
5317 21.4103336421906 53.17
5318 21.41430870453502 53.18
5319 21.41828375165102 53.19
5320 21.42225879607768 53.2
5321 21.42623386783886 53.21
5322 21.4302089334375 53.22
5323 21.43418395346144 53.23
5324 21.43815896839575 53.24
5325 21.44213401950255 53.25
5326 21.44610907017529 53.26
5327 21.45008415618243 53.27
5328 21.45405917768598 53.28
5329 21.45803419670359 53.29
5330 21.46200921148768 53.3
5331 21.46598422205145 53.31
5332 21.46995924317318 53.32
5333 21.47393430360548 53.33
5334 21.47790936038312 53.34
5335 21.48188444117593 53.35
5336 21.48585949673662 53.36
5337 21.48983454876989 53.37
5338 21.49380954521918 53.38
5339 21.49778453284128 53.39
5340 21.50175957243064 53.4
5341 21.5057346114181 53.41
5342 21.5097096013107 53.42
5343 21.5136846142145 53.43
5344 21.51765962404701 53.44
5345 21.52163463186264 53.45
5346 21.52560963609732 53.46
5347 21.52958462140825 53.47
5348 21.53355962788922 53.48
5349 21.53753462578912 53.49
5350 21.54150964201249 53.5
5351 21.54548462479646 53.51
5352 21.54945960223153 53.52
5353 21.55343457787079 53.53
5354 21.55740954301275 53.54
5355 21.56138450337212 53.55
5356 21.56535945773212 53.56
5357 21.5693344075166 53.57
5358 21.57330935411535 53.58
5359 21.57728430321063 53.59
5360 21.5812592499487 53.6
5361 21.58523419368548 53.61
5362 21.58920913247577 53.62
5363 21.59318405763952 53.63
5364 21.59715898380086 53.64
5365 21.60113390166442 53.65
5366 21.60510881513405 53.66
5367 21.60908371952604 53.67
5368 21.61305862142086 53.68
5369 21.61703352767972 53.69
5370 21.62100846936508 53.7
5371 21.62498340131697 53.71
5372 21.6289582995084 53.72
5373 21.63293317214905 53.73
5374 21.63690805853912 53.74
5375 21.64088295942778 53.75
5376 21.64485785826319 53.76
5377 21.64883282102051 53.77
5378 21.652807750299 53.78
5379 21.65678267755227 53.79
5380 21.66075760489949 53.8
5381 21.66473253006541 53.81
5382 21.66870746893018 53.82
5383 21.67268239820548 53.83
5384 21.67665733521525 53.84
5385 21.68063225739357 53.85
5386 21.68460722918968 53.86
5387 21.68858215991167 53.87
5388 21.69255711048555 53.88
5389 21.69653203082101 53.89
5390 21.70050693372634 53.9
5391 21.70448184761096 53.91
5392 21.70845674754383 53.92
5393 21.71243166101631 53.93
5394 21.7164065461444 53.94
5395 21.72038145905454 53.95
5396 21.72435633930337 53.96
5397 21.72833121697978 53.97
5398 21.73230612462026 53.98
5399 21.7362809613732 53.99
5400 21.7402557879817 54
5401 21.74423067829178 54.01
5402 21.74820552031673 54.02
5403 21.75218037193296 54.03
5404 21.75615523413079 54.04
5405 21.76013002553863 54.05
5406 21.76410486346725 54.06
5407 21.76807973754323 54.07
5408 21.7720545724086 54.08
5409 21.77602939481726 54.09
5410 21.78000424599649 54.1
5411 21.7839791627555 54.11
5412 21.78795406258462 54.12
5413 21.7919289829273 54.13
5414 21.79590374656892 54.14
5415 21.79987858010441 54.15
5416 21.80385353397013 54.16
5417 21.80782829337117 54.17
5418 21.81180328870872 54.18
5419 21.81577811609608 54.19
5420 21.81975280757235 54.2
5421 21.82372757648213 54.21
5422 21.82770256681758 54.22
5423 21.8316772759392 54.23
5424 21.83565208919094 54.24
5425 21.83962696587989 54.25
5426 21.84360170351041 54.26
5427 21.84757643691745 54.27
5428 21.85155120519138 54.28
5429 21.85552621189895 54.29
5430 21.85950109106652 54.3
5431 21.86347595079189 54.31
5432 21.86745076090796 54.32
5433 21.87142561038947 54.33
5434 21.87540047023431 54.34
5435 21.87937536044041 54.35
5436 21.8833503110814 54.36
5437 21.88732518704003 54.37
5438 21.89130006601025 54.38
5439 21.89527494084033 54.39
5440 21.89924981450889 54.4
5441 21.9032246645496 54.41
5442 21.9071995109354 54.42
5443 21.91117436785707 54.43
5444 21.91514919934946 54.44
5445 21.91912402223928 54.45
5446 21.9230988342031 54.46
5447 21.92707363558459 54.47
5448 21.93104843926233 54.48
5449 21.93502324498738 54.49
5450 21.93899806711123 54.5
5451 21.94297287661577 54.51
5452 21.9469477005955 54.52
5453 21.95092252528607 54.53
5454 21.95489739940412 54.54
5455 21.95887227054451 54.55
5456 21.96284715719068 54.56
5457 21.96682203743709 54.57
5458 21.97079694208973 54.58
5459 21.97477185065336 54.59
5460 21.97874675214873 54.6
5461 21.98272165576402 54.61
5462 21.98669655701677 54.62
5463 21.99067145280065 54.63
5464 21.99464630345786 54.64
5465 21.9986211490572 54.65
5466 22.00259599838405 54.66
5467 22.00657084284612 54.67
5468 22.01054568545258 54.68
5469 22.01452052444474 54.69
5470 22.0184953604729 54.7
5471 22.0224702327598 54.71
5472 22.02644509462871 54.72
5473 22.03041986612742 54.73
5474 22.03439463680461 54.74
5475 22.03836939893783 54.75
5476 22.04234414891443 54.76
5477 22.04631889466742 54.77
5478 22.05029363405396 54.78
5479 22.05426836210652 54.79
5480 22.05824312950572 54.8
5481 22.06221789610724 54.81
5482 22.06619268451358 54.82
5483 22.07016746810228 54.83
5484 22.07414224945956 54.84
5485 22.07811703070877 54.85
5486 22.08209180355749 54.86
5487 22.08606659256392 54.87
5488 22.09004139857899 54.88
5489 22.09401619885143 54.89
5490 22.0979910048216 54.9
5491 22.10196580134939 54.91
5492 22.10594053516413 54.92
5493 22.10991530025937 54.93
5494 22.11389002817329 54.94
5495 22.11786474947557 54.95
5496 22.12183946921342 54.96
5497 22.12581419598806 54.97
5498 22.12978892852703 54.98
5499 22.13376365719814 54.99
5500 22.13773839155574 55
5501 22.14171311665502 55.01
5502 22.14568784874076 55.02
5503 22.14966257860132 55.03
5504 22.15363730541183 55.04
5505 22.15761203098858 55.05
5506 22.16158674303664 55.06
5507 22.16556139666494 55.07
5508 22.16953602039039 55.08
5509 22.17351066734485 55.09
5510 22.17748529153153 55.1
5511 22.18145991847499 55.11
5512 22.18543454685746 55.12
5513 22.18940917252786 55.13
5514 22.19338381353527 55.14
5515 22.19735841611383 55.15
5516 22.20133303715939 55.16
5517 22.20530763467152 55.17
5518 22.20928226993146 55.18
5519 22.2132568926957 55.19
5520 22.21723151104086 55.2
5521 22.22120619472246 55.21
5522 22.22518085104899 55.22
5523 22.22915544517593 55.23
5524 22.23313007081131 55.24
5525 22.23710479604595 55.25
5526 22.24107951135667 55.26
5527 22.24505429053361 55.27
5528 22.24902910787055 55.28
5529 22.25300396999375 55.29
5530 22.25697879319332 55.3
5531 22.2609536290023 55.31
5532 22.2649284499487 55.32
5533 22.26890321464731 55.33
5534 22.27287797158822 55.34
5535 22.27685273137602 55.35
5536 22.28082749680029 55.36
5537 22.28480225364011 55.37
5538 22.28877701532613 55.38
5539 22.29275178920784 55.39
5540 22.29672656888117 55.4
5541 22.3007013151028 55.41
5542 22.30467609826037 55.42
5543 22.30865087105781 55.43
5544 22.31262570719115 55.44
5545 22.3166004414153 55.45
5546 22.32057524225866 55.46
5547 22.32455001627963 55.47
5548 22.32852477659129 55.48
5549 22.3324995325775 55.49
5550 22.33647428425852 55.5
5551 22.34044904087171 55.51
5552 22.34442378475186 55.52
5553 22.34839851772238 55.53
5554 22.35237329921859 55.54
5555 22.35634802180586 55.55
5556 22.36032275988512 55.56
5557 22.36429748767989 55.57
5558 22.36827220517352 55.58
5559 22.37224686642845 55.59
5560 22.37622159571072 55.6
5561 22.38019629611971 55.61
5562 22.3841709936899 55.62
5563 22.38814569103021 55.63
5564 22.39212037992463 55.64
5565 22.39609506477783 55.65
5566 22.4000697793304 55.66
5567 22.40404443609373 55.67
5568 22.40801908907021 55.68
5569 22.41199374482287 55.69
5570 22.41596839920389 55.7
5571 22.41994303644049 55.71
5572 22.42391767092172 55.72
5573 22.42789229542444 55.73
5574 22.43186691174812 55.74
5575 22.43584153269659 55.75
5576 22.4398161494528 55.76
5577 22.44379079896824 55.77
5578 22.44776541949431 55.78
5579 22.45174003056974 55.79
5580 22.45571463841768 55.8
5581 22.45968925826968 55.81
5582 22.46366385664355 55.82
5583 22.46763844865434 55.83
5584 22.47161307801376 55.84
5585 22.47558766041416 55.85
5586 22.47956223751361 55.86
5587 22.48353680928698 55.87
5588 22.48751137583162 55.88
5589 22.49148594015505 55.89
5590 22.49546049998623 55.9
5591 22.49943505491473 55.91
5592 22.5034096074429 55.92
5593 22.50738415385563 55.93
5594 22.51135875969765 55.94
5595 22.51533333322512 55.95
5596 22.51930791686345 55.96
5597 22.52328250939235 55.97
5598 22.52725713336525 55.98
5599 22.53123171604523 55.99
5600 22.53520629546561 56
5601 22.53918087158698 56.01
5602 22.5431554452234 56.02
5603 22.54713002938084 56.03
5604 22.55110461137242 56.04
5605 22.5550792163689 56.05
5606 22.55905379435694 56.06
5607 22.5630284011819 56.07
5608 22.56700301932006 56.08
5609 22.57097760438914 56.09
5610 22.57495219371793 56.1
5611 22.57892681938828 56.11
5612 22.58290142452701 56.12
5613 22.58687602487456 56.13
5614 22.59085063841787 56.14
5615 22.59482524170521 56.15
5616 22.59879982149949 56.16
5617 22.602774390298 56.17
5618 22.60674897781215 56.18
5619 22.61072353945157 56.19
5620 22.61469811364013 56.2
5621 22.61867272010204 56.21
5622 22.62264731275724 56.22
5623 22.62662193571732 56.23
5624 22.6305965658328 56.24
5625 22.63457119313626 56.25
5626 22.63854581102723 56.26
5627 22.64252042611801 56.27
5628 22.64649504027913 56.28
5629 22.65046964397072 56.29
5630 22.65444421101447 56.3
5631 22.65841876888765 56.31
5632 22.66239332011352 56.32
5633 22.66636786847064 56.33
5634 22.67034239824296 56.34
5635 22.67431691277091 56.35
5636 22.67829142873443 56.36
5637 22.6822659597173 56.37
5638 22.68624045577458 56.38
5639 22.6902149612233 56.39
5640 22.69418944094161 56.4
5641 22.69816391416893 56.41
5642 22.7021383789765 56.42
5643 22.70611283753675 56.43
5644 22.71008735161789 56.44
5645 22.71406185591169 56.45
5646 22.71803636878357 56.46
5647 22.72201086070443 56.47
5648 22.72598532352606 56.48
5649 22.72995975957035 56.49
5650 22.73393421680268 56.5
5651 22.73790866648044 56.51
5652 22.74188319144396 56.52
5653 22.74585769030333 56.53
5654 22.7498321160614 56.54
5655 22.75380651908798 56.55
5656 22.75778092216741 56.56
5657 22.761755326817 56.57
5658 22.7657297017311 56.58
5659 22.76970407826684 56.59
5660 22.77367851578803 56.6
5661 22.77765294934323 56.61
5662 22.78162738022855 56.62
5663 22.78560182860549 56.63
5664 22.78957623978252 56.64
5665 22.79355059076653 56.65
5666 22.79752494280295 56.66
5667 22.80149927503489 56.67
5668 22.80547361121462 56.68
5669 22.80944792470964 56.69
5670 22.81342227930188 56.7
5671 22.81739662487415 56.71
5672 22.82137096799305 56.72
5673 22.82534529850854 56.73
5674 22.8293196167601 56.74
5675 22.83329393010609 56.75
5676 22.8372682357178 56.76
5677 22.84124253397086 56.77
5678 22.84521682013467 56.78
5679 22.84919109736231 56.79
5680 22.85316536545368 56.8
5681 22.85713964234361 56.81
5682 22.86111389153655 56.82
5683 22.86508813095652 56.83
5684 22.86906236035909 56.84
5685 22.87303662592388 56.85
5686 22.87701088303173 56.86
5687 22.88098513146635 56.87
5688 22.88495943860176 56.88
5689 22.88893382804086 56.89
5690 22.89290821415774 56.9
5691 22.89688259700563 56.91
5692 22.90085697641247 56.92
5693 22.90483135253736 56.93
5694 22.90880572530236 56.94
5695 22.91278009463786 56.95
5696 22.91675446042234 56.96
5697 22.92072882246952 56.97
5698 22.92470318099717 56.98
5699 22.92867753593072 56.99
5700 22.93265188737125 57
5701 22.936626234957 57.01
5702 22.94060062164147 57.02
5703 22.94457496130315 57.03
5704 22.94854934636951 57.04
5705 22.95252372853349 57.05
5706 22.95649810770338 57.06
5707 22.96047249541665 57.07
5708 22.96444688058095 57.08
5709 22.9684212631517 57.09
5710 22.97239565524768 57.1
5711 22.97637003277787 57.11
5712 22.98034440770794 57.12
5713 22.98431877944751 57.13
5714 22.98829314847962 57.14
5715 22.99226751474675 57.15
5716 22.99624187882365 57.16
5717 23.00021624193541 57.17
5718 23.00419060391275 57.18
5719 23.00816496500614 57.19
5720 23.01213932520787 57.2
5721 23.01611368449707 57.21
5722 23.02008804304354 57.22
5723 23.02406240047265 57.23
5724 23.02803675676958 57.24
5725 23.03201114463733 57.25
5726 23.03598554669772 57.26
5727 23.03995989981945 57.27
5728 23.04393425171899 57.28
5729 23.04790860223977 57.29
5730 23.05188295141759 57.3
5731 23.05585729914728 57.31
5732 23.05983168545501 57.32
5733 23.0638060301717 57.33
5734 23.0677803726865 57.34
5735 23.07175471362828 57.35
5736 23.0757290526054 57.36
5737 23.07970339207699 57.37
5738 23.08367772490861 57.38
5739 23.08765201124478 57.39
5740 23.09162629307562 57.4
5741 23.09560061146749 57.41
5742 23.09957492637057 57.42
5743 23.10354924191599 57.43
5744 23.10752354700447 57.44
5745 23.11149785133429 57.45
5746 23.11547215167263 57.46
5747 23.11944644842284 57.47
5748 23.12342074328003 57.48
5749 23.12739503634455 57.49
5750 23.13136932740717 57.5
5751 23.1353436172409 57.51
5752 23.13931790417974 57.52
5753 23.14329218860312 57.53
5754 23.14726647033452 57.54
5755 23.1512407664904 57.55
5756 23.15521503778656 57.56
5757 23.15918930827414 57.57
5758 23.16316359473809 57.58
5759 23.16713785908904 57.59
5760 23.17111211296366 57.6
5761 23.1750864072342 57.61
5762 23.17906069953712 57.62
5763 23.18303498605412 57.63
5764 23.18700926880844 57.64
5765 23.19098358351577 57.65
5766 23.19495789853895 57.66
5767 23.19893219517273 57.67
5768 23.20290650607661 57.68
5769 23.20688081714914 57.69
5770 23.21085512549944 57.7
5771 23.21482942668592 57.71
5772 23.21880372921598 57.72
5773 23.22277804163159 57.73
5774 23.22675238096448 57.74
5775 23.23072670064343 57.75
5776 23.23470097097462 57.76
5777 23.23867526789922 57.77
5778 23.24264955602538 57.78
5779 23.24662385014371 57.79
5780 23.25059814419122 57.8
5781 23.25457243681947 57.81
5782 23.25854672724561 57.82
5783 23.2625210175771 57.83
5784 23.2664953058315 57.84
5785 23.2704695927617 57.85
5786 23.27444388277474 57.86
5787 23.27841816680466 57.87
5788 23.28239244307011 57.88
5789 23.28636672578411 57.89
5790 23.29034100758475 57.9
5791 23.29431528489251 57.91
5792 23.29828956050492 57.92
5793 23.30226383720605 57.93
5794 23.30623810004773 57.94
5795 23.31021232243988 57.95
5796 23.31418654207252 57.96
5797 23.31816076360736 57.97
5798 23.32213497489402 57.98
5799 23.32610916401592 57.99
5800 23.33008341404183 58
5801 23.33405767041096 58.01
5802 23.3380319238596 58.02
5803 23.34200618196299 58.03
5804 23.34598042990535 58.04
5805 23.34995469125419 58.05
5806 23.35392894276815 58.06
5807 23.35790323029673 58.07
5808 23.36187743100191 58.08
5809 23.36585169980946 58.09
5810 23.3698260190116 58.1
5811 23.37380027574003 58.11
5812 23.3777745250459 58.12
5813 23.38174880300608 58.13
5814 23.38572302467166 58.14
5815 23.38969725052389 58.15
5816 23.39367147124191 58.16
5817 23.39764568667574 58.17
5818 23.40161989637191 58.18
5819 23.40559410090649 58.19
5820 23.40956829950662 58.2
5821 23.41354249467534 58.21
5822 23.41751668560193 58.22
5823 23.42149087804508 58.23
5824 23.42546506428292 58.24
5825 23.42943930229666 58.25
5826 23.43341356282425 58.26
5827 23.43738781250295 58.27
5828 23.44136206544724 58.28
5829 23.44533630736088 58.29
5830 23.44931056388788 58.3
5831 23.45328482243234 58.31
5832 23.45725907654028 58.32
5833 23.46123332928119 58.33
5834 23.46520758088231 58.34
5835 23.46918183726424 58.35
5836 23.47315609326213 58.36
5837 23.47713034672963 58.37
5838 23.48110464305205 58.38
5839 23.48507889816923 58.39
5840 23.48905315418263 58.4
5841 23.493027342102 58.41
5842 23.49700153341719 58.42
5843 23.50097572237072 58.43
5844 23.50494991214553 58.44
5845 23.50892410553841 58.45
5846 23.51289829760189 58.46
5847 23.51687252298716 58.47
5848 23.52084669714851 58.48
5849 23.52482086414805 58.49
5850 23.5287950232428 58.5
5851 23.53276920807814 58.51
5852 23.53674339082602 58.52
5853 23.54071753667037 58.53
5854 23.54469167969237 58.54
5855 23.54866585767058 58.55
5856 23.55263999555797 58.56
5857 23.55661413064039 58.57
5858 23.56058826220295 58.58
5859 23.5645623905786 58.59
5860 23.56853651675382 58.6
5861 23.57251063864484 58.61
5862 23.57648475702411 58.62
5863 23.5804588719078 58.63
5864 23.58443298334093 58.64
5865 23.58840709077242 58.65
5866 23.59238119414143 58.66
5867 23.5963553195993 58.67
5868 23.60032941726925 58.68
5869 23.60430352737263 58.69
5870 23.60827763670491 58.7
5871 23.61225174363682 58.71
5872 23.61622584817786 58.72
5873 23.62019994969677 58.73
5874 23.6241740637174 58.74
5875 23.62814817659467 58.75
5876 23.63212228760398 58.76
5877 23.63609639758028 58.77
5878 23.64007052697119 58.78
5879 23.64404465585745 58.79
5880 23.64801878265198 58.8
5881 23.65199293128256 58.81
5882 23.655967078625 58.82
5883 23.65994122459696 58.83
5884 23.66391536985612 58.84
5885 23.66788951435122 58.85
5886 23.67186365790321 58.86
5887 23.67583779973269 58.87
5888 23.6798119411302 58.88
5889 23.683786080818 58.89
5890 23.68776025121744 58.9
5891 23.69173438681256 58.91
5892 23.6957085187744 58.92
5893 23.6996826513025 58.93
5894 23.70365678090504 58.94
5895 23.70763092041474 58.95
5896 23.71160504578784 58.96
5897 23.71557913380733 58.97
5898 23.71955321905047 58.98
5899 23.72352730149075 58.99
5900 23.72750133508038 59
5901 23.73147536496938 59.01
5902 23.73544939062722 59.02
5903 23.73942341236557 59.03
5904 23.74339742852958 59.04
5905 23.74737143875082 59.05
5906 23.75134547129095 59.06
5907 23.75531949840978 59.07
5908 23.75929356407878 59.08
5909 23.7632676264949 59.09
5910 23.76724168710143 59.1
5911 23.77121575882823 59.11
5912 23.77518982817588 59.12
5913 23.77916389577954 59.13
5914 23.78313796153041 59.14
5915 23.78711202422015 59.15
5916 23.79108608878394 59.16
5917 23.79506010124382 59.17
5918 23.79903421834744 59.18
5919 23.80300829178841 59.19
5920 23.80698236332591 59.2
5921 23.81095643134957 59.21
5922 23.81493049898364 59.22
5923 23.818904563054 59.23
5924 23.8228786263384 59.24
5925 23.82685269133636 59.25
5926 23.83082675051165 59.26
5927 23.83480081046728 59.27
5928 23.83877486530682 59.28
5929 23.8427489701158 59.29
5930 23.84672302748674 59.3
5931 23.8506970823486 59.31
5932 23.85467113660147 59.32
5933 23.85864519187466 59.33
5934 23.86261924787497 59.34
5935 23.86659330249883 59.35
5936 23.87056734963874 59.36
5937 23.87454140017401 59.37
5938 23.87851544897856 59.38
5939 23.88248949572453 59.39
5940 23.88646354217485 59.4
5941 23.89043758291842 59.41
5942 23.89441161569048 59.42
5943 23.89838565235177 59.43
5944 23.90235968684442 59.44
5945 23.90633371854275 59.45
5946 23.91030779185483 59.46
5947 23.91428185462849 59.47
5948 23.91825592452795 59.48
5949 23.92222999116445 59.49
5950 23.92620405022765 59.5
5951 23.93017811644438 59.51
5952 23.93415218187128 59.52
5953 23.93812624674442 59.53
5954 23.94210030829083 59.54
5955 23.94607436862871 59.55
5956 23.95004845624597 59.56
5957 23.95402249316435 59.57
5958 23.95799653027705 59.58
5959 23.96197051434761 59.59
5960 23.96594452405687 59.6
5961 23.96991852220379 59.61
5962 23.9738925134731 59.62
5963 23.97786649890726 59.63
5964 23.9818404692008 59.64
5965 23.98581445670769 59.65
5966 23.98978840837798 59.66
5967 23.99376239791707 59.67
5968 23.9977363690938 59.68
5969 24.00171036085696 59.69
5970 24.0056843659839 59.7
5971 24.00965841161677 59.71
5972 24.0136324000298 59.72
5973 24.01760638914594 59.73
5974 24.02158037857263 59.74
5975 24.02555435381642 59.75
5976 24.02952832433915 59.76
5977 24.03350230638024 59.77
5978 24.0374763148396 59.78
5979 24.04145027912747 59.79
5980 24.04542422982186 59.8
5981 24.04939821298449 59.81
5982 24.05337217193997 59.82
5983 24.0573461961686 59.83
5984 24.06132020901222 59.84
5985 24.06529420456745 59.85
5986 24.06926823084259 59.86
5987 24.07324224183362 59.87
5988 24.07721626175817 59.88
5989 24.08119027853586 59.89
5990 24.08516428715208 59.9
5991 24.08913829339694 59.91
5992 24.09311226988581 59.92
5993 24.09708627674287 59.93
5994 24.10106027997143 59.94
5995 24.10503428315431 59.95
5996 24.10900828397367 59.96
5997 24.11298228237897 59.97
5998 24.11695626667882 59.98
5999 24.120930247223 59.99
6000 24.12490423516503 60
6001 24.12887820455855 60.01
6002 24.13285218557995 60.02
6003 24.13682616014326 60.03
6004 24.14080014543525 60.04
6005 24.1447741232648 60.05
6006 24.14874809314203 60.06
6007 24.15272206012799 60.07
6008 24.15669603037326 60.08
6009 24.16066998849936 60.09
6010 24.16464395359144 60.1
6011 24.16861791131384 60.11
6012 24.17259186701693 60.12
6013 24.1765658329945 60.13
6014 24.18053976116983 60.14
6015 24.18451370942049 60.15
6016 24.18848760401649 60.16
6017 24.19246147504614 60.17
6018 24.19643543505078 60.18
6019 24.20040937529419 60.19
6020 24.20438332304693 60.2
6021 24.20835726952929 60.21
6022 24.2123312004658 60.22
6023 24.2163051142344 60.23
6024 24.22027901999777 60.24
6025 24.22425287503292 60.25
6026 24.22822671081279 60.26
6027 24.23220055780147 60.27
6028 24.23617445031258 60.28
6029 24.24014833597602 60.29
6030 24.24412221702196 60.3
6031 24.24809610215955 60.31
6032 24.25206998119088 60.32
6033 24.25604384802762 60.33
6034 24.2600177342167 60.34
6035 24.26399160353444 60.35
6036 24.26796546345177 60.36
6037 24.27193932247008 60.37
6038 24.27591320343316 60.38
6039 24.27988706597655 60.39
6040 24.28386095379502 60.4
6041 24.28783481463775 60.41
6042 24.29180869617776 60.42
6043 24.29578258686499 60.43
6044 24.29975647750303 60.44
6045 24.30373034232522 60.45
6046 24.30770422254469 60.46
6047 24.31167807347471 60.47
6048 24.3156519437659 60.48
6049 24.31962580050405 60.49
6050 24.32359967442182 60.5
6051 24.32757353461803 60.51
6052 24.33154737870892 60.52
6053 24.33552121984161 60.53
6054 24.33949506772764 60.54
6055 24.34346890106614 60.55
6056 24.34744273894744 60.56
6057 24.35141656785996 60.57
6058 24.35539038863995 60.58
6059 24.35936423112003 60.59
6060 24.36333808176079 60.6
6061 24.36731192855845 60.61
6062 24.37128577351193 60.62
6063 24.37525965843182 60.63
6064 24.37923354059149 60.64
6065 24.38320741446366 60.65
6066 24.38718128682465 60.66
6067 24.39115514531077 60.67
6068 24.39512898662736 60.68
6069 24.39910280597103 60.69
6070 24.40307665086189 60.7
6071 24.40705046031166 60.71
6072 24.41102426805286 60.72
6073 24.41499810542273 60.73
6074 24.41897190483293 60.74
6075 24.42294569117244 60.75
6076 24.42691945282909 60.76
6077 24.4308932330424 60.77
6078 24.43486699150189 60.78
6079 24.43884079154223 60.79
6080 24.44281455521271 60.8
6081 24.44678830712608 60.81
6082 24.45076210544407 60.82
6083 24.45473586005862 60.83
6084 24.45870962579407 60.84
6085 24.46268338261396 60.85
6086 24.46665714887762 60.86
6087 24.4706309168353 60.87
6088 24.47460464380869 60.88
6089 24.47857836044454 60.89
6090 24.48255209125809 60.9
6091 24.48652580476877 60.91
6092 24.49049950348126 60.92
6093 24.49447322451887 60.93
6094 24.49844690825011 60.94
6095 24.50242060957389 60.95
6096 24.50639432126977 60.96
6097 24.51036803178405 60.97
6098 24.51434175056606 60.98
6099 24.51831545049938 60.99
6100 24.52228915037908 61
6101 24.5262628361468 61.01
6102 24.53023651985705 61.02
6103 24.53421019704763 61.03
6104 24.53818389532493 61.04
6105 24.54215756585612 61.05
6106 24.54613125135751 61.06
6107 24.55010492962539 61.07
6108 24.55407860013541 61.08
6109 24.55805226445535 61.09
6110 24.56202592920704 61.1
6111 24.56599963280454 61.11
6112 24.56997328367464 61.12
6113 24.57394694470617 61.13
6114 24.57792060721047 61.14
6115 24.5818942876096 61.15
6116 24.58586793691749 61.16
6117 24.58984162850168 61.17
6118 24.59381531941408 61.18
6119 24.59778900376017 61.19
6120 24.60176267883441 61.2
6121 24.6057363473316 61.21
6122 24.60971001453585 61.22
6123 24.6136836728866 61.23
6124 24.61765731854239 61.24
6125 24.62163096540951 61.25
6126 24.62560460731134 61.26
6127 24.6295782429633 61.27
6128 24.63355186884458 61.28
6129 24.63752550713592 61.29
6130 24.64149914460982 61.3
6131 24.6454727745127 61.31
6132 24.64944638775695 61.32
6133 24.65342000590981 61.33
6134 24.6573936353931 61.34
6135 24.66136728298401 61.35
6136 24.66534091657562 61.36
6137 24.6693145572786 61.37
6138 24.67328819634431 61.38
6139 24.6772618192016 61.39
6140 24.68123550737684 61.4
6141 24.68520912991688 61.41
6142 24.68918276884789 61.42
6143 24.69315639957771 61.43
6144 24.69713005995958 61.44
6145 24.70110370753365 61.45
6146 24.70507736175008 61.46
6147 24.7090510004398 61.47
6148 24.71302464302622 61.48
6149 24.71699828368283 61.49
6150 24.72097191656079 61.5
6151 24.72494555051291 61.51
6152 24.72891923107212 61.52
6153 24.73289290726177 61.53
6154 24.7368665668069 61.54
6155 24.74084024616756 61.55
6156 24.74481392512359 61.56
6157 24.74878758979634 61.57
6158 24.75276122311589 61.58
6159 24.75673485142963 61.59
6160 24.7607085007715 61.6
6161 24.76468220296056 61.61
6162 24.76865590006599 61.62
6163 24.77262958703719 61.63
6164 24.77660326462365 61.64
6165 24.78057693359546 61.65
6166 24.78455059655751 61.66
6167 24.78852424744726 61.67
6168 24.79249788979546 61.68
6169 24.79647152457068 61.69
6170 24.80044515506929 61.7
6171 24.80441875779064 61.71
6172 24.8083923568016 61.72
6173 24.81236595376508 61.73
6174 24.8163395435177 61.74
6175 24.82031311876784 61.75
6176 24.82428670281251 61.76
6177 24.82826027373007 61.77
6178 24.83223382930002 61.78
6179 24.83620738687741 61.79
6180 24.84018094646411 61.8
6181 24.84415450951104 61.81
6182 24.84812809409526 61.82
6183 24.8521016515524 61.83
6184 24.85607523492556 61.84
6185 24.86004884316448 61.85
6186 24.86402244416391 61.86
6187 24.86799603506384 61.87
6188 24.87196962628159 61.88
6189 24.8759431942789 61.89
6190 24.87991681320929 61.9
6191 24.8838904411291 61.91
6192 24.88786403789415 61.92
6193 24.89183764140903 61.93
6194 24.89581123893486 61.94
6195 24.89978484739142 61.95
6196 24.90375848513424 61.96
6197 24.90773207802987 61.97
6198 24.91170568626179 61.98
6199 24.91567931890747 61.99
6200 24.91965294651469 62
6201 24.92362661411838 62.01
6202 24.92760024501839 62.02
6203 24.93157386256692 62.03
6204 24.93554746285109 62.04
6205 24.93952107226516 62.05
6206 24.94349464661244 62.06
6207 24.94746824863923 62.07
6208 24.95144185421385 62.08
6209 24.95541532642226 62.09
6210 24.9593888448871 62.1
6211 24.9633623566719 62.11
6212 24.96733585733887 62.12
6213 24.97130932125101 62.13
6214 24.97528286211125 62.14
6215 24.97925641672366 62.15
6216 24.98322994241773 62.16
6217 24.98720347005467 62.17
6218 24.99117701667902 62.18
6219 24.99515054888337 62.19
6220 24.99912408648258 62.2
6221 25.00309760356477 62.21
6222 25.00707111647097 62.22
6223 25.01104462453104 62.23
6224 25.01501814993121 62.24
6225 25.01899169490096 62.25
6226 25.02296522518282 62.26
6227 25.02693871958817 62.27
6228 25.03091220971446 62.28
6229 25.03488569601988 62.29
6230 25.03885917254674 62.3
6231 25.04283266717658 62.31
6232 25.0468061798356 62.32
6233 25.05077967776532 62.33
6234 25.05475319484005 62.34
6235 25.05872674180356 62.35
6236 25.0627002983619 62.36
6237 25.0666738207788 62.37
6238 25.07064731124462 62.38
6239 25.07462084940182 62.39
6240 25.07859438250913 62.4
6241 25.08256785864341 62.41
6242 25.08654137275316 62.42
6243 25.09051486196762 62.43
6244 25.09448835483348 62.44
6245 25.09846192063686 62.45
6246 25.10243539379209 62.46
6247 25.1064088688284 62.47
6248 25.11038234787988 62.48
6249 25.11435586246113 62.49
6250 25.11832930809483 62.5
6251 25.12230284071349 62.51
6252 25.12627629169416 62.52
6253 25.13024980389345 62.53
6254 25.13422332873084 62.54
6255 25.13819680393076 62.55
6256 25.14217024943286 62.56
6257 25.1461437252281 62.57
6258 25.15011717283274 62.58
6259 25.15409064518865 62.59
6260 25.15806413376083 62.6
6261 25.16203760255134 62.61
6262 25.1660110817825 62.62
6263 25.16998458725462 62.63
6264 25.17395806935613 62.64
6265 25.17793152685375 62.65
6266 25.18190500170737 62.66
6267 25.18587843084114 62.67
6268 25.18985190565184 62.68
6269 25.19382539029455 62.69
6270 25.1977988149189 62.7
6271 25.20177225969206 62.71
6272 25.20574569129831 62.72
6273 25.20971912281429 62.73
6274 25.2136925631185 62.74
6275 25.21766598508058 62.75
6276 25.22163943590358 62.76
6277 25.22561284748022 62.77
6278 25.22958626277318 62.78
6279 25.23355968950623 62.79
6280 25.23753314308271 62.8
6281 25.24150653269713 62.81
6282 25.24547993700633 62.82
6283 25.24945334393138 62.83
6284 25.25342672094684 62.84
6285 25.25740013659168 62.85
6286 25.26137353753316 62.86
6287 25.26534691527769 62.87
6288 25.26932038220958 62.88
6289 25.27329383807804 62.89
6290 25.27726730692162 62.9
6291 25.2812407620449 62.91
6292 25.28521418502589 62.92
6293 25.28918760734671 62.93
6294 25.29316105251797 62.94
6295 25.29713445212744 62.95
6296 25.30110789447783 62.96
6297 25.30508130813011 62.97
6298 25.30905471550963 62.98
6299 25.31302810936896 62.99
6300 25.31700154682303 63
6301 25.32097498282277 63.01
6302 25.3249484244937 63.02
6303 25.32892187392832 63.03
6304 25.33289531156485 63.04
6305 25.33686874010412 63.05
6306 25.34084216652231 63.06
6307 25.34481557891867 63.07
6308 25.34878900418308 63.08
6309 25.35276243619247 63.09
6310 25.35673583819655 63.1
6311 25.36070925388262 63.11
6312 25.3646826838586 63.12
6313 25.36865610140016 63.13
6314 25.37262953489715 63.14
6315 25.37660299717174 63.15
6316 25.38057646473822 63.16
6317 25.384549931214 63.17
6318 25.38852339895855 63.18
6319 25.39249686904339 63.19
6320 25.39647027744919 63.2
6321 25.40044370333516 63.21
6322 25.40441712672525 63.22
6323 25.40839054593295 63.23
6324 25.41236396368488 63.24
6325 25.41633737670971 63.25
6326 25.42031078698115 63.26
6327 25.42428419132058 63.27
6328 25.42825759078863 63.28
6329 25.43223098254261 63.29
6330 25.43620430027004 63.3
6331 25.44017761133119 63.31
6332 25.44415091799769 63.32
6333 25.44812421477875 63.33
6334 25.45209750805156 63.34
6335 25.45607082102231 63.35
6336 25.46004412768912 63.36
6337 25.46401742885372 63.37
6338 25.46799072716109 63.38
6339 25.47196405757683 63.39
6340 25.47593733925493 63.4
6341 25.47991061695885 63.41
6342 25.48388388381257 63.42
6343 25.48785714484512 63.43
6344 25.49183039652885 63.44
6345 25.49580363856789 63.45
6346 25.49977688754901 63.46
6347 25.50375013637099 63.47
6348 25.50772332859748 63.48
6349 25.51169655419403 63.49
6350 25.51566979295106 63.5
6351 25.51964302842774 63.51
6352 25.52361625930291 63.52
6353 25.52758947944129 63.53
6354 25.53156269181037 63.54
6355 25.53553591194949 63.55
6356 25.53950916991739 63.56
6357 25.54348241921323 63.57
6358 25.54745573060045 63.58
6359 25.55142903523288 63.59
6360 25.55540233364763 63.6
6361 25.55937562616301 63.61
6362 25.56334891220566 63.62
6363 25.5673221921486 63.63
6364 25.57129546765027 63.64
6365 25.57526873421308 63.65
6366 25.57924199568168 63.66
6367 25.58321524799926 63.67
6368 25.58718849352545 63.68
6369 25.59116173293253 63.69
6370 25.59513500825523 63.7
6371 25.59910827984978 63.71
6372 25.60308154296498 63.72
6373 25.60705483001887 63.73
6374 25.61102808032013 63.74
6375 25.61500132098614 63.75
6376 25.61897455137524 63.76
6377 25.6229478095069 63.77
6378 25.62692106820793 63.78
6379 25.63089431188227 63.79
6380 25.63486756076286 63.8
6381 25.63884080736748 63.81
6382 25.64281403638798 63.82
6383 25.64678726229398 63.83
6384 25.65076048520972 63.84
6385 25.65473371385315 63.85
6386 25.65870692781188 63.86
6387 25.66268014010501 63.87
6388 25.66665334910265 63.88
6389 25.67062654813537 63.89
6390 25.6745997446135 63.9
6391 25.67857294033411 63.91
6392 25.6825461720567 63.92
6393 25.6865193518673 63.93
6394 25.69049260304657 63.94
6395 25.69446584598503 63.95
6396 25.6984390906547 63.96
6397 25.70241232733993 63.97
6398 25.70638556301753 63.98
6399 25.71035883085295 63.99
6400 25.71433206352066 64
6401 25.71830528202234 64.01000000000001
6402 25.7222784988689 64.02
6403 25.72625171563782 64.03
6404 25.73022492778995 64.04000000000001
6405 25.73419817698886 64.05
6406 25.73817142090837 64.06
6407 25.74214466041348 64.07000000000001
6408 25.74611789676395 64.08
6409 25.75009117352063 64.09
6410 25.75406444904156 64.09999999999999
6411 25.75803772128085 64.11
6412 25.76201098991947 64.12
6413 25.7659842531674 64.13
6414 25.76995751562896 64.14
6415 25.77393081657132 64.15000000000001
6416 25.77790407001856 64.16
6417 25.78187731990424 64.17
6418 25.78585056872813 64.18000000000001
6419 25.78982381089665 64.19
6420 25.79379710073108 64.2
6421 25.7977703669598 64.21000000000001
6422 25.80174359553215 64.22
6423 25.80571682036836 64.23
6424 25.80969004012339 64.23999999999999
6425 25.81366325492153 64.25
6426 25.81763646246728 64.26000000000001
6427 25.82160966457002 64.27
6428 25.82558286172596 64.28
6429 25.82955607068709 64.29000000000001
6430 25.83352927757217 64.3
6431 25.83750252828667 64.31
6432 25.84147584438917 64.32000000000001
6433 25.84544916112993 64.33
6434 25.84942247839857 64.34
6435 25.85339579306764 64.34999999999999
6436 25.85736910759138 64.36
6437 25.86134242348367 64.37
6438 25.86531573754997 64.38
6439 25.86928900619126 64.39
6440 25.87326227261727 64.40000000000001
6441 25.87723553570282 64.41
6442 25.88120879634403 64.42
6443 25.88518207295772 64.43000000000001
6444 25.88915534307041 64.44
6445 25.89312861248195 64.45
6446 25.89710188429085 64.46000000000001
6447 25.9010751499672 64.47
6448 25.90504841426866 64.48
6449 25.90902167801755 64.48999999999999
6450 25.91299493723952 64.5
6451 25.91696819461738 64.51000000000001
6452 25.92094145014314 64.52
6453 25.92491470041163 64.53
6454 25.92888798852038 64.54000000000001
6455 25.93286127498979 64.55
6456 25.93683455828639 64.56
6457 25.94080784988368 64.57000000000001
6458 25.94478112954171 64.58
6459 25.94875440962599 64.59
6460 25.9527276835909 64.59999999999999
6461 25.95670100136076 64.61
6462 25.96067431861856 64.62
6463 25.96464763522852 64.63
6464 25.96862098946917 64.64
6465 25.97259426373128 64.65000000000001
6466 25.97656753623388 64.66
6467 25.98054080683819 64.67
6468 25.98451407537451 64.68000000000001
6469 25.98848729092274 64.69
6470 25.992460502975 64.7
6471 25.99643372759975 64.71000000000001
6472 26.00040695170482 64.72
6473 26.00438017312428 64.73
6474 26.00835338938361 64.73999999999999
6475 26.01232660492134 64.75
6476 26.01629981530826 64.76000000000001
6477 26.02027302279868 64.77
6478 26.02424622744277 64.78
6479 26.02821942584568 64.79000000000001
6480 26.03219262083854 64.8
6481 26.03616581322956 64.81
6482 26.04013904634657 64.82000000000001
6483 26.04411227818886 64.83
6484 26.04808549707758 64.84
6485 26.05205866459242 64.84999999999999
6486 26.05603182818822 64.86
6487 26.06000498879857 64.87
6488 26.06397814412766 64.88
6489 26.06795129510378 64.89
6490 26.07192444279854 64.90000000000001
6491 26.07589754506683 64.91
6492 26.07987064215727 64.92
6493 26.08384374112595 64.93000000000001
6494 26.08781683015859 64.94
6495 26.09178991109679 64.95
6496 26.09576299095706 64.96000000000001
6497 26.09973606003938 64.97
6498 26.10370914827393 64.98
6499 26.10768223581756 64.98999999999999
6500 26.11165531721173 65
6501 26.11562839492852 65.01000000000001
6502 26.11960147155697 65.02
6503 26.12357453858759 65.03
6504 26.12754759982756 65.04000000000001
6505 26.13152065880688 65.05
6506 26.1354937083942 65.06
6507 26.13946679765165 65.07000000000001
6508 26.14343988486515 65.08
6509 26.14741304478326 65.09
6510 26.15138615245697 65.09999999999999
6511 26.1553592507862 65.11
6512 26.15933234624811 65.12
6513 26.16330543620722 65.13
6514 26.16727853428878 65.14
6515 26.17125165358541 65.15000000000001
6516 26.17522477083071 65.16
6517 26.17919786259066 65.17
6518 26.18317095205227 65.18000000000001
6519 26.18714403870742 65.19
6520 26.19111712376325 65.2
6521 26.19509022387863 65.21000000000001
6522 26.1990633045673 65.22
6523 26.20303638232059 65.23
6524 26.20700945770787 65.23999999999999
6525 26.2109825296202 65.25
6526 26.21495560020881 65.26000000000001
6527 26.21892868826171 65.27
6528 26.22290175452441 65.28
6529 26.22687481668235 65.29000000000001
6530 26.23084787745359 65.3
6531 26.23482093763968 65.31
6532 26.23879399062616 65.32000000000001
6533 26.24276704029189 65.33
6534 26.24674010213297 65.34
6535 26.25071316100495 65.34999999999999
6536 26.25468621653033 65.36
6537 26.25865926901962 65.37
6538 26.26263236249066 65.38
6539 26.26660542216916 65.39
6540 26.27057848058262 65.40000000000001
6541 26.2745515360703 65.41
6542 26.27852461605615 65.42
6543 26.28249766451845 65.43000000000001
6544 26.28647077501655 65.44
6545 26.2904438436893 65.45
6546 26.29441691077408 65.46000000000001
6547 26.29838997477457 65.47
6548 26.3023630340848 65.48
6549 26.3063360911051 65.48999999999999
6550 26.31030914476396 65.5
6551 26.31428219478614 65.51000000000001
6552 26.31825524148636 65.52
6553 26.32222828346107 65.53
6554 26.32620132113466 65.54000000000001
6555 26.33017439446106 65.55
6556 26.3341474221609 65.56
6557 26.33812044706738 65.57000000000001
6558 26.34209346660939 65.58
6559 26.34606650459594 65.59
6560 26.35003951358583 65.59999999999999
6561 26.35401252066395 65.61
6562 26.35798559386973 65.62
6563 26.36195864361767 65.63
6564 26.36593168216283 65.64
6565 26.36990471684544 65.65000000000001
6566 26.37387774989467 65.66
6567 26.37785078405088 65.67
6568 26.38182382149198 65.68000000000001
6569 26.38579686629646 65.69
6570 26.38976990961448 65.7
6571 26.39374296940269 65.71000000000001
6572 26.39771602486876 65.72
6573 26.40168907608329 65.73
6574 26.40566212497666 65.73999999999999
6575 26.40963517060933 65.75
6576 26.41360821334585 65.76000000000001
6577 26.4175812621009 65.77
6578 26.42155429746693 65.78
6579 26.42552732743579 65.79000000000001
6580 26.42950030018509 65.8
6581 26.43347326984447 65.81
6582 26.43744623402677 65.82000000000001
6583 26.44141919397973 65.83
6584 26.4453921964811 65.84
6585 26.44936519419546 65.84999999999999
6586 26.45333818935414 65.86
6587 26.45731118047438 65.87
6588 26.46128417579874 65.88
6589 26.46525715890935 65.89
6590 26.46923014228462 65.90000000000001
6591 26.47320312368692 65.91
6592 26.47717610019382 65.92
6593 26.48114907437296 65.93000000000001
6594 26.48512204720585 65.94
6595 26.48909501608675 65.95
6596 26.49306800721354 65.96000000000001
6597 26.49704099402596 65.97
6598 26.50101397621152 65.98
6599 26.50498697109037 65.98999999999999
6600 26.50896000315574 66
6601 26.51293303672215 66.01000000000001
6602 26.51690603379189 66.02
6603 26.52087897668883 66.03
6604 26.52485191675004 66.04000000000001
6605 26.52882485266021 66.05
6606 26.53279778495948 66.06
6607 26.53677070023781 66.07000000000001
6608 26.54074361485318 66.08
6609 26.54471656437055 66.09
6610 26.54868946749459 66.09999999999999
6611 26.55266236565488 66.11
6612 26.55663525742257 66.12
6613 26.56060815027595 66.13
6614 26.56458103542097 66.14
6615 26.56855391258683 66.15000000000001
6616 26.57252678502361 66.16
6617 26.57649969788407 66.17
6618 26.58047260960221 66.18000000000001
6619 26.58444551994416 66.19
6620 26.58841842932999 66.2
6621 26.59239133727777 66.21000000000001
6622 26.59636426005272 66.22
6623 26.6003371801039 66.23
6624 26.60431009608932 66.23999999999999
6625 26.60828300610573 66.25
6626 26.61225588709138 66.26000000000001
6627 26.61622874139894 66.27
6628 26.62020158505895 66.28
6629 26.62417441424976 66.29000000000001
6630 26.62814722010809 66.3
6631 26.63212000965299 66.31
6632 26.63609282331817 66.32000000000001
6633 26.6400656488952 66.33
6634 26.64403846709325 66.34
6635 26.64801128024515 66.34999999999999
6636 26.65198408832815 66.36
6637 26.65595689255984 66.37
6638 26.65992968936828 66.38
6639 26.66390247848079 66.39
6640 26.6678752610934 66.40000000000001
6641 26.67184809353384 66.41
6642 26.67582092044669 66.42
6643 26.67979374348689 66.43000000000001
6644 26.68376656445928 66.44
6645 26.68773937805529 66.45
6646 26.6917121906415 66.46000000000001
6647 26.69568499448372 66.47
6648 26.69965779355466 66.48
6649 26.70363058690042 66.48999999999999
6650 26.70760339370452 66.5
6651 26.71157619212904 66.51000000000001
6652 26.7155489860103 66.52
6653 26.71952177502733 66.53
6654 26.72349456059288 66.54000000000001
6655 26.72746733968849 66.55
6656 26.73144011365206 66.56
6657 26.7354128826075 66.57000000000001
6658 26.7393856703099 66.58
6659 26.74335845777159 66.59
6660 26.74733123631719 66.59999999999999
6661 26.75130400948294 66.61
6662 26.7552767750789 66.62
6663 26.75924953831424 66.63
6664 26.7632222915541 66.64
6665 26.76719504067431 66.65000000000001
6666 26.77116778306631 66.66
6667 26.77514052322831 66.67
6668 26.7791133175368 66.68000000000001
6669 26.78308611934249 66.69
6670 26.78705893257656 66.7
6671 26.79103173975203 66.71000000000001
6672 26.79500454273568 66.72
6673 26.79897734133614 66.73
6674 26.80295013482717 66.73999999999999
6675 26.80692292036631 66.75
6676 26.81089570530966 66.76000000000001
6677 26.81486848564699 66.77
6678 26.81884126061838 66.78
6679 26.82281403045901 66.79000000000001
6680 26.82678679514221 66.8
6681 26.83075955468755 66.81
6682 26.83473230905038 66.82000000000001
6683 26.83870505699775 66.83
6684 26.84267779931752 66.84
6685 26.84665053599232 66.84999999999999
6686 26.85062330521095 66.86
6687 26.85459607224414 66.87
6688 26.85856883472012 66.88
6689 26.86254159272848 66.89
6690 26.86651436600131 66.90000000000001
6691 26.87048711423045 66.91
6692 26.87445989477293 66.92
6693 26.87843263384168 66.93000000000001
6694 26.8824053692958 66.94
6695 26.88637809819149 66.95
6696 26.8903508216648 66.96000000000001
6697 26.89432358321296 66.97
6698 26.89829637674352 66.98
6699 26.90226913336365 66.98999999999999
6700 26.90624188631812 67
6701 26.910214634662 67.01000000000001
6702 26.91418738045859 67.02
6703 26.91816012149754 67.03
6704 26.92213285758469 67.04000000000001
6705 26.92610563449266 67.05
6706 26.93007836104739 67.06
6707 26.93405108818195 67.07000000000001
6708 26.93802380487672 67.08
6709 26.9419965748906 67.09
6710 26.94596934029781 67.09999999999999
6711 26.94994210035995 67.11
6712 26.95391485416371 67.12
6713 26.95788760801653 67.13
6714 26.96186035116437 67.14
6715 26.96583308907111 67.15000000000001
6716 26.96980582392551 67.16
6717 26.97377856865852 67.17
6718 26.97775133938558 67.18000000000001
6719 26.98172407271655 67.19
6720 26.98569681427374 67.2
6721 26.98966955883034 67.21000000000001
6722 26.99364229943325 67.22
6723 26.99761503769706 67.23
6724 27.001587770941 67.23999999999999
6725 27.00556049992061 67.25
6726 27.00953322395575 67.26000000000001
6727 27.01350598535714 67.27
6728 27.01747882240881 67.28
6729 27.02145160528811 67.29000000000001
6730 27.02542438563925 67.3
6731 27.02939716335234 67.31
6732 27.03336993823469 67.32000000000001
6733 27.0373427092505 67.33
6734 27.0413154764177 67.34
6735 27.04528827566746 67.34999999999999
6736 27.04926103351158 67.36
6737 27.0532338342037 67.37
6738 27.05720661186207 67.38
6739 27.06117941670426 67.39
6740 27.06515221402413 67.40000000000001
6741 27.06912500567664 67.41
6742 27.07309779195043 67.42
6743 27.07707059463026 67.43000000000001
6744 27.08104340222931 67.44
6745 27.08501620224082 67.45
6746 27.08898907770087 67.46000000000001
6747 27.09296195064484 67.47
6748 27.0969348203483 67.48
6749 27.10090768784643 67.48999999999999
6750 27.1048805509114 67.5
6751 27.10885345848126 67.51000000000001
6752 27.11282626516898 67.52
6753 27.11679906799328 67.53
6754 27.12077186746621 67.54000000000001
6755 27.12474466246199 67.55
6756 27.12871745290223 67.56
6757 27.13269025722736 67.57000000000001
6758 27.13666305698505 67.58
6759 27.1406357896117 67.59
6760 27.14460851751811 67.59999999999999
6761 27.14858124095667 67.61
6762 27.15255396456816 67.62
6763 27.15652667821755 67.63
6764 27.16049938649667 67.64
6765 27.16447209162104 67.65000000000001
6766 27.16844478931008 67.66
6767 27.17241748132471 67.67
6768 27.17639016778947 67.68000000000001
6769 27.18036284859682 67.69
6770 27.18433552740543 67.7
6771 27.18830824198479 67.71000000000001
6772 27.19228091214229 67.72
6773 27.19625357799484 67.73
6774 27.20022623956328 67.73999999999999
6775 27.20419889732269 67.75
6776 27.20817155080697 67.76000000000001
6777 27.21214420200178 67.77
6778 27.21611684769749 67.78
6779 27.22008952193996 67.79000000000001
6780 27.22406219424679 67.8
6781 27.22803486046703 67.81
6782 27.23200752337488 67.82000000000001
6783 27.23598018189423 67.83
6784 27.23995285491734 67.84
6785 27.24392550390661 67.84999999999999
6786 27.24789816454062 67.86
6787 27.2518708393852 67.87
6788 27.2558434945982 67.88
6789 27.25981614462996 67.89
6790 27.2637887913684 67.90000000000001
6791 27.26776143446584 67.91
6792 27.27173407524374 67.92
6793 27.27570675888008 67.93000000000001
6794 27.27967939230653 67.94
6795 27.2836520214925 67.95
6796 27.28762464485706 67.96000000000001
6797 27.29159726385942 67.97
6798 27.29556987752563 67.98
6799 27.29954252049405 67.98999999999999
6800 27.30351516006009 68
6801 27.30748779560133 68.01000000000001
6802 27.31146042746541 68.02
6803 27.3154330551804 68.03
6804 27.31940567864766 68.04000000000001
6805 27.32337829801224 68.05
6806 27.32735091239519 68.06
6807 27.33132344614245 68.07000000000001
6808 27.33529597659885 68.08
6809 27.33926854725949 68.09
6810 27.34324106745379 68.09999999999999
6811 27.3472135814657 68.11
6812 27.35118609141479 68.12
6813 27.35515859507903 68.13
6814 27.35913109391448 68.14
6815 27.36310358133935 68.15000000000001
6816 27.3670760800033 68.16
6817 27.37104860966166 68.17
6818 27.37502109972287 68.18000000000001
6819 27.37899365349036 68.19
6820 27.38296613348855 68.2
6821 27.38693860920635 68.21000000000001
6822 27.39091108002559 68.22
6823 27.39488354333096 68.23
6824 27.39885600383783 68.23999999999999
6825 27.4028284787391 68.25
6826 27.40680094931253 68.26000000000001
6827 27.41077341615363 68.27
6828 27.41474592358741 68.28
6829 27.41871842657998 68.29000000000001
6830 27.42269086405752 68.3
6831 27.4266633209117 68.31
6832 27.43063579271349 68.32000000000001
6833 27.43460825998351 68.33
6834 27.43858072287359 68.34
6835 27.44255318226563 68.35000000000001
6836 27.44652563657164 68.36
6837 27.45049808319028 68.37
6838 27.45447063205349 68.38
6839 27.45844314017013 68.39
6840 27.46241567385227 68.40000000000001
6841 27.46638816694865 68.41
6842 27.47036065946687 68.42
6843 27.47433318197598 68.43000000000001
6844 27.47830566987092 68.44
6845 27.48227815288318 68.45
6846 27.48625063079741 68.46000000000001
6847 27.49022310068745 68.47
6848 27.49419556394147 68.48
6849 27.49816802004403 68.48999999999999
6850 27.50214051305484 68.5
6851 27.50611299961723 68.51000000000001
6852 27.51008547931999 68.52
6853 27.51405795204952 68.53
6854 27.51803041618738 68.54000000000001
6855 27.52200287295368 68.55
6856 27.52597538782679 68.56
6857 27.52994789682133 68.57000000000001
6858 27.53392040241387 68.58
6859 27.5378929026855 68.59
6860 27.54186539767435 68.60000000000001
6861 27.54583788611336 68.61
6862 27.54981037299252 68.62
6863 27.55378285569505 68.63
6864 27.55775533340539 68.64
6865 27.56172784939892 68.65000000000001
6866 27.56570032994428 68.66
6867 27.56967280856115 68.67
6868 27.57364528343495 68.68000000000001
6869 27.57761775469572 68.69
6870 27.5815902212093 68.7
6871 27.58556276955732 68.71000000000001
6872 27.58953531621009 68.72
6873 27.59350786158981 68.73
6874 27.59748043947759 68.73999999999999
6875 27.6014530315019 68.75
6876 27.60542561921236 68.76000000000001
6877 27.6093981733374 68.77
6878 27.61337074451117 68.78
6879 27.61734331371945 68.79000000000001
6880 27.6213158831709 68.8
6881 27.6252884518972 68.81
6882 27.62926101962593 68.82000000000001
6883 27.63323360335155 68.83
6884 27.6372061688158 68.84
6885 27.6411787344765 68.85000000000001
6886 27.64515129686303 68.86
6887 27.64912385667888 68.87
6888 27.6530964153132 68.88
6889 27.657068980706 68.89
6890 27.66104154528302 68.90000000000001
6891 27.66501410796364 68.91
6892 27.66898671769246 68.92
6893 27.67295929586372 68.93000000000001
6894 27.67693187375907 68.94
6895 27.68090445199097 68.95
6896 27.68487702950101 68.96000000000001
6897 27.68884960775921 68.97
6898 27.69282218650482 68.98
6899 27.69679476386611 68.98999999999999
6900 27.70076728244566 69
6901 27.7047397987265 69.01000000000001
6902 27.70871231262903 69.02
6903 27.71268482439698 69.03
6904 27.7166573342273 69.04000000000001
6905 27.72062984208115 69.05
6906 27.72460237380913 69.06
6907 27.72857492601917 69.07000000000001
6908 27.73254742997511 69.08
6909 27.73651993252217 69.09
6910 27.74049243366327 69.10000000000001
6911 27.74446493332314 69.11
6912 27.74843743220959 69.12
6913 27.75240992815125 69.13
6914 27.75638242283326 69.14
6915 27.7603549147501 69.15000000000001
6916 27.76432740605407 69.16
6917 27.76829989358026 69.17
6918 27.77227238168119 69.18000000000001
6919 27.77624486448795 69.19
6920 27.78021734365548 69.2
6921 27.78418982013883 69.21000000000001
6922 27.78816229191837 69.22
6923 27.79213476004615 69.23
6924 27.79610722345532 69.23999999999999
6925 27.80007968274835 69.25
6926 27.80405218420839 69.26000000000001
6927 27.80802463416921 69.27
6928 27.81199712289711 69.28
6929 27.81596960945058 69.29000000000001
6930 27.81994209309311 69.3
6931 27.82391457298213 69.31
6932 27.82788705114569 69.32000000000001
6933 27.83185952400854 69.33
6934 27.83583199270834 69.34
6935 27.83980445729052 69.35000000000001
6936 27.84377691834067 69.36
6937 27.84774937552841 69.37
6938 27.85172182648745 69.38
6939 27.855694307757 69.39
6940 27.85966678804156 69.40000000000001
6941 27.86363926699839 69.41
6942 27.86761174429288 69.42
6943 27.87158422256278 69.43000000000001
6944 27.87555669767249 69.44
6945 27.87952917184795 69.45
6946 27.88350159764449 69.46000000000001
6947 27.88747401616174 69.47
6948 27.89144637298537 69.48
6949 27.89541872449998 69.48999999999999
6950 27.89939107052843 69.5
6951 27.90336341209452 69.51000000000001
6952 27.90733575079273 69.52
6953 27.91130808594745 69.53
6954 27.9152804149372 69.54000000000001
6955 27.91925279130594 69.55
6956 27.92322513065175 69.56
6957 27.92719746669137 69.57000000000001
6958 27.9311697987064 69.58
6959 27.93514212553376 69.59
6960 27.93911445028328 69.60000000000001
6961 27.94308676847674 69.61
6962 27.94705914859146 69.62
6963 27.95103152689441 69.63
6964 27.95500390290794 69.64
6965 27.95897627822431 69.65000000000001
6966 27.96294864926973 69.66
6967 27.96692101692812 69.67
6968 27.97089338265877 69.68000000000001
6969 27.97486574506933 69.69
6970 27.9788381060148 69.7
6971 27.98281046267911 69.71000000000001
6972 27.98678281465957 69.72
6973 27.9907551654657 69.73
6974 27.99472750641387 69.73999999999999
6975 27.99869983526111 69.75
6976 28.00267216980907 69.76000000000001
6977 28.00664450859255 69.77
6978 28.01061685550899 69.78
6979 28.01458917975656 69.79000000000001
6980 28.01856151631433 69.8
6981 28.02253388617608 69.81
6982 28.02650625066655 69.82000000000001
6983 28.03047855754255 69.83
6984 28.03445086403931 69.84
6985 28.03842318383295 69.85000000000001
6986 28.04239546665451 69.86
6987 28.04636775144473 69.87
6988 28.05034003692588 69.88
6989 28.0543123118884 69.89
6990 28.05828459001764 69.90000000000001
6991 28.06225685662185 69.91
6992 28.06622912407493 69.92
6993 28.07020137612796 69.93000000000001
6994 28.07417364128838 69.94
6995 28.07814588680961 69.95
6996 28.08211813677265 69.96000000000001
6997 28.08609036933706 69.97
6998 28.09006260943868 69.98
6999 28.09403483497658 69.98999999999999
7000 28.0980070636501 70
7001 28.1019792748927 70.01000000000001
7002 28.10595147690172 70.02
7003 28.10992368446835 70.03
7004 28.11389588913324 70.04000000000001
7005 28.11786808371345 70.05
7006 28.12184026921975 70.06
7007 28.12581244396229 70.07000000000001
7008 28.12978466000287 70.08
7009 28.13375689682946 70.09
7010 28.13772910131039 70.10000000000001
7011 28.14170133294649 70.11
7012 28.14567358517952 70.12
7013 28.14964582403592 70.13
7014 28.15361807197709 70.14
7015 28.15759031757815 70.15000000000001
7016 28.16156256281223 70.16
7017 28.16553479816603 70.17
7018 28.16950702786012 70.18000000000001
7019 28.17347923280178 70.19
7020 28.17745146702832 70.2
7021 28.18142369461819 70.21000000000001
7022 28.18539595428909 70.22
7023 28.18936821775275 70.23
7024 28.19334048549259 70.23999999999999
7025 28.19731275470145 70.25
7026 28.20128505421529 70.26000000000001
7027 28.20525735968353 70.27
7028 28.20922969785288 70.28
7029 28.2132019956121 70.29000000000001
7030 28.21717430003221 70.3
7031 28.22114658966053 70.31
7032 28.22511888571701 70.32000000000001
7033 28.22909118706036 70.33
7034 28.23306352011311 70.34
7035 28.23703582118433 70.35000000000001
7036 28.24100819381049 70.36
7037 28.24498049593859 70.37
7038 28.24895279707061 70.38
7039 28.25292509913278 70.39
7040 28.25689739721252 70.40000000000001
7041 28.26086969654452 70.41
7042 28.26484198952742 70.42
7043 28.26881428261165 70.43000000000001
7044 28.2727865731149 70.44
7045 28.27675886262907 70.45
7046 28.28073109435372 70.46000000000001
7047 28.28470332068075 70.47
7048 28.28867554461367 70.48
7049 28.2926477665417 70.48999999999999
7050 28.2966199953056 70.5
7051 28.30059220648513 70.51000000000001
7052 28.30456440484226 70.52
7053 28.30853662716611 70.53
7054 28.31250885478126 70.54000000000001
7055 28.31648108238337 70.55
7056 28.32045330690535 70.56
7057 28.32442554965418 70.57000000000001
7058 28.32839777228096 70.58
7059 28.33236999690394 70.59
7060 28.3363421813572 70.60000000000001
7061 28.34031437307324 70.61
7062 28.34428656091664 70.62
7063 28.34825874592128 70.63
7064 28.35223094467364 70.64
7065 28.35620318777045 70.65000000000001
7066 28.3601753375425 70.66
7067 28.36414748402822 70.67
7068 28.36811962291883 70.68000000000001
7069 28.37209175760169 70.69
7070 28.37606388672014 70.7
7071 28.38003602477273 70.71000000000001
7072 28.38400815880005 70.72
7073 28.38798027969086 70.73
7074 28.39195239770872 70.73999999999999
7075 28.39592450849126 70.75
7076 28.39989661686027 70.76000000000001
7077 28.4038687352317 70.77
7078 28.40784077551531 70.78
7079 28.4118128030825 70.79000000000001
7080 28.41578484104623 70.8
7081 28.41975687695566 70.81
7082 28.42372889564015 70.82000000000001
7083 28.427700908022 70.83
7084 28.43167291076698 70.84
7085 28.43564490991357 70.85000000000001
7086 28.43961688645996 70.86
7087 28.44358891656584 70.87
7088 28.44756094406874 70.88
7089 28.45153296955569 70.89
7090 28.45550498325688 70.90000000000001
7091 28.45947698635839 70.91
7092 28.46344898984644 70.92
7093 28.46742097020478 70.93000000000001
7094 28.47139294828641 70.94
7095 28.475364919696 70.95
7096 28.47933688301985 70.96000000000001
7097 28.48330883233186 70.97
7098 28.48728077008676 70.98
7099 28.49125275372875 70.98999999999999
7100 28.49522475596603 71
7101 28.49919680076012 71.01000000000001
7102 28.50316883487682 71.02
7103 28.50714089866751 71.03
7104 28.51111296108855 71.04000000000001
7105 28.51508501653138 71.05
7106 28.51905708002205 71.06
7107 28.52302919015964 71.07000000000001
7108 28.52700129534256 71.08
7109 28.5309735075968 71.09
7110 28.53494563334439 71.10000000000001
7111 28.53891773634772 71.11
7112 28.54288984736056 71.12
7113 28.54686193297205 71.13
7114 28.55083402370689 71.14
7115 28.55480611252318 71.15000000000001
7116 28.55877820073449 71.16
7117 28.5627502866029 71.17
7118 28.56672237561295 71.18000000000001
7119 28.57069446146372 71.19
7120 28.57466656208162 71.2
7121 28.57863866142636 71.21000000000001
7122 28.58261075538774 71.22
7123 28.58658283621826 71.23
7124 28.59055491810123 71.23999999999999
7125 28.5945269946928 71.25
7126 28.59849907110069 71.26000000000001
7127 28.60247114677971 71.27
7128 28.60644321964578 71.28
7129 28.61041528680088 71.29000000000001
7130 28.61438735423556 71.3
7131 28.61835944856834 71.31
7132 28.62233151321303 71.32000000000001
7133 28.62630359615893 71.33
7134 28.63027565325277 71.34
7135 28.63424770640986 71.35000000000001
7136 28.63821975404779 71.36
7137 28.64219180011849 71.37
7138 28.64616384332017 71.38
7139 28.65013587975709 71.39
7140 28.65410791643736 71.40000000000001
7141 28.65807994778219 71.41
7142 28.66205201519335 71.42
7143 28.6660240886709 71.43000000000001
7144 28.66999615536317 71.44
7145 28.67396821851104 71.45
7146 28.67794027705345 71.46000000000001
7147 28.68191233913182 71.47
7148 28.68588439354429 71.48
7149 28.68985646207047 71.48999999999999
7150 28.69382852733316 71.5
7151 28.69780059108533 71.51000000000001
7152 28.70177264997055 71.52
7153 28.70574465589397 71.53
7154 28.70971665336624 71.54000000000001
7155 28.71368864739518 71.55
7156 28.71766063120657 71.56
7157 28.72163261099035 71.57000000000001
7158 28.7256046245917 71.58
7159 28.72957658554862 71.59
7160 28.73354853982599 71.60000000000001
7161 28.73752047910659 71.61
7162 28.74149244345033 71.62
7163 28.74546439740316 71.63
7164 28.74943638293433 71.64
7165 28.75340831914117 71.65000000000001
7166 28.75738029456346 71.66
7167 28.76135229000717 71.67
7168 28.76532425112132 71.68000000000001
7169 28.76929622167809 71.69
7170 28.77326818192998 71.7
7171 28.77724013346707 71.71000000000001
7172 28.78121207555404 71.72
7173 28.78518401545035 71.73
7174 28.78915600181679 71.73999999999999
7175 28.7931279972962 71.75
7176 28.79709997986584 71.76000000000001
7177 28.80107195524686 71.77
7178 28.80504391992166 71.78
7179 28.80901587917384 71.79000000000001
7180 28.81298783145638 71.8
7181 28.81695977448423 71.81
7182 28.82093171132686 71.82000000000001
7183 28.82490363688733 71.83
7184 28.82887555402836 71.84
7185 28.83284747625629 71.85000000000001
7186 28.83681937671187 71.86
7187 28.84079132197235 71.87
7188 28.84476321209841 71.88
7189 28.84873509763894 71.89
7190 28.85270698368932 71.90000000000001
7191 28.85667890737071 71.91
7192 28.86065082295534 71.92
7193 28.86462273252248 71.93000000000001
7194 28.86859467011987 71.94
7195 28.8725666350548 71.95
7196 28.87653857765493 71.96000000000001
7197 28.88051054282695 71.97
7198 28.88448249539267 71.98
7199 28.88845447198305 71.98999999999999
7200 28.89242638976212 72
7201 28.89639832230385 72.01000000000001
7202 28.90037023382805 72.02
7203 28.90434214146675 72.03
7204 28.90831409666539 72.04000000000001
7205 28.91228605443619 72.05
7206 28.91625802057521 72.06
7207 28.92022998025207 72.07000000000001
7208 28.92420193652558 72.08
7209 28.92817390801745 72.09
7210 28.93214587189278 72.10000000000001
7211 28.93611783170845 72.11
7212 28.94008980552868 72.12
7213 28.94406176512472 72.13
7214 28.94803372712116 72.14
7215 28.95200568568332 72.15000000000001
7216 28.95597763919737 72.16
7217 28.95994958937079 72.17
7218 28.96392155798238 72.18000000000001
7219 28.96789352438975 72.19
7220 28.97186548518444 72.2
7221 28.97583743351908 72.21000000000001
7222 28.97980938928008 72.22
7223 28.98378133117664 72.23
7224 28.98775328046656 72.23999999999999
7225 28.99172522566023 72.25
7226 28.99569716851678 72.26000000000001
7227 28.99966910071063 72.27
7228 29.0036410243297 72.28
7229 29.00761297184864 72.29000000000001
7230 29.01158488629023 72.3
7231 29.0155567861162 72.31
7232 29.01952874907595 72.32000000000001
7233 29.02350065148924 72.33
7234 29.02747256024948 72.34
7235 29.03144446950679 72.35000000000001
7236 29.03541633907424 72.36
7237 29.03938819445862 72.37
7238 29.04336005767711 72.38
7239 29.04733191584197 72.39
7240 29.05130376332969 72.40000000000001
7241 29.05527561005298 72.41
7242 29.05924744573845 72.42
7243 29.06321928026131 72.43000000000001
7244 29.06719110994714 72.44
7245 29.07116292363686 72.45
7246 29.07513475489549 72.46000000000001
7247 29.07910657574091 72.47
7248 29.08307838253005 72.48
7249 29.08705021592534 72.48999999999999
7250 29.09102205413328 72.5
7251 29.09499392452822 72.51000000000001
7252 29.09896578284744 72.52
7253 29.10293763095313 72.53
7254 29.10690946483397 72.54000000000001
7255 29.11088128670434 72.55
7256 29.11485313590786 72.56
7257 29.11882506753119 72.57000000000001
7258 29.12279699823058 72.58
7259 29.12676892972212 72.59
7260 29.13074085522154 72.60000000000001
7261 29.13471277665766 72.61
7262 29.13868469980957 72.62
7263 29.14265661489857 72.63
7264 29.14662852715496 72.64
7265 29.15060043619066 72.65000000000001
7266 29.15457234384816 72.66
7267 29.15854424504721 72.67
7268 29.16251614269049 72.68000000000001
7269 29.16648803521791 72.69
7270 29.17045993298469 72.7
7271 29.17443181688758 72.71000000000001
7272 29.17840370524593 72.72
7273 29.1823755309747 72.73
7274 29.18634736951362 72.73999999999999
7275 29.19031923614222 72.75
7276 29.19429109337883 72.76000000000001
7277 29.19826295142041 72.77
7278 29.20223474763614 72.78
7279 29.20620653922212 72.79000000000001
7280 29.21017831947565 72.8
7281 29.21415015283919 72.81
7282 29.21812198325785 72.82000000000001
7283 29.22209383727284 72.83
7284 29.22606569534592 72.84
7285 29.23003753959836 72.85000000000001
7286 29.23400939138401 72.86
7287 29.23798122718042 72.87
7288 29.24195305993413 72.88
7289 29.24592490460066 72.89
7290 29.2498967489821 72.90000000000001
7291 29.25386860203926 72.91
7292 29.25784045344859 72.92
7293 29.26181230090132 72.93000000000001
7294 29.26578414679801 72.94
7295 29.26975602579719 72.95
7296 29.27372786472978 72.96000000000001
7297 29.27769963352506 72.97
7298 29.28167139753598 72.98
7299 29.28564315776091 72.98999999999999
7300 29.28961491350436 73
7301 29.29358666482453 73.01000000000001
7302 29.29755841346169 73.02
7303 29.30153015843461 73.03
7304 29.30550189866721 73.04000000000001
7305 29.3094736336814 73.05
7306 29.3134453640914 73.06
7307 29.31741708797236 73.07000000000001
7308 29.32138884485617 73.08
7309 29.32536059799467 73.09
7310 29.32933234818392 73.10000000000001
7311 29.33330409429642 73.11
7312 29.33727583616422 73.12
7313 29.34124757264035 73.13
7314 29.34521930573891 73.14
7315 29.34919103296828 73.15000000000001
7316 29.353162756364 73.16
7317 29.35713447578846 73.17
7318 29.3611062065446 73.18000000000001
7319 29.36507793317162 73.19
7320 29.36904965670079 73.2
7321 29.37302137883547 73.21000000000001
7322 29.37699309227921 73.22
7323 29.38096480790043 73.23
7324 29.38493656370808 73.23999999999999
7325 29.38890827587655 73.25
7326 29.39288001772332 73.26000000000001
7327 29.39685175729878 73.27
7328 29.40082349467378 73.28
7329 29.40479525288075 73.29000000000001
7330 29.40876701472857 73.3
7331 29.41273876587543 73.31
7332 29.41671055075972 73.32000000000001
7333 29.42068230363903 73.33
7334 29.4246540488118 73.34
7335 29.42862579221445 73.35000000000001
7336 29.43259752979878 73.36
7337 29.43656926395622 73.37
7338 29.44054104721689 73.38
7339 29.44451277233442 73.39
7340 29.44848449350447 73.40000000000001
7341 29.45245620760022 73.41
7342 29.45642791454722 73.42
7343 29.4603996385668 73.43000000000001
7344 29.46437133320686 73.44
7345 29.46834302028023 73.45
7346 29.47231470915613 73.46000000000001
7347 29.4762863960156 73.47
7348 29.48025807929986 73.48
7349 29.48422974904121 73.48999999999999
7350 29.48820143219251 73.5
7351 29.49217310633779 73.51000000000001
7352 29.49614477602807 73.52
7353 29.50011649879633 73.53
7354 29.50408821531407 73.54000000000001
7355 29.50805993393501 73.55
7356 29.51203164404004 73.56
7357 29.51600338138367 73.57000000000001
7358 29.51997508295018 73.58
7359 29.52394678186603 73.59
7360 29.52791849723486 73.60000000000001
7361 29.53189013717983 73.61
7362 29.53586177498765 73.62
7363 29.53983340498553 73.63
7364 29.54380502758394 73.64
7365 29.54777664404268 73.65000000000001
7366 29.55174825764761 73.66
7367 29.55571987991258 73.67
7368 29.55969149239758 73.68000000000001
7369 29.56366311638859 73.69
7370 29.56763473369877 73.7
7371 29.57160634418398 73.71000000000001
7372 29.57557794750128 73.72
7373 29.5795495500211 73.73
7374 29.58352113576121 73.73999999999999
7375 29.58749271611588 73.75
7376 29.5914642880916 73.76000000000001
7377 29.59543585491492 73.77
7378 29.59940750939824 73.78
7379 29.60337908910238 73.79000000000001
7380 29.60735068084553 73.8
7381 29.61132223252016 73.81
7382 29.61529377780877 73.82000000000001
7383 29.61926532217585 73.83
7384 29.62323687141098 73.84
7385 29.62720844843773 73.85000000000001
7386 29.63118006835643 73.86
7387 29.63515163699781 73.87
7388 29.63912324405379 73.88
7389 29.64309489007306 73.89
7390 29.64706652538693 73.90000000000001
7391 29.65103815063934 73.91
7392 29.65500977161829 73.92
7393 29.65898141564727 73.93000000000001
7394 29.66295310076216 73.94
7395 29.66692475944751 73.95
7396 29.67089642697689 73.96000000000001
7397 29.67486807548985 73.97
7398 29.6788397583749 73.98
7399 29.68281139975153 73.98999999999999
7400 29.68678304995616 74
7401 29.69075467760113 74.01000000000001
7402 29.69472630340854 74.02
7403 29.69869791961353 74.03
7404 29.7026695774461 74.04000000000001
7405 29.70664122964036 74.05
7406 29.71061287698548 74.06
7407 29.71458451900167 74.07000000000001
7408 29.71855615578701 74.08
7409 29.72252778708755 74.09
7410 29.72649941254246 74.10000000000001
7411 29.73047103218162 74.11
7412 29.73444269238108 74.12
7413 29.738414347526 74.13
7414 29.7423859971801 74.14
7415 29.74635765936084 74.15000000000001
7416 29.75032931707216 74.16
7417 29.75430096996589 74.17
7418 29.7582726178579 74.18000000000001
7419 29.76224420589779 74.19
7420 29.76621578749883 74.2
7421 29.77018736278733 74.21000000000001
7422 29.77415900186719 74.22
7423 29.77813063678308 74.23
7424 29.7821023035063 74.23999999999999
7425 29.78607395787662 74.25
7426 29.79004560975806 74.26000000000001
7427 29.79401725816663 74.27
7428 29.79798890308236 74.28
7429 29.80196054917639 74.29000000000001
7430 29.80593221251471 74.3
7431 29.80990387357652 74.31
7432 29.81387553229069 74.32000000000001
7433 29.81784718841158 74.33
7434 29.8218188415733 74.34
7435 29.82579049222413 74.35000000000001
7436 29.8297621398115 74.36
7437 29.83373378460131 74.37
7438 29.83770542666187 74.38
7439 29.84167707218852 74.39
7440 29.8456487084707 74.40000000000001
7441 29.84962034137132 74.41
7442 29.853592013789 74.42
7443 29.8575636409592 74.43000000000001
7444 29.86153529934111 74.44
7445 29.8655069204571 74.45
7446 29.8694785605331 74.46000000000001
7447 29.87345017428901 74.47
7448 29.8774217842503 74.48
7449 29.88139339035648 74.48999999999999
7450 29.8853649945877 74.5
7451 29.88933659261583 74.51000000000001
7452 29.89330818689914 74.52
7453 29.89727980196835 74.53
7454 29.90125138816394 74.54000000000001
7455 29.90522297088651 74.55
7456 29.90919454887045 74.56
7457 29.91316612183433 74.57000000000001
7458 29.91713769136732 74.58
7459 29.92110925672704 74.59
7460 29.92508081869678 74.60000000000001
7461 29.92905237674469 74.61
7462 29.93302393138027 74.62
7463 29.93699551449573 74.63
7464 29.94096709409979 74.64
7465 29.94493867173762 74.65000000000001
7466 29.94891028232681 74.66
7467 29.95288185562363 74.67
7468 29.95685342685763 74.68000000000001
7469 29.96082499603543 74.69
7470 29.96479660328902 74.7
7471 29.96876821425293 74.71000000000001
7472 29.97273977815005 74.72
7473 29.97671136221191 74.73
7474 29.98068296082812 74.73999999999999
7475 29.98465455707328 74.75
7476 29.98862616359477 74.76000000000001
7477 29.99259775602892 74.77
7478 29.99656934612768 74.78
7479 30.00054093450868 74.79000000000001
7480 30.0045125209281 74.8
7481 30.00848410495685 74.81
7482 30.01245568694477 74.82000000000001
7483 30.0164272668646 74.83
7484 30.02039884462003 74.84
7485 30.02437044490851 74.85000000000001
7486 30.02834206538832 74.86
7487 30.03231368486454 74.87
7488 30.03628530342667 74.88
7489 30.04025686259337 74.89
7490 30.0442284622163 74.90000000000001
7491 30.04820006060623 74.91
7492 30.05217165755383 74.92
7493 30.05614325343412 74.93000000000001
7494 30.06011484855004 74.94
7495 30.06408644281353 74.95
7496 30.06805808324097 74.96000000000001
7497 30.07202967414115 74.97
7498 30.07600126511629 74.98
7499 30.07997285857856 74.98999999999999
7500 30.08394446968173 75
7501 30.08791608018209 75.01000000000001
7502 30.09188768907033 75.02
7503 30.0958593454401 75.03
7504 30.09983100196725 75.04000000000001
7505 30.10380265835659 75.05
7506 30.10777424419855 75.06
7507 30.11174582853352 75.07000000000001
7508 30.11571741133184 75.08
7509 30.11968893532108 75.09
7510 30.12366045690089 75.10000000000001
7511 30.12763197534527 75.11
7512 30.13160349026766 75.12
7513 30.13557500207587 75.13
7514 30.13954651015916 75.14
7515 30.14351801432316 75.15000000000001
7516 30.14748951458131 75.16
7517 30.15146104997114 75.17
7518 30.1554325425686 75.18000000000001
7519 30.15940405143521 75.19
7520 30.16337555630681 75.2
7521 30.1673470572875 75.21000000000001
7522 30.17131855433446 75.22
7523 30.1752900772126 75.23
7524 30.17926155264996 75.23999999999999
7525 30.18323302570973 75.25
7526 30.18720449535149 75.26000000000001
7527 30.1911759623661 75.27
7528 30.19514742649263 75.28
7529 30.19911888825461 75.29000000000001
7530 30.20309034725233 75.3
7531 30.20706180439568 75.31
7532 30.21103325975964 75.32000000000001
7533 30.21500471283115 75.33
7534 30.2189761683131 75.34
7535 30.22294761782693 75.35000000000001
7536 30.22691906398028 75.36
7537 30.2308905080135 75.37
7538 30.2348619494192 75.38
7539 30.23883338746758 75.39
7540 30.24280482243185 75.40000000000001
7541 30.24677625409203 75.41
7542 30.25074768227439 75.42
7543 30.25471910686841 75.43000000000001
7544 30.2586905280839 75.44
7545 30.26266194526417 75.45
7546 30.26663335821948 75.46000000000001
7547 30.2706047677399 75.47
7548 30.27457617369058 75.48
7549 30.27854757549497 75.48999999999999
7550 30.28251901788875 75.5
7551 30.2864904118715 75.51000000000001
7552 30.29046180153449 75.52
7553 30.29443318652235 75.53
7554 30.29840456728588 75.54000000000001
7555 30.30237594276834 75.55
7556 30.30634731310989 75.56
7557 30.31031872056645 75.57000000000001
7558 30.31429012387181 75.58
7559 30.31826152396633 75.59
7560 30.32223291947075 75.60000000000001
7561 30.3262043105408 75.61
7562 30.33017569645845 75.62
7563 30.33414707774089 75.63
7564 30.33811845403815 75.64
7565 30.34208982530084 75.65000000000001
7566 30.34606121275763 75.66
7567 30.35003259666957 75.67
7568 30.35400397624554 75.68000000000001
7569 30.35797535149197 75.69
7570 30.36194672244602 75.7
7571 30.36591809057505 75.71000000000001
7572 30.36988949939273 75.72
7573 30.37386090358817 75.73
7574 30.37783234497693 75.73999999999999
7575 30.38180374167193 75.75
7576 30.38577515760145 75.76000000000001
7577 30.38974654557013 75.77
7578 30.39371793043758 75.78
7579 30.3976893408951 75.79000000000001
7580 30.40166073355077 75.8
7581 30.40563210008423 75.81
7582 30.40960346183498 75.82000000000001
7583 30.41357481857565 75.83
7584 30.41754617010993 75.84
7585 30.42151751630599 75.85000000000001
7586 30.42548892671972 75.86
7587 30.42946033125768 75.87
7588 30.4334316736319 75.88
7589 30.43740301224762 75.89
7590 30.44137439426515 75.90000000000001
7591 30.44534578794093 75.91
7592 30.44931713651617 75.92
7593 30.45328848024169 75.93000000000001
7594 30.45725986554197 75.94
7595 30.46123127403366 75.95
7596 30.46520268065085 75.96000000000001
7597 30.46917408452423 75.97
7598 30.47314548481336 75.98
7599 30.47711688253506 75.98999999999999
7600 30.48108827657308 76
7601 30.48505966742263 76.01000000000001
7602 30.48903105549586 76.02
7603 30.49300243750215 76.03
7604 30.49697381742182 76.04000000000001
7605 30.50094519355492 76.05
7606 30.50491656524887 76.06
7607 30.50888795628425 76.07000000000001
7608 30.51285931899125 76.08
7609 30.51683067646372 76.09
7610 30.52080202597255 76.10000000000001
7611 30.52477337321057 76.11
7612 30.52874471521376 76.12
7613 30.53271604936356 76.13
7614 30.53668737886143 76.14
7615 30.5406587047495 76.15000000000001
7616 30.54463005579083 76.16
7617 30.54860136858004 76.17
7618 30.55257267180221 76.18000000000001
7619 30.55654397187204 76.19
7620 30.56051531855019 76.2
7621 30.56448665726045 76.21000000000001
7622 30.56845798915234 76.22
7623 30.57242931391499 76.23
7624 30.5764006441368 76.23999999999999
7625 30.58037196443939 76.25
7626 30.5843432977698 76.26000000000001
7627 30.58831462403057 76.27
7628 30.59228594714368 76.28
7629 30.59625729494945 76.29000000000001
7630 30.60022862917026 76.3
7631 30.60419999908666 76.31
7632 30.60817133901945 76.32000000000001
7633 30.61214267404988 76.33
7634 30.61611399514769 76.34
7635 30.62008532144312 76.35000000000001
7636 30.62405665502192 76.36
7637 30.62802797435337 76.37
7638 30.6319992876013 76.38
7639 30.6359706082044 76.39
7640 30.63994197265921 76.40000000000001
7641 30.64391333631493 76.41
7642 30.64788469548812 76.42
7643 30.65185606966138 76.43000000000001
7644 30.6558274524386 76.44
7645 30.65979880324538 76.45
7646 30.66377014386659 76.46000000000001
7647 30.66774147921656 76.47
7648 30.67171281795079 76.48
7649 30.67568417593705 76.48999999999999
7650 30.67965551128775 76.5
7651 30.68362686788413 76.51000000000001
7652 30.68759822212268 76.52
7653 30.69156957408222 76.53
7654 30.69554090222591 76.54000000000001
7655 30.69951222332261 76.55
7656 30.70348356932154 76.56
7657 30.70745488774126 76.57000000000001
7658 30.7114263022082 76.58
7659 30.71539771701217 76.59
7660 30.71936912742061 76.60000000000001
7661 30.72334053195343 76.61
7662 30.72731192617128 76.62
7663 30.73128333207293 76.63
7664 30.73525474874604 76.64
7665 30.73922617960213 76.65000000000001
7666 30.74319759781849 76.66
7667 30.74716900836379 76.67
7668 30.75114035613662 76.68000000000001
7669 30.75511170371886 76.69
7670 30.75908305064343 76.7
7671 30.76305440667377 76.71000000000001
7672 30.76702572275975 76.72
7673 30.77099704613385 76.73
7674 30.77496832376229 76.73999999999999
7675 30.77893955707624 76.75
7676 30.78291076841541 76.76000000000001
7677 30.78688198266128 76.77
7678 30.7908531467835 76.78
7679 30.79482431652104 76.79000000000001
7680 30.79879547588445 76.8
7681 30.80276663956869 76.81
7682 30.80673780130243 76.82000000000001
7683 30.8107089185403 76.83
7684 30.81468007126178 76.84
7685 30.81865120765483 76.85000000000001
7686 30.82262233858841 76.86
7687 30.82659344189279 76.87
7688 30.83056453974343 76.88
7689 30.83453566453391 76.89
7690 30.83850679967263 76.90000000000001
7691 30.8424779219061 76.91
7692 30.84644904370032 76.92
7693 30.85042016587311 76.93000000000001
7694 30.85439134379251 76.94
7695 30.8583624783159 76.95
7696 30.86233361660036 76.96000000000001
7697 30.86630475231734 76.97
7698 30.8702758858635 76.98
7699 30.87424701597846 76.98999999999999
7700 30.87821814494667 77
7701 30.88218930298314 77.01000000000001
7702 30.88616042574938 77.02
7703 30.8901315856086 77.03
7704 30.89410274415759 77.04000000000001
7705 30.89807391842121 77.05
7706 30.90204509323395 77.06
7707 30.90601626425418 77.07000000000001
7708 30.90998743365934 77.08
7709 30.91395860093703 77.09
7710 30.91792976589351 77.10000000000001
7711 30.92190092844697 77.11
7712 30.92587208058324 77.12
7713 30.9298432567247 77.13
7714 30.93381443219974 77.14
7715 30.93778560620776 77.15000000000001
7716 30.94175677868523 77.16
7717 30.94572794458899 77.17
7718 30.94969910602381 77.18000000000001
7719 30.95367026293216 77.19
7720 30.95764141352443 77.2
7721 30.96161255911695 77.21000000000001
7722 30.96558370285437 77.22
7723 30.96955483885355 77.23
7724 30.97352596818287 77.23999999999999
7725 30.9774970870489 77.25
7726 30.9814682274012 77.26000000000001
7727 30.98543936491577 77.27
7728 30.98941049805531 77.28
7729 30.99338163420063 77.29000000000001
7730 30.997352769212 77.3
7731 31.00132388991661 77.31
7732 31.0052950193361 77.32000000000001
7733 31.00926612730911 77.33
7734 31.01323724108188 77.34
7735 31.01720835154988 77.35000000000001
7736 31.02117952956323 77.36
7737 31.02515071135328 77.37
7738 31.02912188340374 77.38
7739 31.03309306518016 77.39
7740 31.03706424503726 77.40000000000001
7741 31.04103544333692 77.41
7742 31.04500664917185 77.42
7743 31.04897780433918 77.43000000000001
7744 31.0529489965026 77.44
7745 31.05692014353328 77.45
7746 31.06089128983476 77.46000000000001
7747 31.06486240247482 77.47
7748 31.06883351015621 77.48
7749 31.0728046119441 77.48999999999999
7750 31.07677565099852 77.5
7751 31.08074668293407 77.51000000000001
7752 31.08471776233919 77.52
7753 31.08868879877333 77.53
7754 31.09265982844273 77.54000000000001
7755 31.09663085453209 77.55
7756 31.10060187160631 77.56
7757 31.10457288275619 77.57000000000001
7758 31.10854388463683 77.58
7759 31.11251487967259 77.59
7760 31.11648588132625 77.60000000000001
7761 31.12045687757158 77.61
7762 31.12442785700798 77.62
7763 31.12839883600859 77.63
7764 31.13236981420498 77.64
7765 31.1363407731016 77.65000000000001
7766 31.14031173611962 77.66
7767 31.14428268939996 77.67
7768 31.14825362941202 77.68000000000001
7769 31.15222456413269 77.69
7770 31.15619549331908 77.7
7771 31.16016647820217 77.71000000000001
7772 31.1641374656407 77.72
7773 31.16810845043968 77.73
7774 31.17207942211354 77.73999999999999
7775 31.17605039562466 77.75
7776 31.18002136970595 77.76000000000001
7777 31.18399233054855 77.77
7778 31.18796329580586 77.78
7779 31.19193425906544 77.79000000000001
7780 31.19590522121786 77.8
7781 31.19987617822433 77.81
7782 31.2038471312202 77.82000000000001
7783 31.20781807546913 77.83
7784 31.21178906133011 77.84
7785 31.21576001197987 77.85000000000001
7786 31.21973096715947 77.86
7787 31.2237019204459 77.87
7788 31.22767287046512 77.88
7789 31.23164381618563 77.89
7790 31.23561475611776 77.90000000000001
7791 31.23958568311303 77.91
7792 31.24355664927791 77.92
7793 31.24752757728947 77.93000000000001
7794 31.25149851405017 77.94
7795 31.25546944606541 77.95
7796 31.25944036880178 77.96000000000001
7797 31.26341135024743 77.97
7798 31.2673823305643 77.98
7799 31.27135330541737 77.98999999999999
7800 31.27532432175598 78
7801 31.27929528977901 78.01000000000001
7802 31.28326625052468 78.02
7803 31.28723722858886 78.03
7804 31.29120819688218 78.04000000000001
7805 31.2951791544283 78.05
7806 31.29915011590241 78.06
7807 31.30312107299526 78.07000000000001
7808 31.30709202659713 78.08
7809 31.31106297681132 78.09
7810 31.31503392126256 78.10000000000001
7811 31.31900485949949 78.11
7812 31.32297579684647 78.12
7813 31.32694672246879 78.13
7814 31.3309176516383 78.14
7815 31.33488854043974 78.15000000000001
7816 31.33885947838308 78.16
7817 31.34283041298226 78.17
7818 31.34680134304367 78.18000000000001
7819 31.35077226720264 78.19
7820 31.35474318132599 78.2
7821 31.35871409710408 78.21000000000001
7822 31.36268500931614 78.22
7823 31.36665591251089 78.23
7824 31.37062682410509 78.23999999999999
7825 31.37459775056311 78.25
7826 31.37856864600265 78.26000000000001
7827 31.38253954133035 78.27
7828 31.38651041418227 78.28
7829 31.39048129664842 78.29000000000001
7830 31.3944521737446 78.3
7831 31.39842303100326 78.31
7832 31.40239390989627 78.32000000000001
7833 31.40636484590675 78.33
7834 31.4103357262506 78.34
7835 31.41430661023153 78.35000000000001
7836 31.41827751605084 78.36
7837 31.42224840750158 78.37
7838 31.42621934686498 78.38
7839 31.4301902925075 78.39
7840 31.43416123277228 78.40000000000001
7841 31.43813216209814 78.41
7842 31.44210310060519 78.42
7843 31.44607402864081 78.43000000000001
7844 31.4500449595291 78.44
7845 31.45401589229058 78.45
7846 31.45798682796102 78.46000000000001
7847 31.46195776105218 78.47
7848 31.46592869305469 78.48
7849 31.46989960237153 78.48999999999999
7850 31.47387057682415 78.5
7851 31.47784155168749 78.51000000000001
7852 31.48181252802209 78.52
7853 31.48578350805908 78.53
7854 31.48975448990503 78.54000000000001
7855 31.49372546411605 78.55
7856 31.49769642760469 78.56
7857 31.50166733290934 78.57000000000001
7858 31.50563824130392 78.58
7859 31.5096091622564 78.59
7860 31.51358006953962 78.60000000000001
7861 31.51755097329725 78.61
7862 31.52152188010284 78.62
7863 31.5254927724077 78.63
7864 31.52946365694652 78.64
7865 31.53343455087913 78.65000000000001
7866 31.53740543264752 78.66
7867 31.54137631713017 78.67
7868 31.54534719783976 78.68000000000001
7869 31.5493180916601 78.69
7870 31.55328897610681 78.7
7871 31.5572598538764 78.71000000000001
7872 31.56123072942185 78.72
7873 31.56520159893627 78.73
7874 31.56917242128936 78.73999999999999
7875 31.57314322615891 78.75
7876 31.57711403168735 78.76000000000001
7877 31.58108481378783 78.77
7878 31.58505558696952 78.78
7879 31.58902640858016 78.79000000000001
7880 31.59299722160316 78.8
7881 31.59696803303981 78.81
7882 31.60093883831958 78.82000000000001
7883 31.60490962977019 78.83
7884 31.60888041393358 78.84
7885 31.61285120061649 78.85000000000001
7886 31.61682197890121 78.86
7887 31.62079274624896 78.87
7888 31.62476351242436 78.88
7889 31.62873426597002 78.89
7890 31.63270502399613 78.90000000000001
7891 31.6366757718962 78.91
7892 31.64064659270399 78.92
7893 31.64461744616967 78.93000000000001
7894 31.64858825259738 78.94
7895 31.65255905830724 78.95
7896 31.65652985145825 78.96000000000001
7897 31.66050065227045 78.97
7898 31.66447145371009 78.98
7899 31.66844224279873 78.98999999999999
7900 31.67241302486572 79
7901 31.67638386358087 79.01000000000001
7902 31.68035470484449 79.02
7903 31.68432553199858 79.03
7904 31.68829635776864 79.04000000000001
7905 31.69226720803643 79.05
7906 31.69623804479818 79.06
7907 31.7002088853319 79.07000000000001
7908 31.70417972240659 79.08
7909 31.70815055072342 79.09
7910 31.71212137976451 79.10000000000001
7911 31.7160921509171 79.11
7912 31.72006294859149 79.12
7913 31.72403371008299 79.13
7914 31.72800447068085 79.14
7915 31.73197522537062 79.15000000000001
7916 31.73594596855074 79.16
7917 31.73991670846073 79.17
7918 31.74388743702269 79.18000000000001
7919 31.74785817741668 79.19
7920 31.7518289542137 79.2
7921 31.7557996844197 79.21000000000001
7922 31.7597704098184 79.22
7923 31.7637411285864 79.23
7924 31.76771184044831 79.23999999999999
7925 31.77168254402472 79.25
7926 31.77565325296879 79.26000000000001
7927 31.77962402052872 79.27
7928 31.78359482465616 79.28
7929 31.7875656188646 79.29000000000001
7930 31.79153640324682 79.3
7931 31.79550718464249 79.31
7932 31.79947798185322 79.32000000000001
7933 31.80344876869888 79.33
7934 31.80741956413674 79.34
7935 31.81139036237062 79.35000000000001
7936 31.81536115165108 79.36
7937 31.81933196570563 79.37
7938 31.82330274756223 79.38
7939 31.82727352314602 79.39
7940 31.83124429724045 79.40000000000001
7941 31.83521508500754 79.41
7942 31.8391858712907 79.42
7943 31.84315665445221 79.43000000000001
7944 31.84712743218981 79.44
7945 31.85109819128406 79.45
7946 31.85506893712881 79.46000000000001
7947 31.85903968321019 79.47
7948 31.86301048699126 79.48
7949 31.8669812885098 79.48999999999999
7950 31.87095208649715 79.5
7951 31.87492290411765 79.51000000000001
7952 31.87889373793884 79.52
7953 31.88286454622076 79.53
7954 31.88683537707067 79.54000000000001
7955 31.89080619551314 79.55
7956 31.8947769531167 79.56
7957 31.89874770397355 79.57000000000001
7958 31.90271845505881 79.58
7959 31.90668920343914 79.59
7960 31.91065995177118 79.60000000000001
7961 31.91463070195339 79.61
7962 31.9186014843861 79.62
7963 31.92257223479917 79.63
7964 31.9265429751449 79.64
7965 31.93051371955919 79.65000000000001
7966 31.93448445385868 79.66
7967 31.93845518684418 79.67
7968 31.9424259190627 79.68000000000001
7969 31.94639669572666 79.69
7970 31.95036747211885 79.7
7971 31.95433824300721 79.71000000000001
7972 31.9583090122936 79.72
7973 31.96227978481751 79.73
7974 31.9662505510426 79.73999999999999
7975 31.97022131609319 79.75
7976 31.9741920781446 79.76000000000001
7977 31.97816288277498 79.77
7978 31.98213363891493 79.78
7979 31.98610439278011 79.79000000000001
7980 31.9900750578639 79.8
7981 31.9940457458121 79.81
7982 31.99801646076957 79.82000000000001
7983 32.00198716763857 79.83
7984 32.00595787202617 79.84
7985 32.0099285683357 79.85000000000001
7986 32.01389926265593 79.86
7987 32.01786995478265 79.87
7988 32.02184064119622 79.88
7989 32.02581132702083 79.89
7990 32.02978200668083 79.90000000000001
7991 32.03375267782732 79.91
7992 32.03772334961924 79.92
7993 32.04169401860675 79.93000000000001
7994 32.04566468409609 79.94
7995 32.04963536125975 79.95
7996 32.053606032795 79.96000000000001
7997 32.05757672225769 79.97
7998 32.06154740163876 79.98
7999 32.06551807720325 79.98999999999999
8000 32.06948874848069 80
8001 32.07345941566966 80.01000000000001
8002 32.07743007789835 80.02
8003 32.08140075632281 80.03
8004 32.08537140903293 80.04000000000001
8005 32.08934205688503 80.05
8006 32.09331269984162 80.06
8007 32.09728333782503 80.07000000000001
8008 32.10125397074199 80.08
8009 32.10522459855652 80.09
8010 32.10919526636759 80.10000000000001
8011 32.11316588377198 80.11
8012 32.11713649567971 80.12
8013 32.12110710302336 80.13
8014 32.12507770578534 80.14
8015 32.12904833567453 80.15000000000001
8016 32.13301896133539 80.16
8017 32.13698958285385 80.17
8018 32.14096019928101 80.18000000000001
8019 32.14493087379242 80.19
8020 32.14890157598586 80.2
8021 32.15287227598527 80.21000000000001
8022 32.15684301574217 80.22
8023 32.16081371161469 80.23
8024 32.16478440519987 80.23999999999999
8025 32.16875509634563 80.25
8026 32.17272578548695 80.26000000000001
8027 32.17669647157889 80.27
8028 32.18066715518975 80.28
8029 32.18463783622119 80.29000000000001
8030 32.18860851463602 80.3
8031 32.19257921419808 80.31
8032 32.19654988362797 80.32000000000001
8033 32.20052059073982 80.33
8034 32.20449129203036 80.34
8035 32.20846198481325 80.35000000000001
8036 32.2124326682957 80.36
8037 32.21640339480805 80.37
8038 32.22037411985678 80.38
8039 32.22434484381735 80.39
8040 32.22831561253223 80.40000000000001
8041 32.23228633372665 80.41
8042 32.2362570535452 80.42
8043 32.24022777183228 80.43000000000001
8044 32.24419848825227 80.44
8045 32.24816920267497 80.45
8046 32.25213991520238 80.46000000000001
8047 32.25611062493376 80.47
8048 32.26008133242687 80.48
8049 32.26405203720518 80.48999999999999
8050 32.2680227390897 80.5
8051 32.27199343788985 80.51000000000001
8052 32.27596413330156 80.52
8053 32.27993482557473 80.53
8054 32.28390551363641 80.54000000000001
8055 32.28787619699624 80.55
8056 32.29184687574622 80.56
8057 32.29581755016919 80.57000000000001
8058 32.29978821908809 80.58
8059 32.30375888226337 80.59
8060 32.30772955671105 80.60000000000001
8061 32.31170022612228 80.61
8062 32.31567088960741 80.62
8063 32.3196415473703 80.63
8064 32.32361221632429 80.64
8065 32.32758292834771 80.65000000000001
8066 32.33155363811785 80.66
8067 32.33552434541316 80.67
8068 32.33949497979101 80.68000000000001
8069 32.34346561038208 80.69
8070 32.34743623711378 80.7
8071 32.3514069068144 80.71000000000001
8072 32.35537756619064 80.72
8073 32.35934818023124 80.73
8074 32.36331878486198 80.73999999999999
8075 32.36728936965586 80.75
8076 32.37125997568362 80.76000000000001
8077 32.37523057719382 80.77
8078 32.37920117335585 80.78
8079 32.38317176242181 80.79000000000001
8080 32.38714234233704 80.8
8081 32.39111295575528 80.81
8082 32.39508356465266 80.82000000000001
8083 32.39905421358432 80.83
8084 32.40302485920527 80.84
8085 32.40699550260487 80.85000000000001
8086 32.41096612571028 80.86
8087 32.41493676726597 80.87
8088 32.41890742510216 80.88
8089 32.42287803800522 80.89
8090 32.42684864972389 80.90000000000001
8091 32.43081925783844 80.91
8092 32.43478986279084 80.92
8093 32.43876046423929 80.93000000000001
8094 32.44273106207575 80.94
8095 32.44670165651412 80.95
8096 32.4506722713955 80.96000000000001
8097 32.45464285688776 80.97
8098 32.45861343889749 80.98
8099 32.46258401696839 80.98999999999999
8100 32.46655459091654 81
8101 32.4705251607835 81.01000000000001
8102 32.47449572743775 81.02
8103 32.47846628969632 81.03
8104 32.48243684735364 81.04000000000001
8105 32.48640740083781 81.05
8106 32.49037794956266 81.06
8107 32.49434849337863 81.07000000000001
8108 32.49831903244748 81.08
8109 32.50228956150643 81.09
8110 32.50626009029213 81.10000000000001
8111 32.51023060829832 81.11
8112 32.51420112539006 81.12
8113 32.51817163662541 81.13
8114 32.52214214089954 81.14
8115 32.5261126344866 81.15000000000001
8116 32.53008312802442 81.16
8117 32.53405361718972 81.17
8118 32.53802415808637 81.18000000000001
8119 32.54199469152645 81.19
8120 32.54596523652845 81.2
8121 32.54993577713733 81.21000000000001
8122 32.55390631306697 81.22
8123 32.55787684421437 81.23
8124 32.56184737045394 81.23999999999999
8125 32.56581789169256 81.25
8126 32.56978843807325 81.26000000000001
8127 32.5737589490564 81.27
8128 32.57772945416984 81.28
8129 32.58169995433878 81.29000000000001
8130 32.58567044915812 81.3
8131 32.58964093864786 81.31
8132 32.59361142268239 81.32000000000001
8133 32.59758190070027 81.33
8134 32.60155237170515 81.34
8135 32.60552285612755 81.35000000000001
8136 32.60949331557301 81.36
8137 32.61346376803364 81.37
8138 32.61743421416471 81.38
8139 32.62140465440822 81.39
8140 32.62537507822171 81.40000000000001
8141 32.62934549483531 81.41
8142 32.63331590478123 81.42
8143 32.63728630872014 81.43000000000001
8144 32.64125671615117 81.44
8145 32.64522715417585 81.45
8146 32.64919760719796 81.46000000000001
8147 32.65316805601594 81.47
8148 32.65713851364865 81.48
8149 32.66110896475833 81.48999999999999
8150 32.66507940990979 81.5
8151 32.66904984826918 81.51000000000001
8152 32.67302028426771 81.52
8153 32.67699071672069 81.53
8154 32.68096119233539 81.54000000000001
8155 32.68493166387918 81.55
8156 32.6889021312797 81.56
8157 32.69287259386626 81.57000000000001
8158 32.69684305258797 81.58
8159 32.70081355900331 81.59
8160 32.70478400873846 81.60000000000001
8161 32.70875445362739 81.61
8162 32.71272489502595 81.62
8163 32.71669532743619 81.63
8164 32.72066575282259 81.64
8165 32.7246361793461 81.65000000000001
8166 32.72860659473723 81.66
8167 32.73257706402484 81.67
8168 32.7365475294996 81.68000000000001
8169 32.74051799261376 81.69
8170 32.7444884596903 81.7
8171 32.74845892476635 81.71000000000001
8172 32.75242936360118 81.72
8173 32.75639979952325 81.73
8174 32.76037023190787 81.73999999999999
8175 32.76434067384286 81.75
8176 32.76831111196441 81.76000000000001
8177 32.77228158639659 81.77
8178 32.77625203160331 81.78
8179 32.78022248035442 81.79000000000001
8180 32.78419294402713 81.8
8181 32.78816340377923 81.81
8182 32.7921338392881 81.82000000000001
8183 32.79610428792927 81.83
8184 32.80007473327232 81.84
8185 32.80404519207395 81.85000000000001
8186 32.80801564848743 81.86
8187 32.81198610492562 81.87
8188 32.81595656767065 81.88
8189 32.81992701597654 81.89
8190 32.82389745550979 81.90000000000001
8191 32.8278678924044 81.91
8192 32.83183836295308 81.92
8193 32.83580883276494 81.93000000000001
8194 32.83977930012182 81.94
8195 32.84374976852013 81.95
8196 32.84772023564959 81.96000000000001
8197 32.85169071835088 81.97
8198 32.85566121293712 81.98
8199 32.85963170714184 81.98999999999999
8200 32.86360220074752 82
8201 32.86757263419618 82.01000000000001
8202 32.87154306949994 82.02
8203 32.87551350331919 82.03
8204 32.8794839354492 82.04000000000001
8205 32.88345436566354 82.05
8206 32.88742479285326 82.06
8207 32.89139521821542 82.07000000000001
8208 32.89536564173103 82.08
8209 32.89933606340628 82.09
8210 32.90330648322885 82.10000000000001
8211 32.9072769005621 82.11
8212 32.91124731578589 82.12
8213 32.91521772895538 82.13
8214 32.91918813999331 82.14
8215 32.92315855172944 82.15000000000001
8216 32.92712896764225 82.16
8217 32.93109939083616 82.17
8218 32.93506980178157 82.18000000000001
8219 32.93904021286185 82.19
8220 32.94301061854566 82.2
8221 32.94698100334357 82.21000000000001
8222 32.9509513101014 82.22
8223 32.9549216356635 82.23
8224 32.95889195551863 82.23999999999999
8225 32.96286228913078 82.25
8226 32.96683265537983 82.26000000000001
8227 32.97080296296951 82.27
8228 32.97477327989747 82.28
8229 32.97874354798093 82.29000000000001
8230 32.98271381066816 82.3
8231 32.98668412570844 82.31
8232 32.99065447082878 82.32000000000001
8233 32.99462472167043 82.33
8234 32.99859502590016 82.34
8235 33.00256526496438 82.35000000000001
8236 33.00653549586181 82.36
8237 33.01050572143033 82.37
8238 33.01447593828073 82.38
8239 33.01844615573566 82.39
8240 33.0224163792821 82.40000000000001
8241 33.02638659054146 82.41
8242 33.03035678681549 82.42
8243 33.03432701224305 82.43000000000001
8244 33.03829718907186 82.44
8245 33.04226743252723 82.45
8246 33.04623770737266 82.46000000000001
8247 33.05020797870462 82.47
8248 33.05417824512278 82.48
8249 33.05814852349639 82.48999999999999
8250 33.06211884508114 82.5
8251 33.06608916534273 82.51000000000001
8252 33.07005948153184 82.52
8253 33.07402984810973 82.53
8254 33.07800021182316 82.54000000000001
8255 33.08197057320761 82.55
8256 33.08594093262072 82.56
8257 33.08991129230219 82.57000000000001
8258 33.09388164596341 82.58
8259 33.09785201937952 82.59
8260 33.1018223922174 82.60000000000001
8261 33.10579276354406 82.61
8262 33.10976313214919 82.62
8263 33.11373351564305 82.63
8264 33.1177038192009 82.64
8265 33.1216741192427 82.65000000000001
8266 33.12564441570905 82.66
8267 33.12961470841772 82.67
8268 33.13358499740544 82.68000000000001
8269 33.13755528242444 82.69
8270 33.1415256123742 82.7
8271 33.14549594038355 82.71000000000001
8272 33.14946626617127 82.72
8273 33.15343663027796 82.73
8274 33.15740695041889 82.73999999999999
8275 33.1613772676244 82.75
8276 33.16534761126476 82.76000000000001
8277 33.16931794173311 82.77
8278 33.17328827101035 82.78
8279 33.17725865891227 82.79000000000001
8280 33.18122898362981 82.8
8281 33.18519930857285 82.81
8282 33.18916963015015 82.82000000000001
8283 33.19313995124175 82.83
8284 33.19711027111852 82.84
8285 33.20108061002783 82.85000000000001
8286 33.20505095060859 82.86
8287 33.20902129110684 82.87
8288 33.21299163219626 82.88
8289 33.21696197341792 82.89
8290 33.22093231328192 82.90000000000001
8291 33.22490265695789 82.91
8292 33.22887299913826 82.92
8293 33.23284334438134 82.93000000000001
8294 33.23681368890198 82.94
8295 33.24078399236762 82.95
8296 33.24475429465168 82.96000000000001
8297 33.24872455217587 82.97
8298 33.25269480774026 82.98
8299 33.25666508489867 82.98999999999999
8300 33.26063533757505 83
8301 33.26460558883291 83.01000000000001
8302 33.26857583631414 83.02
8303 33.2725460828246 83.03
8304 33.27651634348469 83.04000000000001
8305 33.28048660349731 83.05
8306 33.28445686342432 83.06
8307 33.28842712202023 83.07000000000001
8308 33.29239732095839 83.08
8309 33.29636752042203 83.09
8310 33.30033771970236 83.10000000000001
8311 33.30430791798008 83.11
8312 33.30827811235055 83.12
8313 33.31224768466929 83.13
8314 33.31621789927154 83.14
8315 33.32018715301415 83.15000000000001
8316 33.32415736571526 83.16
8317 33.32812818378471 83.17
8318 33.33209835958023 83.18000000000001
8319 33.33606913063778 83.19
8320 33.34003930221471 83.2
8321 33.34400947070812 83.21000000000001
8322 33.34797963258242 83.22
8323 33.35194979198948 83.23
8324 33.3559199427869 83.23999999999999
8325 33.35989008717749 83.25
8326 33.3638602256814 83.26000000000001
8327 33.36783040359998 83.27
8328 33.37180052450277 83.28
8329 33.37577063947589 83.29000000000001
8330 33.37974074928429 83.3
8331 33.38371090424776 83.31
8332 33.38768105648665 83.32000000000001
8333 33.39165120638576 83.33
8334 33.39562135402676 83.34
8335 33.39959149617717 83.35000000000001
8336 33.40356163515945 83.36
8337 33.40753170367309 83.37
8338 33.41150176938069 83.38
8339 33.41547183998968 83.39
8340 33.41944189720587 83.40000000000001
8341 33.42341194866892 83.41
8342 33.42738199470772 83.42
8343 33.43135204134379 83.43000000000001
8344 33.43532207880505 83.44
8345 33.4392921132623 83.45
8346 33.44326216675893 83.46000000000001
8347 33.44723223926385 83.47
8348 33.45120227795392 83.48
8349 33.45517230962879 83.48999999999999
8350 33.45914233532194 83.5
8351 33.46311235411035 83.51000000000001
8352 33.46708236504973 83.52
8353 33.47105236485959 83.53
8354 33.47502239526449 83.54000000000001
8355 33.47899237709336 83.55
8356 33.48296235129217 83.56
8357 33.48693231866508 83.57000000000001
8358 33.49090233323708 83.58
8359 33.4948723436977 83.59
8360 33.49884239603186 83.60000000000001
8361 33.50281244532682 83.61
8362 33.50678251659764 83.62
8363 33.51075258530014 83.63
8364 33.51472265099267 83.64
8365 33.51869274284256 83.65000000000001
8366 33.52266283205805 83.66
8367 33.52663291877167 83.67
8368 33.53060300326541 83.68000000000001
8369 33.5345730842598 83.69
8370 33.53854316537563 83.7
8371 33.54251324477511 83.71000000000001
8372 33.5464833198008 83.72
8373 33.55045339160003 83.73
8374 33.55442346143653 83.73999999999999
8375 33.55839355380222 83.75
8376 33.56236364470188 83.76000000000001
8377 33.56633373198763 83.77
8378 33.57030381666563 83.78
8379 33.57427389919525 83.79000000000001
8380 33.5782439797491 83.8
8381 33.58221405671196 83.81
8382 33.58618412898805 83.82000000000001
8383 33.59015420074262 83.83
8384 33.59412427034646 83.84
8385 33.59809433844671 83.85000000000001
8386 33.60206440448826 83.86
8387 33.60603446879018 83.87
8388 33.61000453378398 83.88
8389 33.61397459357044 83.89
8390 33.61794465856006 83.90000000000001
8391 33.62191474109657 83.91
8392 33.62588485032749 83.92
8393 33.62985493123553 83.93000000000001
8394 33.6338250111783 83.94
8395 33.63779509218828 83.95
8396 33.64176517197613 83.96000000000001
8397 33.6457352502497 83.97
8398 33.64970532681228 83.98
8399 33.65367543407517 83.98999999999999
8400 33.65764553761134 84
8401 33.66161564106385 84.01000000000001
8402 33.66558574080762 84.02
8403 33.66955583980293 84.03
8404 33.67352593733636 84.04000000000001
8405 33.67749602965831 84.05
8406 33.68146612026171 84.06
8407 33.6854362073061 84.07000000000001
8408 33.68940627651214 84.08
8409 33.69337634322478 84.09
8410 33.69734640863932 84.10000000000001
8411 33.70131647129051 84.11
8412 33.70528653084587 84.12
8413 33.7092566047219 84.13
8414 33.71322667755788 84.14
8415 33.71719674730755 84.15000000000001
8416 33.72116676022107 84.16
8417 33.72513676995403 84.17
8418 33.7291067764485 84.18000000000001
8419 33.73307677958161 84.19
8420 33.73704677921521 84.2
8421 33.7410167757805 84.21000000000001
8422 33.744986763615 84.22
8423 33.74895674580414 84.23
8424 33.75292672282279 84.23999999999999
8425 33.75689669460178 84.25
8426 33.76086666084919 84.26000000000001
8427 33.76483662118939 84.27
8428 33.7688065791532 84.28
8429 33.77277653016445 84.29000000000001
8430 33.77674647457366 84.3
8431 33.78071640851709 84.31
8432 33.78468639323167 84.32000000000001
8433 33.78865637339869 84.33
8434 33.79262638347015 84.34
8435 33.79659639206754 84.35000000000001
8436 33.80056639733538 84.36
8437 33.80453639725135 84.37
8438 33.80850639259903 84.38
8439 33.81247638470428 84.39
8440 33.81644637357715 84.40000000000001
8441 33.82041632705123 84.41
8442 33.82438627463052 84.42
8443 33.82835618775717 84.43000000000001
8444 33.83232609789048 84.44
8445 33.83629604059373 84.45
8446 33.84026597859257 84.46000000000001
8447 33.84423590844909 84.47
8448 33.84820583330421 84.48
8449 33.85217574953097 84.48999999999999
8450 33.85614566405461 84.5
8451 33.86011554166028 84.51000000000001
8452 33.8640854633752 84.52
8453 33.8680553856303 84.53
8454 33.87202529989078 84.54000000000001
8455 33.87599520239358 84.55
8456 33.87996510433539 84.56
8457 33.88393503620582 84.57000000000001
8458 33.88790491118337 84.58
8459 33.89187477212624 84.59
8460 33.8958446154204 84.60000000000001
8461 33.89981444007764 84.61
8462 33.90378429922689 84.62
8463 33.90775415611657 84.63
8464 33.91172401513175 84.64
8465 33.91569393986623 84.65000000000001
8466 33.91966389594248 84.66
8467 33.92363380371373 84.67
8468 33.92760370463033 84.68000000000001
8469 33.93157361343708 84.69
8470 33.93554351543315 84.7
8471 33.93951341011608 84.71000000000001
8472 33.94348329860866 84.72
8473 33.94745317952486 84.73
8474 33.95142299720256 84.73999999999999
8475 33.95539289494064 84.75
8476 33.95936278534526 84.76000000000001
8477 33.96333269051469 84.77
8478 33.96730261254921 84.78
8479 33.97127252939827 84.79000000000001
8480 33.97524249015352 84.8
8481 33.97921239834849 84.81
8482 33.98318230156556 84.82000000000001
8483 33.98715219963299 84.83
8484 33.99112209207833 84.84
8485 33.99509200754267 84.85000000000001
8486 33.99906191815543 84.86
8487 34.00303182365111 84.87
8488 34.00700172401118 84.88
8489 34.01097161917182 84.89
8490 34.01494150871244 84.90000000000001
8491 34.01891139239822 84.91
8492 34.02288126998373 84.92
8493 34.02685114125342 84.93000000000001
8494 34.0308210059728 84.94
8495 34.03479086388952 84.95
8496 34.03876071480619 84.96000000000001
8497 34.04273055831203 84.97
8498 34.04670039471514 84.98
8499 34.05067022360632 84.98999999999999
8500 34.0546400452856 85
8501 34.05860985925116 85.01000000000001
8502 34.0625796654837 85.02
8503 34.0665494638652 85.03
8504 34.07051928592507 85.04000000000001
8505 34.07448911918651 85.05
8506 34.07845894807522 85.06
8507 34.08242877167486 85.07000000000001
8508 34.08639859020579 85.08
8509 34.09036840324484 85.09
8510 34.09433827640119 85.10000000000001
8511 34.0983081471943 85.11
8512 34.10227801576637 85.12
8513 34.10624788180384 85.13
8514 34.11021774443261 85.14
8515 34.11418760365359 85.15000000000001
8516 34.11815748835127 85.16
8517 34.12212734046938 85.17
8518 34.12609721078287 85.18000000000001
8519 34.13006707851524 85.19
8520 34.13403694305006 85.2
8521 34.13800680433935 85.21000000000001
8522 34.14197666222458 85.22
8523 34.14594651653892 85.23
8524 34.1499163671152 85.23999999999999
8525 34.15388623019731 85.25
8526 34.15785609064467 85.26000000000001
8527 34.1618259481565 85.27
8528 34.1657958028768 85.28
8529 34.16976565535697 85.29000000000001
8530 34.17373550515179 85.3
8531 34.17770538885502 85.31
8532 34.18167523261548 85.32000000000001
8533 34.18564507458873 85.33
8534 34.18961491286333 85.34
8535 34.19358474793951 85.35000000000001
8536 34.19755457979625 85.36
8537 34.20152440864528 85.37
8538 34.2054942777136 85.38
8539 34.20946416263249 85.39
8540 34.21343402662144 85.40000000000001
8541 34.21740388783621 85.41
8542 34.22137374595566 85.42
8543 34.22534360112201 85.43000000000001
8544 34.22931350125637 85.44
8545 34.23328343325729 85.45
8546 34.23725332958259 85.46000000000001
8547 34.24122322350934 85.47
8548 34.24519314230523 85.48
8549 34.24916303125399 85.48999999999999
8550 34.25313291759782 85.5
8551 34.25710280119118 85.51000000000001
8552 34.26107269999591 85.52
8553 34.26504259590352 85.53
8554 34.26901248958455 85.54000000000001
8555 34.27298230540737 85.55
8556 34.2769521176937 85.56
8557 34.28092192703946 85.57000000000001
8558 34.28489173289562 85.58
8559 34.28886153551332 85.59
8560 34.29283133472799 85.60000000000001
8561 34.29680113045303 85.61
8562 34.30077092256877 85.62
8563 34.30474071126882 85.63
8564 34.30871043730465 85.64
8565 34.31268015848838 85.65000000000001
8566 34.31664987480402 85.66
8567 34.32061958588344 85.67
8568 34.32458932167312 85.68000000000001
8569 34.32855905309575 85.69
8570 34.33252878022139 85.7
8571 34.336498503112 85.71000000000001
8572 34.34046817163108 85.72
8573 34.34443783485742 85.73
8574 34.34840749203363 85.73999999999999
8575 34.3523771435051 85.75
8576 34.35634681029109 85.76000000000001
8577 34.36031645074961 85.77
8578 34.36428612557748 85.78
8579 34.36825588868855 85.79000000000001
8580 34.37222564887995 85.8
8581 34.37619540609028 85.81
8582 34.38016516028691 85.82000000000001
8583 34.38413491093907 85.83
8584 34.38810465841803 85.84
8585 34.39207440244296 85.85000000000001
8586 34.39604414375921 85.86
8587 34.40001388204278 85.87
8588 34.40398361762553 85.88
8589 34.40795335093063 85.89
8590 34.41192309729566 85.90000000000001
8591 34.41589284200249 85.91
8592 34.41986258256912 85.92
8593 34.42383232144756 85.93000000000001
8594 34.42780205719303 85.94
8595 34.43177179118513 85.95
8596 34.43574152230234 85.96000000000001
8597 34.43971128329413 85.97
8598 34.44368100807799 85.98
8599 34.44765078134009 85.98999999999999
8600 34.45162057068985 86
8601 34.45559035813945 86.01000000000001
8602 34.45956014394531 86.02
8603 34.46352997545377 86.03
8604 34.46749975935846 86.04000000000001
8605 34.47146958122258 86.05
8606 34.47543936113983 86.06
8607 34.47940913918643 86.07000000000001
8608 34.48337891540554 86.08
8609 34.48734868965157 86.09
8610 34.49131846186823 86.10000000000001
8611 34.49528823185261 86.11
8612 34.49925804039772 86.12
8613 34.50322780586362 86.13
8614 34.50719756927184 86.14
8615 34.51116733052297 86.15000000000001
8616 34.5151370896854 86.16
8617 34.51910688487416 86.17
8618 34.52307667804864 86.18000000000001
8619 34.52704650615683 86.19
8620 34.53101629566343 86.2
8621 34.53498608291402 86.21000000000001
8622 34.53895590681446 86.22
8623 34.54292569106795 86.23
8624 34.54689543053355 86.23999999999999
8625 34.55086516696568 86.25
8626 34.5548349003524 86.26000000000001
8627 34.55880463084379 86.27
8628 34.56277435817503 86.28
8629 34.56674408232261 86.29000000000001
8630 34.57071380455292 86.3
8631 34.57468352563398 86.31
8632 34.57865319731103 86.32000000000001
8633 34.58262286506366 86.33
8634 34.58659252976931 86.34
8635 34.59056219059957 86.35000000000001
8636 34.59453184805679 86.36
8637 34.59850150120012 86.37
8638 34.60247114972718 86.38
8639 34.60644084015486 86.39
8640 34.61041052793485 86.40000000000001
8641 34.61438024734568 86.41
8642 34.6183499323032 86.42
8643 34.62231964390821 86.43000000000001
8644 34.62628935272404 86.44
8645 34.6302590521619 86.45
8646 34.63422875088121 86.46000000000001
8647 34.63819845316395 86.47
8648 34.64216814673046 86.48
8649 34.64613785274377 86.48999999999999
8650 34.65010759684144 86.5
8651 34.65407733825283 86.51000000000001
8652 34.65804709519192 86.52
8653 34.66201684670639 86.53
8654 34.6659865998973 86.54000000000001
8655 34.66995632816828 86.55
8656 34.67392605356163 86.56
8657 34.67789580082322 86.57000000000001
8658 34.68186553643829 86.58
8659 34.68583526437179 86.59
8660 34.68980498829144 86.60000000000001
8661 34.69377470985324 86.61
8662 34.69774442916392 86.62
8663 34.70171414975866 86.63
8664 34.7056838681475 86.64
8665 34.70965358380671 86.65000000000001
8666 34.71362329693727 86.66
8667 34.71759300367388 86.67
8668 34.7215627002056 86.68000000000001
8669 34.7255323900708 86.69
8670 34.72950209254138 86.7
8671 34.73347179884826 86.71000000000001
8672 34.73744150424911 86.72
8673 34.74141120675367 86.73
8674 34.74538090721791 86.73999999999999
8675 34.74935060503869 86.75
8676 34.75332029962946 86.76000000000001
8677 34.75728999119288 86.77
8678 34.7612597118558 86.78
8679 34.76522942980802 86.79000000000001
8680 34.76919914800131 86.8
8681 34.77316886696786 86.81
8682 34.77713858495981 86.82000000000001
8683 34.78110830158376 86.83
8684 34.78507805892178 86.84
8685 34.78904781537023 86.85000000000001
8686 34.79301757204954 86.86
8687 34.79698732027768 86.87
8688 34.8009570683199 86.88
8689 34.80492684324691 86.89
8690 34.80889659053087 86.90000000000001
8691 34.81286633642269 86.91
8692 34.81683607512547 86.92
8693 34.82080581144275 86.93000000000001
8694 34.82477554510203 86.94
8695 34.82874527848527 86.95
8696 34.83271501078742 86.96000000000001
8697 34.83668475224013 86.97
8698 34.8406544832965 86.98
8699 34.84462419428213 86.98999999999999
8700 34.84859389813459 87
8701 34.85256359667328 87.01000000000001
8702 34.85653328656363 87.02
8703 34.86050296289415 87.03
8704 34.86447250763639 87.04000000000001
8705 34.86844210257251 87.05
8706 34.87241166713325 87.06
8707 34.87638123394049 87.07000000000001
8708 34.88035080182226 87.08
8709 34.88432037000975 87.09
8710 34.88828998419531 87.10000000000001
8711 34.8922595488839 87.11
8712 34.8962291082732 87.12
8713 34.90019875687261 87.13
8714 34.90416840244831 87.14
8715 34.90813803751124 87.15000000000001
8716 34.91210771694147 87.16
8717 34.91607739456465 87.17
8718 34.92004705363816 87.18000000000001
8719 34.92401668301545 87.19
8720 34.92798632828772 87.2
8721 34.93195601407776 87.21000000000001
8722 34.93592564422153 87.22
8723 34.93989527545212 87.23
8724 34.9438649033543 87.23999999999999
8725 34.94783453436214 87.25
8726 34.95180417828614 87.26000000000001
8727 34.95577382451375 87.27
8728 34.95974346883892 87.28
8729 34.96371307295593 87.29000000000001
8730 34.96768266697438 87.3
8731 34.971652288031 87.31
8732 34.97562188299754 87.32000000000001
8733 34.97959147244124 87.33
8734 34.98356105375718 87.34
8735 34.987530654841 87.35000000000001
8736 34.99150021786617 87.36
8737 34.99546976889397 87.37
8738 34.99943933418443 87.38
8739 35.00340891015758 87.39
8740 35.00737848249859 87.40000000000001
8741 35.01134805117243 87.41
8742 35.01531761832246 87.42
8743 35.01928716891857 87.43000000000001
8744 35.02325677128282 87.44
8745 35.02722632784698 87.45
8746 35.03119590441108 87.46000000000001
8747 35.03516548137247 87.47
8748 35.03913508192868 87.48
8749 35.04310468931714 87.48999999999999
8750 35.04707424985709 87.5
8751 35.05104380876326 87.51000000000001
8752 35.0550133929864 87.52
8753 35.05898294068339 87.53
8754 35.0629524835753 87.54000000000001
8755 35.06692206585311 87.55
8756 35.0708916001773 87.56
8757 35.07486113535435 87.57000000000001
8758 35.07883068018013 87.58
8759 35.08280025533703 87.59
8760 35.08676977127476 87.60000000000001
8761 35.09073928109863 87.61
8762 35.09470878571629 87.62
8763 35.09867829889222 87.63
8764 35.10264781107652 87.64
8765 35.10661731355337 87.65000000000001
8766 35.11058680565654 87.66
8767 35.1145562949791 87.67
8768 35.11852577500429 87.68000000000001
8769 35.12249524670128 87.69
8770 35.12646472676013 87.7
8771 35.13043419928944 87.71000000000001
8772 35.1344036631376 87.72
8773 35.13837317353282 87.73
8774 35.1423426569954 87.73999999999999
8775 35.14631211064689 87.75
8776 35.15028152389573 87.76000000000001
8777 35.15425093139529 87.77
8778 35.15822035260663 87.78
8779 35.16218985223015 87.79000000000001
8780 35.16615933766282 87.8
8781 35.17012882501734 87.81
8782 35.17409830509334 87.82000000000001
8783 35.17806778060035 87.83
8784 35.18203724573254 87.84
8785 35.18600671312204 87.85000000000001
8786 35.18997616710834 87.86
8787 35.19394562375332 87.87
8788 35.19791506645608 87.88
8789 35.20188451184224 87.89
8790 35.20585393814206 87.90000000000001
8791 35.20982337232419 87.91
8792 35.21379278846673 87.92
8793 35.21776221186778 87.93000000000001
8794 35.22173161716962 87.94
8795 35.22570103091822 87.95
8796 35.22967042444109 87.96000000000001
8797 35.23363987828094 87.97
8798 35.23760932220977 87.98
8799 35.2415787543826 87.98999999999999
8800 35.24554822571515 88
8801 35.24951765046476 88.01000000000001
8802 35.25348706773359 88.02
8803 35.25745647917276 88.03
8804 35.26142588474647 88.04000000000001
8805 35.26539528465515 88.05
8806 35.26936467839657 88.06
8807 35.27333408221074 88.07000000000001
8808 35.27730348057883 88.08
8809 35.28127287342743 88.09
8810 35.28524229871741 88.10000000000001
8811 35.28921171924679 88.11
8812 35.29318113657174 88.12
8813 35.29715054905912 88.13
8814 35.3011200058646 88.14
8815 35.30508945994989 88.15000000000001
8816 35.30905891082583 88.16
8817 35.31302835887111 88.17
8818 35.3169978036558 88.18000000000001
8819 35.32096724559749 88.19
8820 35.32493668483454 88.2
8821 35.32890612076612 88.21000000000001
8822 35.33287564863315 88.22
8823 35.33684521922299 88.23
8824 35.34081474525543 88.23999999999999
8825 35.34478427524115 88.25
8826 35.34875380779422 88.26000000000001
8827 35.35272334009285 88.27
8828 35.35669290134783 88.28
8829 35.36066247587364 88.29000000000001
8830 35.36463200614465 88.3
8831 35.3686015432385 88.31
8832 35.37257107552081 88.32000000000001
8833 35.37654060292448 88.33
8834 35.38051008962354 88.34
8835 35.38447956274249 88.35000000000001
8836 35.38844903830609 88.36
8837 35.39241850691518 88.37
8838 35.39638798854904 88.38
8839 35.40035745573566 88.39
8840 35.40432692174722 88.40000000000001
8841 35.4082963836423 88.41
8842 35.41226585937541 88.42
8843 35.41623530706173 88.43000000000001
8844 35.42020477303534 88.44
8845 35.42417422853737 88.45
8846 35.42814368194169 88.46000000000001
8847 35.43211312851146 88.47
8848 35.43608258047325 88.48
8849 35.44005208704857 88.48999999999999
8850 35.44402149853532 88.5
8851 35.44799090508481 88.51000000000001
8852 35.45196030799257 88.52
8853 35.45592971095088 88.53
8854 35.4598991089537 88.54000000000001
8855 35.46386852035326 88.55
8856 35.46783793835831 88.56
8857 35.4718073334794 88.57000000000001
8858 35.47577675576279 88.58
8859 35.47974614852649 88.59
8860 35.48371554163236 88.60000000000001
8861 35.48768493209312 88.61
8862 35.49165431776812 88.62
8863 35.49562370359769 88.63
8864 35.49959309289314 88.64
8865 35.50356247223919 88.65000000000001
8866 35.50753185343035 88.66
8867 35.5115012443168 88.67
8868 35.51547062237972 88.68000000000001
8869 35.51944000163709 88.69
8870 35.52340937881262 88.7
8871 35.52737875402601 88.71000000000001
8872 35.53134813761518 88.72
8873 35.53531750049098 88.73
8874 35.53928690084961 88.73999999999999
8875 35.54325625911791 88.75
8876 35.54722562016116 88.76000000000001
8877 35.55119499416875 88.77
8878 35.55516435241102 88.78
8879 35.55913371900179 88.79000000000001
8880 35.56310306597145 88.8
8881 35.56707241002013 88.81
8882 35.57104178333706 88.82000000000001
8883 35.57501116319657 88.83
8884 35.57898052700361 88.84
8885 35.58294990323336 88.85000000000001
8886 35.58691927720713 88.86
8887 35.59088866326393 88.87
8888 35.59485802724672 88.88
8889 35.59882739130617 88.89
8890 35.60279676501098 88.90000000000001
8891 35.60676617920056 88.91
8892 35.61073556607728 88.92
8893 35.61470495377085 88.93000000000001
8894 35.61867432868006 88.94
8895 35.62264370261279 88.95
8896 35.6266130637937 88.96000000000001
8897 35.63058244123997 88.97
8898 35.63455181114992 88.98
8899 35.63852118284349 88.98999999999999
8900 35.64249054242209 89
8901 35.64645990102183 89.01000000000001
8902 35.65042925010363 89.02
8903 35.65439860885987 89.03
8904 35.65836797186748 89.04000000000001
8905 35.66233732112284 89.05
8906 35.66630667044225 89.06
8907 35.67027602142898 89.07000000000001
8908 35.67424536397441 89.08
8909 35.67821470992321 89.09
8910 35.68218405417406 89.10000000000001
8911 35.68615343130752 89.11
8912 35.69012277232102 89.12
8913 35.69409214554477 89.13
8914 35.69806146737714 89.14
8915 35.70203079438287 89.15000000000001
8916 35.70600006887592 89.16
8917 35.70996934126758 89.17
8918 35.71393860535204 89.18000000000001
8919 35.71790786190027 89.19
8920 35.72187712780246 89.2
8921 35.72584636696938 89.21000000000001
8922 35.72981559174841 89.22
8923 35.73378479560314 89.23
8924 35.737754070462 89.23999999999999
8925 35.7417232656085 89.25
8926 35.74569248900519 89.26000000000001
8927 35.74966167714252 89.27
8928 35.75363088071875 89.28
8929 35.75760004963347 89.29000000000001
8930 35.76156926764967 89.3
8931 35.76553848098951 89.31
8932 35.76950770509134 89.32000000000001
8933 35.77347692921175 89.33
8934 35.77744615100281 89.34
8935 35.78141536126801 89.35000000000001
8936 35.78538457546688 89.36
8937 35.78935381493222 89.37
8938 35.79332304537922 89.38
8939 35.79729227637573 89.39
8940 35.80126150550623 89.40000000000001
8941 35.80523072796942 89.41
8942 35.80919999935709 89.42
8943 35.81316922017702 89.43000000000001
8944 35.81713843079379 89.44
8945 35.82110766139849 89.45
8946 35.82507688633655 89.46000000000001
8947 35.82904610269767 89.47
8948 35.83301531170971 89.48
8949 35.8369845300685 89.48999999999999
8950 35.84095374129242 89.5
8951 35.84492294203834 89.51000000000001
8952 35.84889213876528 89.52
8953 35.85286134325438 89.53
8954 35.85683054303097 89.54000000000001
8955 35.86079974737608 89.55
8956 35.86476894330796 89.56
8957 35.86873813000508 89.57000000000001
8958 35.87270727003805 89.58
8959 35.87667646240941 89.59
8960 35.88064565068294 89.60000000000001
8961 35.88461483808574 89.61
8962 35.8885840202894 89.62
8963 35.89255319992143 89.63
8964 35.89652233129479 89.64
8965 35.90049144513208 89.65000000000001
8966 35.90446056602889 89.66
8967 35.90842967562901 89.67
8968 35.91239878146062 89.68000000000001
8969 35.91636787942711 89.69
8970 35.9203369628068 89.7
8971 35.92430607254876 89.71000000000001
8972 35.92827516960256 89.72
8973 35.93224425802359 89.73
8974 35.93621335567556 89.73999999999999
8975 35.94018249935547 89.75
8976 35.94415163024082 89.76000000000001
8977 35.94812075350371 89.77
8978 35.95208986677954 89.78
8979 35.95605897002842 89.79000000000001
8980 35.96002809261327 89.8
8981 35.96399713999014 89.81
8982 35.96796628205119 89.82000000000001
8983 35.97193541208088 89.83
8984 35.97590458387931 89.84
8985 35.97987369715834 89.85000000000001
8986 35.9838427997355 89.86
8987 35.98781189740244 89.87
8988 35.99178099358075 89.88
8989 35.99575008577985 89.89
8990 35.99971915870837 89.90000000000001
8991 36.00368823642923 89.91
8992 36.00765732860127 89.92
8993 36.01162638386124 89.93000000000001
8994 36.01559544650075 89.94
8995 36.01956450743201 89.95
8996 36.02353355066913 89.96000000000001
8997 36.02750259392149 89.97
8998 36.03147162256808 89.98
8999 36.03544065227684 89.98999999999999
9000 36.03940973379499 90
9001 36.04337874008664 90.01000000000001
9002 36.04734772201201 90.02
9003 36.05131671693633 90.03
9004 36.05528569176182 90.04000000000001
9005 36.05925466996938 90.05
9006 36.06322363298207 90.06
9007 36.06719259454189 90.07000000000001
9008 36.07116153343296 90.08
9009 36.07513048462042 90.09
9010 36.07909939312067 90.10000000000001
9011 36.08306837112698 90.11
9012 36.0870373493379 90.12
9013 36.09100635164522 90.13
9014 36.09497538065707 90.14
9015 36.09894439969407 90.15000000000001
9016 36.10291341053425 90.16
9017 36.1068824185633 90.17
9018 36.11085141771029 90.18000000000001
9019 36.11482044495534 90.19
9020 36.11878948937138 90.2
9021 36.12275852980247 90.21000000000001
9022 36.12672756001396 90.22
9023 36.13069658016379 90.23
9024 36.13466558910355 90.23999999999999
9025 36.13863461937796 90.25
9026 36.14260363931923 90.26000000000001
9027 36.14657266451833 90.27
9028 36.15054169196134 90.28
9029 36.15451076109244 90.29000000000001
9030 36.15847984728261 90.3
9031 36.16244893098816 90.31
9032 36.16641802534322 90.32000000000001
9033 36.17038711704173 90.33
9034 36.17435624731623 90.34
9035 36.17832532453492 90.35000000000001
9036 36.18229438868682 90.36
9037 36.18626344311512 90.37
9038 36.19023250702964 90.38
9039 36.19420161730559 90.39
9040 36.19817067627102 90.40000000000001
9041 36.20213972343299 90.41
9042 36.20610881585444 90.42
9043 36.21007789614566 90.43000000000001
9044 36.21404697901812 90.44
9045 36.21801606746464 90.45
9046 36.22198514980921 90.46000000000001
9047 36.22595422484628 90.47
9048 36.22992331253755 90.48
9049 36.23389239466429 90.48999999999999
9050 36.23786140976519 90.5
9051 36.24183042145162 90.51000000000001
9052 36.24579942925646 90.52
9053 36.24976843366398 90.53
9054 36.25373743548207 90.54000000000001
9055 36.25770643063576 90.55
9056 36.26167542016018 90.56
9057 36.26564440627719 90.57000000000001
9058 36.26961343399342 90.58
9059 36.27358241031294 90.59
9060 36.27755140123079 90.60000000000001
9061 36.28152038640461 90.61
9062 36.28548936984899 90.62
9063 36.28945832534284 90.63
9064 36.29342730673643 90.64
9065 36.29739627220191 90.65000000000001
9066 36.30136528553441 90.66
9067 36.30533432130549 90.67
9068 36.30930330724993 90.68000000000001
9069 36.31327228761308 90.69
9070 36.31724126999075 90.7
9071 36.32121023335523 90.71000000000001
9072 36.32517919626629 90.72
9073 36.32914816470842 90.73
9074 36.3331171630937 90.73999999999999
9075 36.33708616535773 90.75
9076 36.34105515157871 90.76000000000001
9077 36.34502413870999 90.77
9078 36.34899311467117 90.78
9079 36.35296214987119 90.79000000000001
9080 36.35693116686674 90.8
9081 36.36090018068834 90.81
9082 36.3648691984413 90.82000000000001
9083 36.36883821862943 90.83
9084 36.37280725249333 90.84
9085 36.37677625815712 90.85000000000001
9086 36.38074525542399 90.86
9087 36.38471424052139 90.87
9088 36.38868326198221 90.88
9089 36.39265228256761 90.89
9090 36.39662124412119 90.90000000000001
9091 36.40059021897647 90.91
9092 36.40455924055059 90.92
9093 36.40852825970853 90.93000000000001
9094 36.41249729651079 90.94
9095 36.41646630319794 90.95
9096 36.42043530209389 90.96000000000001
9097 36.42440430519718 90.97
9098 36.42837329376657 90.98
9099 36.43234232631326 90.98999999999999
9100 36.43631136796222 91
9101 36.44028035710988 91.01000000000001
9102 36.44424933214984 91.02
9103 36.44821831012275 91.03
9104 36.45218728337274 91.04000000000001
9105 36.45615624129905 91.05
9106 36.4601252035511 91.06
9107 36.46409419066162 91.07000000000001
9108 36.46806315987637 91.08
9109 36.47203212618638 91.09
9110 36.47600109663512 91.10000000000001
9111 36.47997005652113 91.11
9112 36.48393902006861 91.12
9113 36.48790797627159 91.13
9114 36.49187692631798 91.14
9115 36.495845871293 91.15000000000001
9116 36.49981476610186 91.16
9117 36.50378364254965 91.17
9118 36.50775252093867 91.18000000000001
9119 36.51172139493171 91.19
9120 36.51569025441796 91.2
9121 36.51965911471986 91.21000000000001
9122 36.5236279801924 91.22
9123 36.52759683857353 91.23
9124 36.53156569815645 91.23999999999999
9125 36.53553454670222 91.25
9126 36.53950339811549 91.26000000000001
9127 36.54347227306654 91.27
9128 36.54744114488491 91.28
9129 36.5514100524754 91.29000000000001
9130 36.5553789201588 91.3
9131 36.55934778724031 91.31
9132 36.56331665062277 91.32000000000001
9133 36.56728549873589 91.33
9134 36.57125434170831 91.34
9135 36.57522317796514 91.35000000000001
9136 36.57919201224255 91.36
9137 36.58316085667698 91.37
9138 36.58712970256268 91.38
9139 36.5910985411348 91.39
9140 36.59506738220821 91.40000000000001
9141 36.59903626139666 91.41
9142 36.60300513114874 91.42
9143 36.60697400072057 91.43000000000001
9144 36.61094287145819 91.44
9145 36.61491173533891 91.45
9146 36.61888063446013 91.46000000000001
9147 36.62284950075271 91.47
9148 36.62681836063511 91.48
9149 36.63078721194619 91.48999999999999
9150 36.63475605921208 91.5
9151 36.63872490431997 91.51000000000001
9152 36.64269374749854 91.52
9153 36.64666259243168 91.53
9154 36.65063143529325 91.54000000000001
9155 36.65460028128508 91.55
9156 36.65856911500759 91.56
9157 36.66253794836153 91.57000000000001
9158 36.66650681553268 91.58
9159 36.67047563729682 91.59
9160 36.67444445851457 91.60000000000001
9161 36.67841328169952 91.61
9162 36.68238208795124 91.62
9163 36.68635089457648 91.63
9164 36.69031970455065 91.64
9165 36.69428850224909 91.65000000000001
9166 36.69825730394926 91.66
9167 36.70222611006569 91.67
9168 36.70619489990963 91.68000000000001
9169 36.71016369774543 91.69
9170 36.71413248651844 91.7
9171 36.71810132143534 91.71000000000001
9172 36.72207014853464 91.72
9173 36.72603900362007 91.73
9174 36.73000783116819 91.73999999999999
9175 36.7339766565251 91.75
9176 36.73794546637475 91.76000000000001
9177 36.74191426328518 91.77
9178 36.74588307840671 91.78
9179 36.74985189145866 91.79000000000001
9180 36.7538207444547 91.8
9181 36.75778955303748 91.81
9182 36.76175837083541 91.82000000000001
9183 36.76572719683898 91.83
9184 36.76969603226682 91.84
9185 36.77366486783079 91.85000000000001
9186 36.7776337102042 91.86
9187 36.78160253177857 91.87
9188 36.78557135233304 91.88
9189 36.78954017560291 91.89
9190 36.79350899364687 91.90000000000001
9191 36.79747788372261 91.91
9192 36.80144673253134 91.92
9193 36.80541558732127 91.93000000000001
9194 36.80938445444587 91.94
9195 36.81335330249515 91.95
9196 36.81732217335757 91.96000000000001
9197 36.8212910371007 91.97
9198 36.82525989112165 91.98
9199 36.82922874807432 91.98999999999999
9200 36.83319760687061 92
9201 36.83716647961024 92.01000000000001
9202 36.84113534486406 92.02
9203 36.84510420979718 92.03
9204 36.8490730654545 92.04000000000001
9205 36.85304192042396 92.05
9206 36.85701082087388 92.06
9207 36.86097968562807 92.07000000000001
9208 36.86494855071339 92.08
9209 36.8689174177585 92.09
9210 36.87288628339596 92.10000000000001
9211 36.87685513909126 92.11
9212 36.88082398768817 92.12
9213 36.88479283802237 92.13
9214 36.88876169557586 92.14
9215 36.89273055786561 92.15000000000001
9216 36.89669941272093 92.16
9217 36.90066826777949 92.17
9218 36.90463711558678 92.18000000000001
9219 36.90860596957953 92.19
9220 36.91257480701497 92.2
9221 36.91654367710673 92.21000000000001
9222 36.92051254414918 92.22
9223 36.92448142715045 92.23
9224 36.92845028416423 92.23999999999999
9225 36.93241915201135 92.25
9226 36.93638801112241 92.26000000000001
9227 36.94035687022081 92.27
9228 36.94432574083872 92.28
9229 36.94829461029122 92.29000000000001
9230 36.95226347503235 92.3
9231 36.95623233096861 92.31
9232 36.96020119360156 92.32000000000001
9233 36.9641700545326 92.33
9234 36.96813890539522 92.34
9235 36.97210776847096 92.35000000000001
9236 36.97607665417955 92.36
9237 36.98004551146158 92.37
9238 36.98401436822455 92.38
9239 36.98798324159107 92.39
9240 36.99195203486065 92.40000000000001
9241 36.99592083619821 92.41
9242 36.99988963498721 92.42
9243 37.00385845017161 92.43000000000001
9244 37.00782726897847 92.44
9245 37.01179608053285 92.45
9246 37.01576488410156 92.46000000000001
9247 37.01973367639324 92.47
9248 37.02370248301376 92.48
9249 37.02767128942246 92.48999999999999
9250 37.03164009447682 92.5
9251 37.03560879022993 92.51000000000001
9252 37.03957751420003 92.52
9253 37.0435462271369 92.53
9254 37.04751493180022 92.54000000000001
9255 37.05148363395529 92.55
9256 37.05545233922349 92.56
9257 37.05942104331296 92.57000000000001
9258 37.06338973887262 92.58
9259 37.06735843348475 92.59
9260 37.07132713726514 92.60000000000001
9261 37.07529584139292 92.61
9262 37.07926449333071 92.62
9263 37.083233171532 92.63
9264 37.08720180462465 92.64
9265 37.09117046037865 92.65000000000001
9266 37.09513907808228 92.66
9267 37.09910770708995 92.67
9268 37.10307632650235 92.68000000000001
9269 37.10704493030745 92.69
9270 37.1110136234205 92.7
9271 37.11498228263255 92.71000000000001
9272 37.11895098806981 92.72
9273 37.12291963592849 92.73
9274 37.12688827268101 92.73999999999999
9275 37.13085690679956 92.75
9276 37.13482553921257 92.76000000000001
9277 37.13879416241117 92.77
9278 37.1427627961555 92.78
9279 37.14673144053455 92.79000000000001
9280 37.15070007942293 92.8
9281 37.15466870975251 92.81
9282 37.15863737530071 92.82000000000001
9283 37.16260599176877 92.83
9284 37.16657460422173 92.84
9285 37.17054320872153 92.85000000000001
9286 37.17451181497681 92.86
9287 37.17848041169945 92.87
9288 37.1824490000901 92.88
9289 37.18641758871063 92.89
9290 37.19038615045507 92.90000000000001
9291 37.1943547690511 92.91
9292 37.19832333529737 92.92
9293 37.20229190833592 92.93000000000001
9294 37.20626046658697 92.94
9295 37.21022902521515 92.95
9296 37.2141975749868 92.96000000000001
9297 37.21816609053742 92.97
9298 37.22213464100204 92.98
9299 37.22610316582408 92.98999999999999
9300 37.23007168052463 93
9301 37.23404017255294 93.01000000000001
9302 37.23800867492893 93.02
9303 37.24197725676718 93.03
9304 37.2459457795534 93.04000000000001
9305 37.24991431884342 93.05
9306 37.25388284611254 93.06
9307 37.25785137102487 93.07000000000001
9308 37.26181990792214 93.08
9309 37.26578849957779 93.09
9310 37.26975700476509 93.10000000000001
9311 37.27372551236763 93.11
9312 37.27769400112477 93.12
9313 37.281662552863 93.13
9314 37.28563110518257 93.14
9315 37.28959964562347 93.15000000000001
9316 37.29356818916911 93.16
9317 37.29753671775859 93.17
9318 37.30150525137187 93.18000000000001
9319 37.30547376876169 93.19
9320 37.30944229327788 93.2
9321 37.31341081409299 93.21000000000001
9322 37.31737933083381 93.22
9323 37.32134792674508 93.23
9324 37.32531643593988 93.23999999999999
9325 37.3292849781884 93.25
9326 37.33325347941809 93.26000000000001
9327 37.33722196506291 93.27
9328 37.34119046213205 93.28
9329 37.34515895230458 93.29000000000001
9330 37.34912744355729 93.3
9331 37.35309592848003 93.31
9332 37.35706441336946 93.32000000000001
9333 37.361032905309 93.33
9334 37.36500137474562 93.34
9335 37.36896984766278 93.35000000000001
9336 37.37293831914914 93.36
9337 37.37690681270367 93.37
9338 37.38087528064722 93.38
9339 37.3848437485721 93.39
9340 37.38881219972843 93.40000000000001
9341 37.39278065517612 93.41
9342 37.39674910684456 93.42
9343 37.40071755121533 93.43000000000001
9344 37.40468598923045 93.44
9345 37.40865444468479 93.45
9346 37.4126229990834 93.46000000000001
9347 37.41659148393298 93.47
9348 37.42055995059305 93.48
9349 37.42452841744205 93.48999999999999
9350 37.42849690331924 93.5
9351 37.43246537490202 93.51000000000001
9352 37.4364338734456 93.52
9353 37.44040239603725 93.53
9354 37.44437092149906 93.54000000000001
9355 37.44833946036516 93.55
9356 37.45230801311966 93.56
9357 37.45627655369744 93.57000000000001
9358 37.46024509224787 93.58
9359 37.46421363881081 93.59
9360 37.46818221752165 93.60000000000001
9361 37.47215078966908 93.61
9362 37.47611934404863 93.62
9363 37.48008790957131 93.63
9364 37.48405646736501 93.64
9365 37.48802502180395 93.65000000000001
9366 37.49199356596647 93.66
9367 37.49596210741348 93.67
9368 37.49993064047286 93.68000000000001
9369 37.50389924649275 93.69
9370 37.50786785149263 93.7
9371 37.5118364549541 93.71000000000001
9372 37.51580505486331 93.72
9373 37.51977365527496 93.73
9374 37.52374225198415 93.73999999999999
9375 37.52771084686727 93.75
9376 37.53167948141469 93.76000000000001
9377 37.53564807265752 93.77
9378 37.53961666371305 93.78
9379 37.54358526425852 93.79000000000001
9380 37.54755385232389 93.8
9381 37.55152243073749 93.81
9382 37.55549101529068 93.82000000000001
9383 37.55945958005631 93.83
9384 37.56342817451748 93.84
9385 37.56739678201602 93.85000000000001
9386 37.57136540154968 93.86
9387 37.57533395088682 93.87
9388 37.57930250241684 93.88
9389 37.58327104980089 93.89
9390 37.58723959779358 93.90000000000001
9391 37.59120814399245 93.91
9392 37.59517668730382 93.92
9393 37.59914522659772 93.93000000000001
9394 37.60311376456941 93.94
9395 37.60708230276871 93.95
9396 37.61105083577672 93.96000000000001
9397 37.61501936813163 93.97
9398 37.61898789887776 93.98
9399 37.62295642302934 93.98999999999999
9400 37.62692494597964 94
9401 37.63089346130796 94.01000000000001
9402 37.63486197050653 94.02
9403 37.63883048261441 94.03
9404 37.64279898685991 94.04000000000001
9405 37.646767561429 94.05
9406 37.65073613595052 94.06
9407 37.65470470745801 94.07000000000001
9408 37.65867329046419 94.08
9409 37.66264187535087 94.09
9410 37.66661046268641 94.10000000000001
9411 37.67057905133219 94.11
9412 37.67454762683678 94.12
9413 37.67851620837617 94.13
9414 37.68248478228988 94.14
9415 37.68645336147702 94.15000000000001
9416 37.69042194430175 94.16
9417 37.69439053880956 94.17
9418 37.69835910445985 94.18000000000001
9419 37.70232767208527 94.19
9420 37.70629623307355 94.2
9421 37.71026480441503 94.21000000000001
9422 37.71423336256219 94.22
9423 37.71820193209565 94.23
9424 37.72217049936167 94.23999999999999
9425 37.72613906726653 94.25
9426 37.73010763734619 94.26000000000001
9427 37.7340761991429 94.27
9428 37.73804478550233 94.28
9429 37.74201336377233 94.29000000000001
9430 37.74598190258856 94.3
9431 37.74995044267986 94.31
9432 37.7539190053992 94.32000000000001
9433 37.75788754370721 94.33
9434 37.76185607909612 94.34
9435 37.76582463565012 94.35000000000001
9436 37.76979317428044 94.36
9437 37.77376174948043 94.37
9438 37.77773028106463 94.38
9439 37.78169880887464 94.39
9440 37.78566733913684 94.40000000000001
9441 37.7896358669108 94.41
9442 37.79360439346588 94.42
9443 37.79757293397616 94.43000000000001
9444 37.8015414724601 94.44
9445 37.80551000575991 94.45
9446 37.80947853914486 94.46000000000001
9447 37.8134470762313 94.47
9448 37.81741559655644 94.48
9449 37.82138411497729 94.48999999999999
9450 37.82535262662844 94.5
9451 37.82932112612602 94.51000000000001
9452 37.83328962526504 94.52
9453 37.83725814517063 94.53
9454 37.84122665237043 94.54000000000001
9455 37.84519519604405 94.55
9456 37.84916373645704 94.56
9457 37.85313226961176 94.57000000000001
9458 37.85710080234364 94.58
9459 37.86106933118445 94.59
9460 37.86503780236119 94.60000000000001
9461 37.86900618791181 94.61
9462 37.87297456688172 94.62
9463 37.87694293202075 94.63
9464 37.88091129558575 94.64
9465 37.8848796866934 94.65000000000001
9466 37.88884807406644 94.66
9467 37.89281647468815 94.67
9468 37.89678487979066 94.68000000000001
9469 37.90075326591671 94.69
9470 37.9047216530268 94.7
9471 37.90869001439955 94.71000000000001
9472 37.91265843245962 94.72
9473 37.91662687770099 94.73
9474 37.92059531731164 94.73999999999999
9475 37.92456375923844 94.75
9476 37.92853219107378 94.76000000000001
9477 37.93250061406563 94.77
9478 37.9364690358325 94.78
9479 37.94043745360557 94.79000000000001
9480 37.94440586256326 94.8
9481 37.94837427052835 94.81
9482 37.95234267211696 94.82000000000001
9483 37.95631107299631 94.83
9484 37.96027946168482 94.84
9485 37.96424784046857 94.85000000000001
9486 37.96821621699934 94.86
9487 37.97218458605032 94.87
9488 37.97615298756485 94.88
9489 37.98012137982592 94.89
9490 37.98408976637394 94.90000000000001
9491 37.98805815885847 94.91
9492 37.99202654946802 94.92
9493 37.99599493567023 94.93000000000001
9494 37.99996326130844 94.94
9495 38.00393157956645 94.95
9496 38.00789988673871 94.96000000000001
9497 38.01186822090329 94.97
9498 38.01583651813906 94.98
9499 38.01980480934523 94.98999999999999
9500 38.02377309055954 95
9501 38.02774136646959 95.01000000000001
9502 38.03170967889355 95.02
9503 38.03567798795875 95.03
9504 38.03964628496833 95.04000000000001
9505 38.04361461610492 95.05
9506 38.04758296226907 95.06
9507 38.0515512947211 95.07000000000001
9508 38.05551962144275 95.08
9509 38.05948793281123 95.09
9510 38.06345625831082 95.10000000000001
9511 38.06742457848061 95.11
9512 38.07139289943728 95.12
9513 38.07536122754854 95.13
9514 38.07932953886903 95.14
9515 38.08329790185553 95.15000000000001
9516 38.08726626543867 95.16
9517 38.09123462876678 95.17
9518 38.09520299085643 95.18000000000001
9519 38.09917135053001 95.19
9520 38.10313971072393 95.2
9521 38.10710805382156 95.21000000000001
9522 38.1110764068593 95.22
9523 38.11504471325895 95.23
9524 38.11901298594174 95.23999999999999
9525 38.12298125892345 95.25
9526 38.12694952832572 95.26000000000001
9527 38.13091779415073 95.27
9528 38.13488604412474 95.28
9529 38.1388543010036 95.29000000000001
9530 38.14282255728183 95.3
9531 38.14679081127896 95.31
9532 38.15075909273303 95.32000000000001
9533 38.15472733533989 95.33
9534 38.15869557637917 95.34
9535 38.16266381235334 95.35000000000001
9536 38.16663203660472 95.36
9537 38.17060025539276 95.37
9538 38.1745684734435 95.38
9539 38.17853668259097 95.39
9540 38.18250487710338 95.40000000000001
9541 38.18647309364262 95.41
9542 38.19044130598842 95.42
9543 38.19440950966651 95.43000000000001
9544 38.1983777464902 95.44
9545 38.20234594474606 95.45
9546 38.20631413959759 95.46000000000001
9547 38.2102823313313 95.47
9548 38.21425060265236 95.48
9549 38.218218836324 95.48999999999999
9550 38.22218702089098 95.5
9551 38.22615520193753 95.51000000000001
9552 38.23012336734739 95.52
9553 38.23409164355505 95.53
9554 38.23805988286477 95.54000000000001
9555 38.24202812173598 95.55
9556 38.24599635731568 95.56
9557 38.24996458328424 95.57000000000001
9558 38.25393281631267 95.58
9559 38.25790103631215 95.59
9560 38.26186926626924 95.60000000000001
9561 38.26583748907284 95.61
9562 38.26980571762451 95.62
9563 38.27377393063036 95.63
9564 38.27774215585079 95.64
9565 38.28171037127917 95.65000000000001
9566 38.28567859178915 95.66
9567 38.28964679444942 95.67
9568 38.29361502805898 95.68000000000001
9569 38.29758323369062 95.69
9570 38.30155144570228 95.7
9571 38.30551965305191 95.71000000000001
9572 38.30948785090776 95.72
9573 38.3134560935825 95.73
9574 38.31742427927334 95.74000000000001
9575 38.32139247768723 95.75
9576 38.32536067119629 95.76000000000001
9577 38.32932885286822 95.77
9578 38.3332970384437 95.78
9579 38.33726522442807 95.79000000000001
9580 38.34123341380159 95.8
9581 38.3452015727302 95.81
9582 38.34916978957691 95.82000000000001
9583 38.35313800166222 95.83
9584 38.35710620981254 95.84
9585 38.3610744084077 95.85000000000001
9586 38.36504259396329 95.86
9587 38.36901081393919 95.87
9588 38.37297907470835 95.88
9589 38.37694727950737 95.89
9590 38.38091547980505 95.90000000000001
9591 38.38488366766558 95.91
9592 38.3888518650312 95.92
9593 38.39282004663987 95.93000000000001
9594 38.39678822414637 95.94
9595 38.40075639653691 95.95
9596 38.40472447850347 95.96000000000001
9597 38.40869264278437 95.97
9598 38.41266081583017 95.98
9599 38.41662894756929 95.99000000000001
9600 38.42059713884268 96
9601 38.42456534971294 96.01000000000001
9602 38.42853355928015 96.02
9603 38.43250175868871 96.03
9604 38.43646997826581 96.04000000000001
9605 38.44043819875155 96.05
9606 38.44440646466886 96.06
9607 38.4483747326773 96.07000000000001
9608 38.45234303777018 96.08
9609 38.45631131947177 96.09
9610 38.46027965725277 96.10000000000001
9611 38.46424794100697 96.11
9612 38.46821618466772 96.12
9613 38.47218445453533 96.13
9614 38.47615268902823 96.14
9615 38.48012092712841 96.15000000000001
9616 38.48408919876713 96.16
9617 38.48805746661877 96.17
9618 38.49202572606922 96.18000000000001
9619 38.49599398782556 96.19
9620 38.49996224342654 96.2
9621 38.50393054237851 96.21000000000001
9622 38.50789882562439 96.22
9623 38.51186708031942 96.23
9624 38.5158353409748 96.24000000000001
9625 38.51980362000473 96.25
9626 38.52377188687726 96.26000000000001
9627 38.5277401429363 96.27
9628 38.53170838540919 96.28
9629 38.53567663450752 96.29000000000001
9630 38.53964496326437 96.3
9631 38.54361322827845 96.31
9632 38.54758150003094 96.32000000000001
9633 38.55154977951661 96.33
9634 38.55551807274162 96.34
9635 38.55948627722019 96.35000000000001
9636 38.56345443702656 96.36
9637 38.5674225966668 96.37
9638 38.57139075828346 96.38
9639 38.57535894732541 96.39
9640 38.57932705213769 96.40000000000001
9641 38.58329515405281 96.41
9642 38.58726325264771 96.42
9643 38.59123134813595 96.43000000000001
9644 38.59519943589731 96.44
9645 38.59916753411206 96.45
9646 38.60313562165562 96.46000000000001
9647 38.60710369403118 96.47
9648 38.6110717600253 96.48
9649 38.61503982253182 96.49000000000001
9650 38.61900788177356 96.5
9651 38.62297593738522 96.51000000000001
9652 38.62694398506213 96.52
9653 38.63091201907225 96.53
9654 38.63488009759648 96.54000000000001
9655 38.63884814211954 96.55
9656 38.6428162005104 96.56
9657 38.64678423728579 96.57000000000001
9658 38.65075227817369 96.58
9659 38.65472031544709 96.59
9660 38.658688354648 96.60000000000001
9661 38.66265635904949 96.61
9662 38.66662439000478 96.62
9663 38.6705924119018 96.63
9664 38.67456048717905 96.64
9665 38.67852854973869 96.65000000000001
9666 38.68249660208805 96.66
9667 38.68646461124216 96.67
9668 38.69043262611237 96.68000000000001
9669 38.69440064598009 96.69
9670 38.69836866174902 96.7
9671 38.70233666360026 96.71000000000001
9672 38.70630467689857 96.72
9673 38.71027266441675 96.73
9674 38.71424066731068 96.74000000000001
9675 38.71820867222097 96.75
9676 38.7221766685287 96.76000000000001
9677 38.72614466001647 96.77
9678 38.73011265337627 96.78
9679 38.73408064017612 96.79000000000001
9680 38.73804861634273 96.8
9681 38.74201659856709 96.81
9682 38.74598457474927 96.82000000000001
9683 38.7499525251629 96.83
9684 38.75392047951162 96.84
9685 38.75788845019601 96.85000000000001
9686 38.76185640092514 96.86
9687 38.76582438550891 96.87
9688 38.7697923922854 96.88
9689 38.77376037572257 96.89
9690 38.77772834479295 96.90000000000001
9691 38.78169631051199 96.91
9692 38.78566425984398 96.92
9693 38.78963220626208 96.93000000000001
9694 38.79360015440879 96.94
9695 38.79756809814859 96.95
9696 38.80153603481546 96.96000000000001
9697 38.80550398110783 96.97
9698 38.8094719053167 96.98
9699 38.81343982337788 96.99000000000001
9700 38.81740777413684 97
9701 38.821375715483 97.01000000000001
9702 38.82534363985854 97.02
9703 38.82931155489477 97.03
9704 38.83327942687828 97.04000000000001
9705 38.83724729545281 97.05
9706 38.84121522224711 97.06
9707 38.84518311064569 97.07000000000001
9708 38.84915099740761 97.08
9709 38.8531189565858 97.09
9710 38.85708689708668 97.10000000000001
9711 38.8610548167083 97.11
9712 38.86502274788575 97.12
9713 38.86899067557002 97.13
9714 38.87295859889056 97.14
9715 38.87692652121653 97.15000000000001
9716 38.8808944274069 97.16
9717 38.88486233639179 97.17
9718 38.88883025500546 97.18000000000001
9719 38.89279816642218 97.19
9720 38.89676607456412 97.2
9721 38.90073397604782 97.21000000000001
9722 38.90470189052981 97.22
9723 38.90866978864031 97.23
9724 38.9126377012862 97.24000000000001
9725 38.91660559922832 97.25
9726 38.92057350550553 97.26000000000001
9727 38.9245413972739 97.27
9728 38.92850928235374 97.28
9729 38.93247715878955 97.29000000000001
9730 38.93644502801193 97.3
9731 38.94041290590499 97.31
9732 38.9443807623197 97.32000000000001
9733 38.94834867896607 97.33
9734 38.95231660219942 97.34
9735 38.95628456184551 97.35000000000001
9736 38.96025251387412 97.36
9737 38.96422047016284 97.37
9738 38.9681884255623 97.38
9739 38.97215638168764 97.39
9740 38.976124335183 97.40000000000001
9741 38.98009229381771 97.41
9742 38.9840602513508 97.42
9743 38.988028153259 97.43000000000001
9744 38.99199614264739 97.44
9745 38.99596414858595 97.45
9746 38.99993214094781 97.46000000000001
9747 39.0039001295964 97.47
9748 39.00786811661193 97.48
9749 39.01183609666211 97.49000000000001
9750 39.01580409214627 97.5
9751 39.01977210734528 97.51000000000001
9752 39.02374001641487 97.52
9753 39.02770796987197 97.53
9754 39.03167589968341 97.54000000000001
9755 39.03564382369052 97.55
9756 39.03961174429099 97.56
9757 39.04357962731055 97.57000000000001
9758 39.04754752190171 97.58
9759 39.05151542895535 97.59
9760 39.05548336032439 97.60000000000001
9761 39.0594512319046 97.61
9762 39.06341909404347 97.62
9763 39.06738695988172 97.63
9764 39.07135481784799 97.64
9765 39.0753227139723 97.65000000000001
9766 39.07929060701964 97.66
9767 39.08325849223139 97.67
9768 39.08722643187377 97.68000000000001
9769 39.09119433752529 97.69
9770 39.09516220608808 97.7
9771 39.0991300827481 97.71000000000001
9772 39.10309795351857 97.72
9773 39.1070658163173 97.73
9774 39.11103368035487 97.74000000000001
9775 39.11500153583142 97.75
9776 39.11896937603489 97.76000000000001
9777 39.12293722114012 97.77
9778 39.12690506242994 97.78
9779 39.13087291225707 97.79000000000001
9780 39.13484074554832 97.8
9781 39.13880857669754 97.81
9782 39.14277640682452 97.82000000000001
9783 39.14674423608993 97.83
9784 39.15071206486711 97.84
9785 39.15467989717247 97.85000000000001
9786 39.15864774944091 97.86
9787 39.16261556170548 97.87
9788 39.16658338403329 97.88
9789 39.17055119748282 97.89
9790 39.17451899302581 97.90000000000001
9791 39.17848684547467 97.91
9792 39.18245469577072 97.92
9793 39.1864225390293 97.93000000000001
9794 39.19039038709521 97.94
9795 39.19435823980747 97.95
9796 39.19832609625202 97.96000000000001
9797 39.20229394690863 97.97
9798 39.20626179715344 97.98
9799 39.21022962909998 97.99000000000001
9800 39.2141974879592 98
9801 39.21816535985066 98.01000000000001
9802 39.22213323126197 98.02
9803 39.22610109243214 98.03
9804 39.23006896049083 98.04000000000001
9805 39.23403688956788 98.05
9806 39.23800479651489 98.06
9807 39.24197268711225 98.07000000000001
9808 39.24594058942445 98.08
9809 39.24990848549996 98.09
9810 39.25387638543211 98.10000000000001
9811 39.25784428925105 98.11
9812 39.26181217480023 98.12
9813 39.26578008494532 98.13
9814 39.2697479348393 98.14
9815 39.27371580482193 98.15000000000001
9816 39.27768369493527 98.16
9817 39.28165156604422 98.17
9818 39.28561944359119 98.18000000000001
9819 39.28958731291104 98.19
9820 39.29355517627658 98.2
9821 39.29752305415451 98.21000000000001
9822 39.30149095658626 98.22
9823 39.30545885528782 98.23
9824 39.30942679450512 98.24000000000001
9825 39.31339459371482 98.25
9826 39.31736241601077 98.26000000000001
9827 39.32133024127337 98.27
9828 39.32529806183573 98.28
9829 39.32926588192422 98.29000000000001
9830 39.33323369962683 98.3
9831 39.33720151561702 98.31
9832 39.34116932821268 98.32000000000001
9833 39.34513713703956 98.33
9834 39.34910494178521 98.34
9835 39.35307274310741 98.35000000000001
9836 39.35704055449001 98.36
9837 39.36100838990227 98.37
9838 39.36497619197899 98.38
9839 39.36894398236991 98.39
9840 39.37291177372756 98.40000000000001
9841 39.37687955905053 98.41
9842 39.38084738720198 98.42
9843 39.38481523370751 98.43000000000001
9844 39.38878304980707 98.44
9845 39.39275086222384 98.45
9846 39.39671867394815 98.46000000000001
9847 39.40068648262712 98.47
9848 39.40465428128804 98.48
9849 39.40862208160395 98.49000000000001
9850 39.41258987903232 98.5
9851 39.4165576728745 98.51000000000001
9852 39.42052546442266 98.52
9853 39.42449327387953 98.53
9854 39.42846106420039 98.54000000000001
9855 39.43242885554535 98.55
9856 39.43639662832629 98.56
9857 39.44036440640201 98.57000000000001
9858 39.44433217108146 98.58
9859 39.44829995220492 98.59
9860 39.45226774561386 98.60000000000001
9861 39.45623553363171 98.61
9862 39.46020332236133 98.62
9863 39.46417111085466 98.63
9864 39.46813892040702 98.64
9865 39.47210668424957 98.65000000000001
9866 39.47607439990725 98.66
9867 39.48004212472945 98.67
9868 39.48400981653299 98.68000000000001
9869 39.48797751359448 98.69
9870 39.49194519583236 98.7
9871 39.49591290163494 98.71000000000001
9872 39.49988061197679 98.72
9873 39.50384830907937 98.73
9874 39.50781610217108 98.74000000000001
9875 39.51178389095861 98.75
9876 39.51575168747151 98.76000000000001
9877 39.51971945795105 98.77
9878 39.52368722890397 98.78
9879 39.52765498924754 98.79000000000001
9880 39.53162277442888 98.8
9881 39.5355906010512 98.81
9882 39.53955840475331 98.82000000000001
9883 39.54352614403321 98.83
9884 39.54749391003606 98.84
9885 39.5514617221405 98.85000000000001
9886 39.55542946779534 98.86
9887 39.55939724627768 98.87
9888 39.56336508261122 98.88
9889 39.56733284489364 98.89
9890 39.57130061161897 98.90000000000001
9891 39.57526837561663 98.91
9892 39.57923613449424 98.92
9893 39.58320388023461 98.93000000000001
9894 39.58717163540053 98.94
9895 39.59113938155257 98.95
9896 39.59510710587069 98.96000000000001
9897 39.59907481793722 98.97
9898 39.60304258773441 98.98
9899 39.60701030094087 98.99000000000001
9900 39.61097803867757 99
9901 39.61494573782363 99.01000000000001
9902 39.61891345613424 99.02
9903 39.62288114555022 99.03
9904 39.62684880424585 99.04000000000001
9905 39.63081649242652 99.05
9906 39.63478414520947 99.06
9907 39.63875172796247 99.07000000000001
9908 39.64271934828165 99.08
9909 39.64668695784816 99.09
9910 39.65065455383628 99.10000000000001
9911 39.65462206563878 99.11
9912 39.65858957091631 99.12
9913 39.66255713100587 99.13
9914 39.66652468375818 99.14
9915 39.67049222466559 99.15000000000001
9916 39.67445979494655 99.16
9917 39.6784273746319 99.17
9918 39.68239494731889 99.18000000000001
9919 39.68636251270882 99.19
9920 39.69033007757307 99.2
9921 39.69429762590834 99.21000000000001
9922 39.69826516591696 99.22
9923 39.70223269976577 99.23
9924 39.70620022183965 99.24000000000001
9925 39.71016773207948 99.25
9926 39.71413524021994 99.26000000000001
9927 39.7181027347507 99.27
9928 39.72207021428079 99.28
9929 39.72603768748824 99.29000000000001
9930 39.73000521295867 99.3
9931 39.73397273059767 99.31
9932 39.73794023530044 99.32000000000001
9933 39.74190767846704 99.33
9934 39.74587516525193 99.34
9935 39.7498426928102 99.35000000000001
9936 39.75381023862236 99.36
9937 39.75777777945133 99.37
9938 39.76174531618416 99.38
9939 39.76571284776735 99.39
9940 39.76968037697468 99.40000000000001
9941 39.77364789673351 99.41
9942 39.77761543187502 99.42
9943 39.78158296295964 99.43000000000001
9944 39.78555048699484 99.44
9945 39.7895180551964 99.45
9946 39.79348556722124 99.46000000000001
9947 39.7974530758793 99.47
9948 39.80142062904312 99.48
9949 39.805388126337 99.49000000000001
9950 39.80935562190942 99.5
9951 39.81332312417058 99.51000000000001
9952 39.8172906118275 99.52
9953 39.82125809960215 99.53
9954 39.82522557292263 99.54000000000001
9955 39.82919306285805 99.55
9956 39.83316064185134 99.56
9957 39.83712823408799 99.57000000000001
9958 39.84109581245721 99.58
9959 39.84506339832308 99.59
9960 39.84903099580955 99.60000000000001
9961 39.85299859068615 99.61
9962 39.85696619122683 99.62
9963 39.86093377348654 99.63
9964 39.86490139479603 99.64
9965 39.86886899317737 99.65000000000001
9966 39.87283659554386 99.66
9967 39.87680417834753 99.67
9968 39.88077177502701 99.68000000000001
9969 39.88473935756596 99.69
9970 39.88870694023261 99.7
9971 39.89267451194155 99.71000000000001
9972 39.89664209959074 99.72
9973 39.90060966094396 99.73
9974 39.90457722810606 99.74000000000001
9975 39.90854477762791 99.75
9976 39.91251233882558 99.76000000000001
9977 39.91647988775763 99.77
9978 39.92044746345271 99.78
9979 39.92441502897213 99.79000000000001
9980 39.92838260045366 99.8
9981 39.93235017126025 99.81
9982 39.93631772368269 99.82000000000001
9983 39.94028531352206 99.83
9984 39.94425286112773 99.84
9985 39.94822041363911 99.85000000000001
9986 39.95218796008231 99.86
9987 39.95615550453159 99.87
9988 39.96012304361015 99.88
9989 39.96409057923447 99.89
9990 39.9680581067479 99.90000000000001
9991 39.97202563131061 99.91
9992 39.97599314707838 99.92
9993 39.97996065504472 99.93000000000001
9994 39.98392816627389 99.94
9995 39.98789568967267 99.95
9996 39.99186322516083 99.96000000000001
9997 39.99583074869925 99.97
9998 39.99979827103246 99.98
9999 40.00376578765767 99.99000000000001
10000 40.00773328243661 100
10001 40.01170081461986 100.01
10002 40.01566834554022 100.02
10003 40.01963587397232 100.03
10004 40.02360339457519 100.04
10005 40.02757089817492 100.05
10006 40.031538460387 100.06
10007 40.03550601386766 100.07
10008 40.03947355650881 100.08
10009 40.04344110126196 100.09
10010 40.04740866923078 100.1
10011 40.05137621393557 100.11
10012 40.05534379524457 100.12
10013 40.05931135990926 100.13
10014 40.06327892781523 100.14
10015 40.06724648460906 100.15
10016 40.07121403233348 100.16
10017 40.07518160757336 100.17
10018 40.07914920750217 100.18
10019 40.08311684251992 100.19
10020 40.08708446191403 100.2
10021 40.09105206276943 100.21
10022 40.09501968071947 100.22
10023 40.09898729496069 100.23
10024 40.1029548483473 100.24
10025 40.1069223949935 100.25
10026 40.11088993198487 100.26
10027 40.11485745132826 100.27
10028 40.11882501897243 100.28
10029 40.12279256883993 100.29
10030 40.12676011540167 100.3
10031 40.13072764362946 100.31
10032 40.13469517300942 100.32
10033 40.13866270154332 100.33
10034 40.14263022148931 100.34
10035 40.14659772493562 100.35
10036 40.15056518394423 100.36
10037 40.1545326241353 100.37
10038 40.15850009181994 100.38
10039 40.16246751675306 100.39
10040 40.16643493780267 100.4
10041 40.17040235359059 100.41
10042 40.17436976059302 100.42
10043 40.17833715707591 100.43
10044 40.18230456312558 100.44
10045 40.1862719869705 100.45
10046 40.19023941384533 100.46
10047 40.19420684404559 100.47
10048 40.19817424583289 100.48
10049 40.20214163971129 100.49
10050 40.20610903346429 100.5
10051 40.21007640523933 100.51
10052 40.21404379379461 100.52
10053 40.21801127049157 100.53
10054 40.22197872160127 100.54
10055 40.22594616940913 100.55
10056 40.22991363330381 100.56
10057 40.23388107686616 100.57
10058 40.2378485124655 100.58
10059 40.24181594248617 100.59
10060 40.24578339178775 100.6
10061 40.24975080266388 100.61
10062 40.25371821641479 100.62
10063 40.25768561663505 100.63
10064 40.26165302588808 100.64
10065 40.26562042924668 100.65
10066 40.26958783339631 100.66
10067 40.27355524757864 100.67
10068 40.2775226451944 100.68
10069 40.28149007349752 100.69
10070 40.28545750192846 100.7
10071 40.28942491455781 100.71
10072 40.2933923238778 100.72
10073 40.29735973039974 100.73
10074 40.30132713123666 100.74
10075 40.30529452603751 100.75
10076 40.30926192623019 100.76
10077 40.31322937462983 100.77
10078 40.31719679088036 100.78
10079 40.32116417951431 100.79
10080 40.32513157921355 100.8
10081 40.32909897982915 100.81
10082 40.33306638149391 100.82
10083 40.33703375608667 100.83
10084 40.34100115258661 100.84
10085 40.34496855051001 100.85
10086 40.34893594819396 100.86
10087 40.3529033418224 100.87
10088 40.35687073184944 100.88
10089 40.36083812237533 100.89
10090 40.36480549845286 100.9
10091 40.36877287116127 100.91
10092 40.37274024138867 100.92
10093 40.37670760964878 100.93
10094 40.38067508657171 100.94
10095 40.38464251388773 100.95
10096 40.38860994106757 100.96
10097 40.3925736861016 100.97
10098 40.39653954852355 100.98
10099 40.40050693543105 100.99
10100 40.40447434366153 101
10101 40.40844173493981 101.01
10102 40.41240912272706 101.02
10103 40.41637291843523 101.03
10104 40.42033898444455 101.04
10105 40.42430682906632 101.05
10106 40.42827393923539 101.06
10107 40.43224133319929 101.07
10108 40.43620394324316 101.08
10109 40.44017416607319 101.09
10110 40.44414027114116 101.1
10111 40.44810714814239 101.11
10112 40.45207443770447 101.12
10113 40.45604180143278 101.13
10114 40.46000917450159 101.14
10115 40.46397654561812 101.15
10116 40.46794391092356 101.16
10117 40.47191125653808 101.17
10118 40.47587860908079 101.18
10119 40.47984595564286 101.19
10120 40.48381331128196 101.2
10121 40.48778070490856 101.21
10122 40.49174805461652 101.22
10123 40.49572290169885 101.23
10124 40.49968928377805 101.24
10125 40.50366715261622 101.25
10126 40.50763507472401 101.26
10127 40.51160239376652 101.27
10128 40.51556970859748 101.28
10129 40.51953627868132 101.29
10130 40.52350300100363 101.3
10131 40.52747030713804 101.31
10132 40.53143761242439 101.32
10133 40.53540495494916 101.33
10134 40.53937232782688 101.34
10135 40.54333969527617 101.35
10136 40.54730711340191 101.36
10137 40.55127451508001 101.37
10138 40.55524188440265 101.38
10139 40.55920925502328 101.39
10140 40.56317661694173 101.4
10141 40.56714397219397 101.41
10142 40.57111132882576 101.42
10143 40.57507868426957 101.43
10144 40.57904603458167 101.44
10145 40.583013386305 101.45
10146 40.58698073236032 101.46
10147 40.59094807714688 101.47
10148 40.59491541535604 101.48
10149 40.59888275379789 101.49
10150 40.60285008544309 101.5
10151 40.60681741431188 101.51
10152 40.61078467668651 101.52
10153 40.61475193705785 101.53
10154 40.61871921206308 101.54
10155 40.6226864890652 101.55
10156 40.62665375721031 101.56
10157 40.63062102518833 101.57
10158 40.63458831199119 101.58
10159 40.63855557386025 101.59
10160 40.64252282953909 101.6
10161 40.64649007956169 101.61
10162 40.65045732727593 101.62
10163 40.65442457167855 101.63
10164 40.65839180797325 101.64
10165 40.66235904601113 101.65
10166 40.66632627805831 101.66
10167 40.67029350597402 101.67
10168 40.67426072564541 101.68
10169 40.67822794240445 101.69
10170 40.68219515548236 101.7
10171 40.68616236316051 101.71
10172 40.69012957364546 101.72
10173 40.69409676902896 101.73
10174 40.69806395772525 101.74
10175 40.70203119274976 101.75
10176 40.70599847188542 101.76
10177 40.70996569959724 101.77
10178 40.71393291932128 101.78
10179 40.71790014416824 101.79
10180 40.72186738955162 101.8
10181 40.72583460283526 101.81
10182 40.7298018648731 101.82
10183 40.73376907940394 101.83
10184 40.73773628698542 101.84
10185 40.74170348696259 101.85
10186 40.74567068090523 101.86
10187 40.74963788227191 101.87
10188 40.75360509403248 101.88
10189 40.75757228014813 101.89
10190 40.76153948888431 101.9
10191 40.76550669657369 101.91
10192 40.76947389369191 101.92
10193 40.77344108708067 101.93
10194 40.77740827771743 101.94
10195 40.78137546303677 101.95
10196 40.78534264194106 101.96
10197 40.78930981771308 101.97
10198 40.79327698514778 101.98
10199 40.79724421414707 101.99
10200 40.80121144146562 102
10201 40.80517866158391 102.01
10202 40.80914587935831 102.02
10203 40.81311312127596 102.03
10204 40.81708035844812 102.04
10205 40.8210475889331 102.05
10206 40.82501482300248 102.06
10207 40.82898204838322 102.07
10208 40.83294926944632 102.08
10209 40.83691649393886 102.09
10210 40.84088371634836 102.1
10211 40.84485093241317 102.11
10212 40.84881814726467 102.12
10213 40.85278535462829 102.13
10214 40.85675255612003 102.14
10215 40.86071975300518 102.15
10216 40.8646869537493 102.16
10217 40.86865414888872 102.17
10218 40.87262133436525 102.18
10219 40.8765885174642 102.19
10220 40.88055570163692 102.2
10221 40.88452288723175 102.21
10222 40.88849001667268 102.22
10223 40.89245712672478 102.23
10224 40.89642425772934 102.24
10225 40.90039138461082 102.25
10226 40.90435855396531 102.26
10227 40.90832570675543 102.27
10228 40.91229275599663 102.28
10229 40.91625991327317 102.29
10230 40.92022703151635 102.3
10231 40.92419416312678 102.31
10232 40.92816133013616 102.32
10233 40.93212850155449 102.33
10234 40.9360956686779 102.34
10235 40.94006283016807 102.35
10236 40.94403006604389 102.36
10237 40.94799730534561 102.37
10238 40.9519645916852 102.38
10239 40.9559318875931 102.39
10240 40.95989916507939 102.4
10241 40.96386644135516 102.41
10242 40.96783373627039 102.42
10243 40.97180101233047 102.43
10244 40.97576828565427 102.44
10245 40.97973556097307 102.45
10246 40.98370282527895 102.46
10247 40.98767013493571 102.47
10248 40.99163744590808 102.48
10249 40.99560475472807 102.49
10250 40.99957207610341 102.5
10251 41.00353941676381 102.51
10252 41.00750672857473 102.52
10253 41.01147403982002 102.53
10254 41.01544129252606 102.54
10255 41.01940854304715 102.55
10256 41.02337579109124 102.56
10257 41.02734303697894 102.57
10258 41.03131028295408 102.58
10259 41.03527752378591 102.59
10260 41.03924479071445 102.6
10261 41.04321207253165 102.61
10262 41.04717925047827 102.62
10263 41.05114642589417 102.63
10264 41.05511359702902 102.64
10265 41.05908076460454 102.65
10266 41.06304795139821 102.66
10267 41.06701511675439 102.67
10268 41.07098233061113 102.68
10269 41.0749495033796 102.69
10270 41.07891659975562 102.7
10271 41.08288371123376 102.71
10272 41.08685082118586 102.72
10273 41.09081792207569 102.73
10274 41.09478503263917 102.74
10275 41.09875214102537 102.75
10276 41.10271924307542 102.76
10277 41.10668633677127 102.77
10278 41.11065342677669 102.78
10279 41.11462051212806 102.79
10280 41.11858760101934 102.8
10281 41.12255468618405 102.81
10282 41.12652176879637 102.82
10283 41.13048889545935 102.83
10284 41.13445604463336 102.84
10285 41.13842318317271 102.85
10286 41.14239029322992 102.86
10287 41.14635743709904 102.87
10288 41.1503245909055 102.88
10289 41.15429172789139 102.89
10290 41.15825889116165 102.9
10291 41.16222602558943 102.91
10292 41.16619326005478 102.92
10293 41.17016040256566 102.93
10294 41.17412751935843 102.94
10295 41.17809457275246 102.95
10296 41.18206161094064 102.96
10297 41.18602866206219 102.97
10298 41.18999569515204 102.98
10299 41.19396273812792 102.99
10300 41.19792982478835 103
10301 41.20189688256767 103.01
10302 41.20586395481518 103.02
10303 41.20983099013613 103.03
10304 41.21379803040626 103.04
10305 41.2177650786363 103.05
10306 41.22173211251592 103.06
10307 41.22569913666145 103.07
10308 41.22966615856744 103.08
10309 41.23363320088617 103.09
10310 41.23760021554358 103.1
10311 41.24156722587395 103.11
10312 41.24553423078797 103.12
10313 41.24950124342847 103.13
10314 41.25346827350135 103.14
10315 41.25743527443669 103.15
10316 41.2614022706636 103.16
10317 41.26536925270565 103.17
10318 41.26933625799141 103.18
10319 41.27330325939776 103.19
10320 41.27727023572275 103.2
10321 41.28123720967545 103.21
10322 41.2852041854045 103.22
10323 41.28917115135665 103.23
10324 41.2931381355493 103.24
10325 41.29710506587801 103.25
10326 41.30107198474948 103.26
10327 41.30503901649503 103.27
10328 41.30900603534046 103.28
10329 41.3129730521893 103.29
10330 41.31694006065529 103.3
10331 41.32090710003888 103.31
10332 41.32487417221515 103.32
10333 41.32884119376092 103.33
10334 41.3328081760096 103.34
10335 41.3367751663865 103.35
10336 41.34074215103984 103.36
10337 41.34470912571788 103.37
10338 41.34867609642714 103.38
10339 41.35264306356601 103.39
10340 41.3566100222605 103.4
10341 41.36057698068699 103.41
10342 41.3645439179014 103.42
10343 41.36851086703952 103.43
10344 41.37247784414538 103.44
10345 41.37644481760459 103.45
10346 41.38041177107787 103.46
10347 41.38437873669425 103.47
10348 41.38834568117695 103.48
10349 41.39231263817467 103.49
10350 41.3962795898986 103.5
10351 41.40024653417746 103.51
10352 41.40421345774602 103.52
10353 41.40818053329236 103.53
10354 41.41214759457164 103.54
10355 41.41611461669621 103.55
10356 41.4200816237287 103.56
10357 41.42404864643538 103.57
10358 41.42801565140182 103.58
10359 41.43198267532949 103.59
10360 41.43594969239997 103.6
10361 41.43991669940795 103.61
10362 41.44388369890454 103.62
10363 41.4478507101754 103.63
10364 41.4518177086496 103.64
10365 41.45578472192634 103.65
10366 41.45975171124927 103.66
10367 41.46371872336471 103.67
10368 41.46768570775253 103.68
10369 41.47165271615006 103.69
10370 41.47561970539364 103.7
10371 41.47958670914159 103.71
10372 41.48355368730298 103.72
10373 41.48752065644608 103.73
10374 41.49148762439482 103.74
10375 41.49545460631104 103.75
10376 41.49942159920816 103.76
10377 41.5033886062336 103.77
10378 41.5073556008964 103.78
10379 41.51132259976305 103.79
10380 41.51528959475978 103.8
10381 41.51925660825688 103.81
10382 41.52322359442959 103.82
10383 41.52719059539473 103.83
10384 41.53115753772798 103.84
10385 41.5351244936317 103.85
10386 41.53909144608321 103.86
10387 41.54305839176691 103.87
10388 41.54702533189088 103.88
10389 41.55099226778563 103.89
10390 41.55495923646944 103.9
10391 41.55892621029847 103.91
10392 41.56289321860486 103.92
10393 41.56686023898721 103.93
10394 41.57082723877675 103.94
10395 41.57479425654226 103.95
10396 41.57876129726708 103.96
10397 41.58272832223621 103.97
10398 41.58669532083749 103.98
10399 41.59066230152557 103.99
10400 41.59462928366581 104
10401 41.59859626442339 104.01
10402 41.60256324541361 104.02
10403 41.606530218204 104.03
10404 41.61049719682383 104.04
10405 41.61446416989666 104.05
10406 41.61843114400708 104.06
10407 41.62239809775716 104.07
10408 41.62636507339469 104.08
10409 41.63033203128025 104.09
10410 41.63429899506211 104.1
10411 41.63826595427848 104.11
10412 41.64223292872256 104.12
10413 41.64619990437142 104.13
10414 41.65016692522764 104.14
10415 41.65413386175338 104.15
10416 41.65810079319409 104.16
10417 41.66206774391203 104.17
10418 41.66603466508316 104.18
10419 41.67000154011637 104.19
10420 41.67396839496976 104.2
10421 41.6779352340254 104.21
10422 41.6819020860985 104.22
10423 41.68586892583924 104.23
10424 41.68983576414495 104.24
10425 41.69380263985749 104.25
10426 41.6977695305148 104.26
10427 41.70173645123764 104.27
10428 41.70570332077371 104.28
10429 41.70967020003517 104.29
10430 41.71363707572637 104.3
10431 41.71760391951872 104.31
10432 41.72157077393411 104.32
10433 41.72553764819674 104.33
10434 41.72950450532359 104.34
10435 41.73347136062288 104.35
10436 41.73743825198282 104.36
10437 41.74140510405243 104.37
10438 41.74537200355398 104.38
10439 41.74933888347651 104.39
10440 41.75330576367889 104.4
10441 41.75727264377021 104.41
10442 41.76123952793371 104.42
10443 41.7652063988655 104.43
10444 41.76917327148924 104.44
10445 41.77314011564366 104.45
10446 41.77710697321896 104.46
10447 41.78107379057356 104.47
10448 41.78504060189491 104.48
10449 41.7890073971437 104.49
10450 41.7929741953881 104.5
10451 41.79694097100217 104.51
10452 41.80090771684355 104.52
10453 41.80487447121772 104.53
10454 41.80884115261807 104.54
10455 41.81280779111255 104.55
10456 41.8167746483449 104.56
10457 41.82074149458386 104.57
10458 41.82470827952488 104.58
10459 41.8286750621192 104.59
10460 41.83264182438974 104.6
10461 41.83660864811955 104.61
10462 41.84057544952866 104.62
10463 41.84454225507762 104.63
10464 41.8485090833595 104.64
10465 41.85247600977576 104.65
10466 41.85644285630455 104.66
10467 41.8604097194435 104.67
10468 41.8643765683513 104.68
10469 41.86834341436446 104.69
10470 41.87231025817641 104.7
10471 41.87627709582158 104.71
10472 41.88024393396486 104.72
10473 41.88421077070733 104.73
10474 41.88817760028648 104.74
10475 41.8921444217513 104.75
10476 41.89611124127254 104.76
10477 41.90007804461458 104.77
10478 41.90404482025507 104.78
10479 41.90801156373435 104.79
10480 41.91197828585581 104.8
10481 41.91594499611003 104.81
10482 41.91991173047023 104.82
10483 41.92387849375444 104.83
10484 41.92784528551086 104.84
10485 41.93181203747177 104.85
10486 41.93577879684678 104.86
10487 41.93974555921194 104.87
10488 41.94371231573903 104.88
10489 41.94767904920322 104.89
10490 41.95164579929863 104.9
10491 41.95561254904753 104.91
10492 41.95957928644989 104.92
10493 41.9635460640396 104.93
10494 41.96751283235576 104.94
10495 41.97147961493692 104.95
10496 41.97544638405704 104.96
10497 41.97941316275443 104.97
10498 41.98337995615937 104.98
10499 41.98734670101393 104.99
10500 41.99131348940989 105
10501 41.99528026326082 105.01
10502 41.99924703200541 105.02
10503 42.00321376763395 105.03
10504 42.00718049137549 105.04
10505 42.01114722828139 105.05
10506 42.01511401016398 105.06
10507 42.01908079360165 105.07
10508 42.02304757620441 105.08
10509 42.02701436687352 105.09
10510 42.03098117977606 105.1
10511 42.03494789993908 105.11
10512 42.0389146136019 105.12
10513 42.04288133073945 105.13
10514 42.04684810454052 105.14
10515 42.05081481834087 105.15
10516 42.05478154247711 105.16
10517 42.05874824565225 105.17
10518 42.06271494157854 105.18
10519 42.06668164416394 105.19
10520 42.07064836763017 105.2
10521 42.07461505884206 105.21
10522 42.07858175040319 105.22
10523 42.08254845931757 105.23
10524 42.08651513392844 105.24
10525 42.09048183805567 105.25
10526 42.09444853140074 105.26
10527 42.09841522647569 105.27
10528 42.10238193856909 105.28
10529 42.10634866552225 105.29
10530 42.11031540241555 105.3
10531 42.11428220013394 105.31
10532 42.11824893500672 105.32
10533 42.12221564090046 105.33
10534 42.12618233957579 105.34
10535 42.13014903731948 105.35
10536 42.13411575010047 105.36
10537 42.13808247364705 105.37
10538 42.14204918176988 105.38
10539 42.14601592023703 105.39
10540 42.14998261786004 105.4
10541 42.1539493407909 105.41
10542 42.15791602728497 105.42
10543 42.16188272754766 105.43
10544 42.16584942944561 105.44
10545 42.16981613795431 105.45
10546 42.17378282903609 105.46
10547 42.1777495304087 105.47
10548 42.18171622081589 105.48
10549 42.18568290215768 105.49
10550 42.18964955495948 105.5
10551 42.19361625886798 105.51
10552 42.19758299705097 105.52
10553 42.2015496867529 105.53
10554 42.20551634424793 105.54
10555 42.20948305477877 105.55
10556 42.21344972814865 105.56
10557 42.21741641842216 105.57
10558 42.2213831254828 105.58
10559 42.22534982040406 105.59
10560 42.22931650134596 105.6
10561 42.23328319509733 105.61
10562 42.23724987308145 105.62
10563 42.24121655108372 105.63
10564 42.24518321829184 105.64
10565 42.24914986555464 105.65
10566 42.25311650605136 105.66
10567 42.2570831727789 105.67
10568 42.26104982322126 105.68
10569 42.26501646580053 105.69
10570 42.26898310447225 105.7
10571 42.27294974334842 105.71
10572 42.27691638656606 105.72
10573 42.2808830179502 105.73
10574 42.2848496582569 105.74
10575 42.28881629725822 105.75
10576 42.29278293437777 105.76
10577 42.2967495971451 105.77
10578 42.30071624864495 105.78
10579 42.30468289725231 105.79
10580 42.30864954504824 105.8
10581 42.31261618789053 105.81
10582 42.31658282882466 105.82
10583 42.32054948718707 105.83
10584 42.32451611601608 105.84
10585 42.32848272702965 105.85
10586 42.33244934219129 105.86
10587 42.33641596014262 105.87
10588 42.34038255974403 105.88
10589 42.34434916679923 105.89
10590 42.34831580002221 105.9
10591 42.352282447909 105.91
10592 42.35624911424816 105.92
10593 42.36021570115658 105.93
10594 42.36418236446818 105.94
10595 42.36814900196346 105.95
10596 42.37211564133442 105.96
10597 42.37608224759342 105.97
10598 42.38004886790628 105.98
10599 42.38401547565683 105.99
10600 42.38798208209055 106
10601 42.39194867457932 106.01
10602 42.3959152565997 106.02
10603 42.39988190512558 106.03
10604 42.403848594461 106.04
10605 42.40781518265462 106.05
10606 42.41178183729246 106.06
10607 42.41574847363865 106.07
10608 42.41971509646275 106.08
10609 42.42368173453378 106.09
10610 42.42764834413246 106.1
10611 42.43161494303845 106.11
10612 42.43558155600847 106.12
10613 42.43954820602102 106.13
10614 42.44351481175811 106.14
10615 42.44748144754584 106.15
10616 42.45144810417116 106.16
10617 42.45541468083159 106.17
10618 42.45938127197425 106.18
10619 42.4633478790341 106.19
10620 42.46731446638358 106.2
10621 42.47128105621283 106.21
10622 42.4752477308431 106.22
10623 42.47921436733715 106.23
10624 42.48318101142026 106.24
10625 42.48714763849173 106.25
10626 42.49111431229051 106.26
10627 42.49508097462407 106.27
10628 42.49904764070669 106.28
10629 42.50301428254919 106.29
10630 42.50698093154126 106.3
10631 42.51094756451283 106.31
10632 42.51491423004524 106.32
10633 42.51888086820676 106.33
10634 42.52284751446387 106.34
10635 42.52681415433915 106.35
10636 42.53078078375618 106.36
10637 42.53474741338621 106.37
10638 42.5387140489172 106.38
10639 42.54268067858764 106.39
10640 42.54664734087093 106.4
10641 42.55061396936202 106.41
10642 42.55458059659128 106.42
10643 42.558547239517 106.43
10644 42.56251388078211 106.44
10645 42.5664805190878 106.45
10646 42.57044715414443 106.46
10647 42.5744137850028 106.47
10648 42.57838041948026 106.48
10649 42.58234704752992 106.49
10650 42.58631367713814 106.5
10651 42.59028029798583 106.51
10652 42.59424692221374 106.52
10653 42.59821353897173 106.53
10654 42.60218015576041 106.54
10655 42.60614677180761 106.55
10656 42.61011338210305 106.56
10657 42.61407999184352 106.57
10658 42.61804660266456 106.58
10659 42.62201320487686 106.59
10660 42.62597980237739 106.6
10661 42.62994641721437 106.61
10662 42.63391301500521 106.62
10663 42.63787960479079 106.63
10664 42.64184618903575 106.64
10665 42.64581276823775 106.65
10666 42.64977935707681 106.66
10667 42.6537459375956 106.67
10668 42.65771251510166 106.68
10669 42.6616790853635 106.69
10670 42.66564565112055 106.7
10671 42.66961221793529 106.71
10672 42.67357877913392 106.72
10673 42.67754533258494 106.73
10674 42.68151188156619 106.74
10675 42.68547843186552 106.75
10676 42.68944492259702 106.76
10677 42.69341140296261 106.77
10678 42.69737786784826 106.78
10679 42.70134428779053 106.79
10680 42.70531070344341 106.8
10681 42.70927710370407 106.81
10682 42.71324354900202 106.82
10683 42.71720999252355 106.83
10684 42.72117643467455 106.84
10685 42.72514286171525 106.85
10686 42.72910929035152 106.86
10687 42.73307571712887 106.87
10688 42.73704213272173 106.88
10689 42.74100855403562 106.89
10690 42.74497496883194 106.9
10691 42.74894137734411 106.91
10692 42.75290777745827 106.92
10693 42.75687424963936 106.93
10694 42.76084074085477 106.94
10695 42.76480722888189 106.95
10696 42.76877371693973 106.96
10697 42.77274014386843 106.97
10698 42.77670657548876 106.98
10699 42.78067301019007 106.99
10700 42.78463949004507 107
10701 42.78860592507917 107.01
10702 42.79257238626148 107.02
10703 42.79653884622779 107.03
10704 42.80050530644749 107.04
10705 42.80447176768079 107.05
10706 42.80843826786221 107.06
10707 42.81240483382449 107.07
10708 42.81637130678966 107.08
10709 42.82033779824668 107.09
10710 42.8243042674373 107.1
10711 42.82827073944058 107.11
10712 42.83223720849755 107.12
10713 42.83620367050959 107.13
10714 42.84017013038941 107.14
10715 42.8441365904025 107.15
10716 42.84810303989268 107.16
10717 42.8520694823526 107.17
10718 42.85603591990293 107.18
10719 42.86000235252034 107.19
10720 42.86396882334924 107.2
10721 42.86793527507419 107.21
10722 42.87190172387264 107.22
10723 42.87586817388255 107.23
10724 42.87983464198039 107.24
10725 42.88380110355977 107.25
10726 42.8877676110987 107.26
10727 42.89173407518848 107.27
10728 42.89570053812938 107.28
10729 42.8996670158264 107.29
10730 42.90363350330841 107.3
10731 42.90759996256867 107.31
10732 42.91156641620559 107.32
10733 42.91553287267872 107.33
10734 42.91949933342929 107.34
10735 42.92346582912159 107.35
10736 42.92743233034522 107.36
10737 42.93139883317991 107.37
10738 42.9353653320639 107.38
10739 42.93933182628012 107.39
10740 42.94329833175836 107.4
10741 42.94726474988251 107.41
10742 42.95123116492361 107.42
10743 42.95519757583031 107.43
10744 42.9591639898685 107.44
10745 42.9631303927896 107.45
10746 42.96709680783898 107.46
10747 42.97106321311951 107.47
10748 42.97502962416774 107.48
10749 42.9789960223795 107.49
10750 42.98296242252395 107.5
10751 42.98692881179622 107.51
10752 42.99089517510604 107.52
10753 42.99486152086765 107.53
10754 42.99882788181457 107.54
10755 43.00279424003961 107.55
10756 43.00676060726726 107.56
10757 43.01072695643303 107.57
10758 43.0146933554454 107.58
10759 43.01865974435798 107.59
10760 43.02262612901 107.6
10761 43.02659251618018 107.61
10762 43.03055891186654 107.62
10763 43.03452530611393 107.63
10764 43.03849167879568 107.64
10765 43.04245804594262 107.65
10766 43.04642441638563 107.66
10767 43.05039080260426 107.67
10768 43.05435715640299 107.68
10769 43.05832350165923 107.69
10770 43.06228983933919 107.7
10771 43.06625612446084 107.71
10772 43.07022246942465 107.72
10773 43.07418879517101 107.73
10774 43.07815512965048 107.74
10775 43.08212145880598 107.75
10776 43.0860877815933 107.76
10777 43.09005412577533 107.77
10778 43.0940204545347 107.78
10779 43.09798679788545 107.79
10780 43.10195312522836 107.8
10781 43.10591944559549 107.81
10782 43.10988575767243 107.82
10783 43.11385203158136 107.83
10784 43.1178183195467 107.84
10785 43.12178459348821 107.85
10786 43.12575088625973 107.86
10787 43.12971719307555 107.87
10788 43.13368349340143 107.88
10789 43.13764978919021 107.89
10790 43.14161602625015 107.9
10791 43.14558227641312 107.91
10792 43.14954851900993 107.92
10793 43.15351470745186 107.93
10794 43.15748088560881 107.94
10795 43.16144708990227 107.95
10796 43.16541328853608 107.96
10797 43.16937947987552 107.97
10798 43.17334567902746 107.98
10799 43.17731188647791 107.99
10800 43.18127808403801 108
10801 43.18524431690311 108.01
10802 43.18921049468594 108.02
10803 43.19317666010235 108.03
10804 43.19714281570634 108.04
10805 43.20110897499454 108.05
10806 43.20507512069433 108.06
10807 43.20904125411509 108.07
10808 43.21300744219199 108.08
10809 43.21697362662498 108.09
10810 43.22093981203634 108.1
10811 43.22490598788593 108.11
10812 43.2288721591393 108.12
10813 43.23283832828516 108.13
10814 43.2368044934825 108.14
10815 43.24077065495721 108.15
10816 43.24473681228748 108.16
10817 43.24870299081304 108.17
10818 43.25266913748058 108.18
10819 43.25663528075437 108.19
10820 43.26060141777765 108.2
10821 43.26456754348331 108.21
10822 43.26853366004994 108.22
10823 43.27249979359443 108.23
10824 43.27646588976594 108.24
10825 43.28043200003328 108.25
10826 43.2843980957101 108.26
10827 43.28836418012614 108.27
10828 43.29233030932315 108.28
10829 43.29629643197551 108.29
10830 43.30026258191094 108.3
10831 43.30422872740721 108.31
10832 43.30819486835554 108.32
10833 43.31216100794953 108.33
10834 43.31612709495556 108.34
10835 43.32009317637451 108.35
10836 43.32405925223149 108.36
10837 43.32802532209027 108.37
10838 43.33199138661728 108.38
10839 43.33595746208351 108.39
10840 43.33992351409418 108.4
10841 43.34388955812673 108.41
10842 43.34785559836268 108.42
10843 43.35182163514868 108.43
10844 43.35578767971691 108.44
10845 43.35975370157642 108.45
10846 43.36371971588693 108.46
10847 43.36768575965174 108.47
10848 43.37165180081285 108.48
10849 43.37561785380925 108.49
10850 43.37958393897355 108.5
10851 43.38355000121727 108.51
10852 43.38751613620827 108.52
10853 43.39148228765077 108.53
10854 43.39544845853363 108.54
10855 43.39941461007167 108.55
10856 43.40338076763921 108.56
10857 43.40734690723348 108.57
10858 43.4113130565745 108.58
10859 43.41527919038087 108.59
10860 43.4192453318873 108.6
10861 43.42321146376855 108.61
10862 43.42717759917436 108.62
10863 43.43114372148003 108.63
10864 43.43510984990447 108.64
10865 43.43907595886818 108.65
10866 43.44304211495411 108.66
10867 43.44700821982568 108.67
10868 43.4509743308362 108.68
10869 43.45494041850078 108.69
10870 43.45890654516518 108.7
10871 43.46287266387192 108.71
10872 43.4668387968856 108.72
10873 43.47080491159569 108.73
10874 43.47477104392802 108.74
10875 43.47873715606232 108.75
10876 43.48270327306685 108.76
10877 43.48666936567984 108.77
10878 43.49063548090147 108.78
10879 43.49460157139312 108.79
10880 43.49856768934598 108.8
10881 43.5025337716294 108.81
10882 43.50649988332365 108.82
10883 43.51046595524866 108.83
10884 43.51443203301322 108.84
10885 43.51839803487534 108.85
10886 43.52236405448095 108.86
10887 43.5263300539377 108.87
10888 43.53029606326474 108.88
10889 43.53426205067159 108.89
10890 43.53822805021501 108.9
10891 43.54219401856263 108.91
10892 43.54616002240276 108.92
10893 43.55012598796619 108.93
10894 43.55409196552124 108.94
10895 43.55805792197841 108.95
10896 43.56202388656195 108.96
10897 43.56598983191412 108.97
10898 43.56995578480519 108.98
10899 43.57392172190345 108.99
10900 43.57788766321726 109
10901 43.5818536362317 109.01
10902 43.58581961862137 109.02
10903 43.58978558267543 109.03
10904 43.59375158837533 109.04
10905 43.59771754432401 109.05
10906 43.60168351235873 109.06
10907 43.60564945793081 109.07
10908 43.60961541238886 109.08
10909 43.61358136592185 109.09
10910 43.61754733439795 109.1
10911 43.62151327825502 109.11
10912 43.62547923686876 109.12
10913 43.62944517288898 109.13
10914 43.63341112456671 109.14
10915 43.63737704863233 109.15
10916 43.6413429925492 109.16
10917 43.64530890557712 109.17
10918 43.64927488124486 109.18
10919 43.65324082867244 109.19
10920 43.65720679860979 109.2
10921 43.66117276886302 109.21
10922 43.66513879823322 109.22
10923 43.66910480054207 109.23
10924 43.67307081368337 109.24
10925 43.67703684346894 109.25
10926 43.68100284274493 109.26
10927 43.68496890009742 109.27
10928 43.68893489105026 109.28
10929 43.69290093552124 109.29
10930 43.69686692279303 109.3
10931 43.70083292007674 109.31
10932 43.70479889822271 109.32
10933 43.7087648713675 109.33
10934 43.71273088595036 109.34
10935 43.71669685495258 109.35
10936 43.72066282035902 109.36
10937 43.72462879449052 109.37
10938 43.72859475668536 109.38
10939 43.73256067594922 109.39
10940 43.73652659024116 109.4
10941 43.74049249121587 109.41
10942 43.74445841936136 109.42
10943 43.74842434183426 109.43
10944 43.752390285214 109.44
10945 43.75635621975798 109.45
10946 43.76032215017935 109.46
10947 43.76428807724766 109.47
10948 43.76825400106748 109.48
10949 43.77221991886167 109.49
10950 43.77618584462591 109.5
10951 43.78015176196915 109.51
10952 43.78411767204695 109.52
10953 43.78808360786203 109.53
10954 43.79204953913502 109.54
10955 43.79601552083752 109.55
10956 43.79998151226773 109.56
10957 43.80394750363038 109.57
10958 43.8079134783478 109.58
10959 43.8118794896174 109.59
10960 43.81584547532405 109.6
10961 43.8198114497687 109.61
10962 43.82377742288411 109.62
10963 43.82774339587582 109.63
10964 43.83170936000086 109.64
10965 43.8356753209077 109.65
10966 43.83964128133711 109.66
10967 43.84360725664742 109.67
10968 43.84757323653026 109.68
10969 43.85153919314912 109.69
10970 43.85550515011659 109.7
10971 43.85947111315051 109.71
10972 43.86343706053052 109.72
10973 43.86740303162458 109.73
10974 43.87136898205812 109.74
10975 43.8753349580729 109.75
10976 43.87930100298217 109.76
10977 43.88326699679261 109.77
10978 43.88723297209457 109.78
10979 43.89119896625645 109.79
10980 43.89516492901954 109.8
10981 43.8991308991301 109.81
10982 43.90309687711049 109.82
10983 43.90706286009733 109.83
10984 43.91102889473419 109.84
10985 43.91499494140636 109.85
10986 43.91896091253759 109.86
10987 43.92292688568226 109.87
10988 43.92689285031786 109.88
10989 43.9308588111682 109.89
10990 43.93482479624936 109.9
10991 43.93879075981473 109.91
10992 43.94275672023657 109.92
10993 43.94672267956147 109.93
10994 43.95068863060617 109.94
10995 43.9546546166868 109.95
10996 43.95862061041657 109.96
10997 43.96258658004368 109.97
10998 43.96655260064625 109.98
10999 43.97051862288864 109.99
11000 43.97448462555758 110
11001 43.97845066706726 110.01
11002 43.98241668688695 110.02
11003 43.98638270704352 110.03
11004 43.99034873178661 110.04
11005 43.99431476876207 110.05
11006 43.99828079906559 110.06
11007 44.00224681813096 110.07
11008 44.00621285546395 110.08
11009 44.01017889455323 110.09
11010 44.01414491143927 110.1
11011 44.01811092957081 110.11
11012 44.02207700109047 110.12
11013 44.02604301329123 110.13
11014 44.0300090388927 110.14
11015 44.03397502941991 110.15
11016 44.03794105054261 110.16
11017 44.04190711006147 110.17
11018 44.04587312968312 110.18
11019 44.04983917651823 110.19
11020 44.05380521793943 110.2
11021 44.05777124118453 110.21
11022 44.06173728355689 110.22
11023 44.06570330456614 110.23
11024 44.06966932176977 110.24
11025 44.07363534467139 110.25
11026 44.07760135675883 110.26
11027 44.0815673904687 110.27
11028 44.08553343047095 110.28
11029 44.08949946955696 110.29
11030 44.09346550703798 110.3
11031 44.09743156977559 110.31
11032 44.10139761221762 110.32
11033 44.10536365341492 110.33
11034 44.10932970079472 110.34
11035 44.11329573863882 110.35
11036 44.11726177108069 110.36
11037 44.12122779839288 110.37
11038 44.12519387045225 110.38
11039 44.12915995141379 110.39
11040 44.13312602991049 110.4
11041 44.13709209525329 110.41
11042 44.14105814809817 110.42
11043 44.1450242254899 110.43
11044 44.14899028470245 110.44
11045 44.15295633691406 110.45
11046 44.15692238041095 110.46
11047 44.16088841979929 110.47
11048 44.16485444613146 110.48
11049 44.16882048691591 110.49
11050 44.17278650570007 110.5
11051 44.17675252850938 110.51
11052 44.18071849565373 110.52
11053 44.1846844783423 110.53
11054 44.1886504408812 110.54
11055 44.19261640081155 110.55
11056 44.19658235860203 110.56
11057 44.20054827337385 110.57
11058 44.20451416615153 110.58
11059 44.20848004045283 110.59
11060 44.21244503031805 110.6
11061 44.21641116624264 110.61
11062 44.22037698017873 110.62
11063 44.22434136452868 110.63
11064 44.22830720960486 110.64
11065 44.23226915384516 110.65
11066 44.23623502344255 110.66
11067 44.24020091474458 110.67
11068 44.24416668236292 110.68
11069 44.24813247887711 110.69
11070 44.25209646190324 110.7
11071 44.25606086212396 110.71
11072 44.26002722228699 110.72
11073 44.26399305602152 110.73
11074 44.26795796243631 110.74
11075 44.27192378042302 110.75
11076 44.27588713103455 110.76
11077 44.27985297710735 110.77
11078 44.28381868847718 110.78
11079 44.28778384157871 110.79
11080 44.29174979124412 110.8
11081 44.29571593332029 110.81
11082 44.29968170963068 110.82
11083 44.30364499685268 110.83
11084 44.30760966895583 110.84
11085 44.3115744941048 110.85
11086 44.31554076904783 110.86
11087 44.31950726981204 110.87
11088 44.32347306572149 110.88
11089 44.32743886863348 110.89
11090 44.33140352123906 110.9
11091 44.33536928763967 110.91
11092 44.33933498651457 110.92
11093 44.34329841090786 110.93
11094 44.34726580544431 110.94
11095 44.35123155962041 110.95
11096 44.35519837579983 110.96
11097 44.359164395844 110.97
11098 44.36313013489941 110.98
11099 44.36709533113489 110.99
11100 44.37106109732049 111
11101 44.37502455006774 111.01
11102 44.37899030466371 111.02
11103 44.38295600292015 111.03
11104 44.38692171946974 111.04
11105 44.39088746181177 111.05
11106 44.39485317037778 111.06
11107 44.39881867713127 111.07
11108 44.40278437374961 111.08
11109 44.40675003779277 111.09
11110 44.41071569636264 111.1
11111 44.41468135991148 111.11
11112 44.41864701502134 111.12
11113 44.422612669263 111.13
11114 44.42657831216442 111.14
11115 44.43054394222992 111.15
11116 44.43450956639067 111.16
11117 44.43847518614814 111.17
11118 44.44244080704632 111.18
11119 44.4464064100619 111.19
11120 44.45037202895298 111.2
11121 44.45433763975817 111.21
11122 44.4583032419275 111.22
11123 44.46226883383491 111.23
11124 44.46623450656557 111.24
11125 44.47020008049758 111.25
11126 44.47416564802353 111.26
11127 44.4781311909328 111.27
11128 44.48209668922892 111.28
11129 44.4860622092382 111.29
11130 44.49002770946797 111.3
11131 44.49399318826397 111.31
11132 44.49795865044669 111.32
11133 44.50192410215167 111.33
11134 44.50588962627867 111.34
11135 44.50985513627536 111.35
11136 44.51382064365915 111.36
11137 44.51778616834941 111.37
11138 44.52175169621012 111.38
11139 44.52571722930433 111.39
11140 44.52968276031604 111.4
11141 44.53364831882323 111.41
11142 44.53761394827235 111.42
11143 44.54157956786769 111.43
11144 44.54554518654967 111.44
11145 44.549510808449 111.45
11146 44.55347645313852 111.46
11147 44.55744209456209 111.47
11148 44.56140773951924 111.48
11149 44.56537337400825 111.49
11150 44.56933899633253 111.5
11151 44.5733046160498 111.51
11152 44.57727023846061 111.52
11153 44.58123586272766 111.53
11154 44.58520147643503 111.54
11155 44.5891670866866 111.55
11156 44.59313269594048 111.56
11157 44.59709830204746 111.57
11158 44.60106389488268 111.58
11159 44.60502947412697 111.59
11160 44.6089951508946 111.6
11161 44.61296077838103 111.61
11162 44.61692650306893 111.62
11163 44.62089222921821 111.63
11164 44.62485795192441 111.64
11165 44.62882366690535 111.65
11166 44.63278938387298 111.66
11167 44.63675512219189 111.67
11168 44.64072087857028 111.68
11169 44.64468663389864 111.69
11170 44.64865239027872 111.7
11171 44.65261813599402 111.71
11172 44.65658388663995 111.72
11173 44.66054963586359 111.73
11174 44.66451537875069 111.74
11175 44.66848111735925 111.75
11176 44.67244685601365 111.76
11177 44.67641258884201 111.77
11178 44.68037832657283 111.78
11179 44.68434406426841 111.79
11180 44.68830979425057 111.8
11181 44.6922755280476 111.81
11182 44.69624125963879 111.82
11183 44.70020697805955 111.83
11184 44.70417266827778 111.84
11185 44.70813834633309 111.85
11186 44.71210401316888 111.86
11187 44.71606964491611 111.87
11188 44.72003531367247 111.88
11189 44.72400092295189 111.89
11190 44.72796649746487 111.9
11191 44.73193207312519 111.91
11192 44.7358976445374 111.92
11193 44.73986320759337 111.93
11194 44.74382876731216 111.94
11195 44.74779434225468 111.95
11196 44.75175988270691 111.96
11197 44.75572547755053 111.97
11198 44.7596910631845 111.98
11199 44.76365652923795 111.99
11200 44.76762199289369 112
11201 44.77158746250402 112.01
11202 44.77555290596329 112.02
11203 44.77951844378192 112.03
11204 44.78348396877495 112.04
11205 44.78744948265557 112.05
11206 44.79141499462841 112.06
11207 44.79538052101237 112.07
11208 44.79934601117844 112.08
11209 44.80331151497663 112.09
11210 44.80727702525213 112.1
11211 44.81124256557684 112.11
11212 44.8152080593017 112.12
11213 44.81917361768873 112.13
11214 44.82313917179735 112.14
11215 44.82710471521109 112.15
11216 44.83107027402706 112.16
11217 44.8350358017814 112.17
11218 44.83900132867372 112.18
11219 44.84296686962175 112.19
11220 44.84693232355963 112.2
11221 44.85089776092979 112.21
11222 44.85486320675129 112.22
11223 44.85882864103414 112.23
11224 44.86279407566872 112.24
11225 44.8667595435349 112.25
11226 44.8707249767473 112.26
11227 44.87469043002189 112.27
11228 44.8786559133729 112.28
11229 44.88262135588624 112.29
11230 44.8865867976246 112.3
11231 44.89055224906416 112.31
11232 44.89451768503269 112.32
11233 44.8984831163889 112.33
11234 44.90244860653297 112.34
11235 44.90641401000535 112.35
11236 44.91037941612252 112.36
11237 44.91434486137224 112.37
11238 44.91831025616034 112.38
11239 44.9222756523981 112.39
11240 44.92624104928313 112.4
11241 44.93020643335345 112.41
11242 44.93417181939633 112.42
11243 44.93813720311641 112.43
11244 44.94210263383448 112.44
11245 44.94606801465492 112.45
11246 44.95003340481639 112.46
11247 44.95399877418265 112.47
11248 44.95796418632031 112.48
11249 44.96192955464725 112.49
11250 44.965894953241 112.5
11251 44.9698603117038 112.51
11252 44.97382566736094 112.52
11253 44.97779101988466 112.53
11254 44.9817563837798 112.54
11255 44.98572174654907 112.55
11256 44.98968715245081 112.56
11257 44.99365250085658 112.57
11258 44.99761786176056 112.58
11259 45.00158322034387 112.59
11260 45.00554860609368 112.6
11261 45.00951397953875 112.61
11262 45.013479344512 112.62
11263 45.01744469618406 112.63
11264 45.02141004755342 112.64
11265 45.02537539530351 112.65
11266 45.02934074848228 112.66
11267 45.03330612501688 112.67
11268 45.03727150177586 112.68
11269 45.04123687106375 112.69
11270 45.0452022378636 112.7
11271 45.04916760434766 112.71
11272 45.05313297052646 112.72
11273 45.0570983433071 112.73
11274 45.06106377843343 112.74
11275 45.0650291349291 112.75
11276 45.06899452539851 112.76
11277 45.07295986846906 112.77
11278 45.07692522472154 112.78
11279 45.08089052657042 112.79
11280 45.08485592516949 112.8
11281 45.08882135176035 112.81
11282 45.0927867528118 112.82
11283 45.09675215724762 112.83
11284 45.10071753938038 112.84
11285 45.10468301098162 112.85
11286 45.10864846891823 112.86
11287 45.11261382542916 112.87
11288 45.11657917319904 112.88
11289 45.12054460085918 112.89
11290 45.12450992972578 112.9
11291 45.12847522067675 112.91
11292 45.1324405043957 112.92
11293 45.13640576735189 112.93
11294 45.14037082359508 112.94
11295 45.14433584424042 112.95
11296 45.14830084388954 112.96
11297 45.15226597161423 112.97
11298 45.15623105803088 112.98
11299 45.16019573455183 112.99
11300 45.16416111153563 113
11301 45.16812638030316 113.01
11302 45.17209167885706 113.02
11303 45.17605711152536 113.03
11304 45.18002210852491 113.04
11305 45.18398713438324 113.05
11306 45.18795213652769 113.06
11307 45.19191710908514 113.07
11308 45.19588203968729 113.08
11309 45.19984694304225 113.09
11310 45.20381183195663 113.1
11311 45.20777671810025 113.11
11312 45.21174158438326 113.12
11313 45.21570644391294 113.13
11314 45.21967149146561 113.14
11315 45.22363649003128 113.15
11316 45.22760114060187 113.16
11317 45.23156577097996 113.17
11318 45.2355303221233 113.18
11319 45.23949504007668 113.19
11320 45.24345973411344 113.2
11321 45.24742443399442 113.21
11322 45.2513891149673 113.22
11323 45.25535382978537 113.23
11324 45.25931853144959 113.24
11325 45.26328298940994 113.25
11326 45.26724743763568 113.26
11327 45.27121166146988 113.27
11328 45.27517639571232 113.28
11329 45.27914118396373 113.29
11330 45.28310541478005 113.3
11331 45.28706990582418 113.31
11332 45.29103402744511 113.32
11333 45.29499852488411 113.33
11334 45.29896243698552 113.34
11335 45.30292636913829 113.35
11336 45.30689042187535 113.36
11337 45.31085449434505 113.37
11338 45.31481839509595 113.38
11339 45.3187845675776 113.39
11340 45.32275050217284 113.4
11341 45.32671571254153 113.41
11342 45.33067974006079 113.42
11343 45.33464557693333 113.43
11344 45.33861078283851 113.44
11345 45.34257370753948 113.45
11346 45.34653907276406 113.46
11347 45.35050421748322 113.47
11348 45.3544668644892 113.48
11349 45.35843239719743 113.49
11350 45.36239755128859 113.5
11351 45.36636278266693 113.51
11352 45.37032960074612 113.52
11353 45.37429504524981 113.53
11354 45.37826021652987 113.54
11355 45.38222542023745 113.55
11356 45.38618122427907 113.56
11357 45.3901464345441 113.57
11358 45.39411164289639 113.58
11359 45.39807683289678 113.59
11360 45.40204201785251 113.6
11361 45.40600717542659 113.61
11362 45.40997237793985 113.62
11363 45.41393754732267 113.63
11364 45.4179027260638 113.64
11365 45.42186796827457 113.65
11366 45.42583321811141 113.66
11367 45.42979845241855 113.67
11368 45.43376370634597 113.68
11369 45.43772893522268 113.69
11370 45.44169416109623 113.7
11371 45.44565939841635 113.71
11372 45.44962458574503 113.72
11373 45.45358982776386 113.73
11374 45.45755506795165 113.74
11375 45.4615203003181 113.75
11376 45.46548551794017 113.76
11377 45.46945074539657 113.77
11378 45.47341597511572 113.78
11379 45.47738119738629 113.79
11380 45.48134640465774 113.8
11381 45.48531164640589 113.81
11382 45.48927689612742 113.82
11383 45.49324212082355 113.83
11384 45.49720734754446 113.84
11385 45.50117258237555 113.85
11386 45.50513779633492 113.86
11387 45.50910301604056 113.87
11388 45.51306821052781 113.88
11389 45.51703343425247 113.89
11390 45.52099859242777 113.9
11391 45.52496375380622 113.91
11392 45.52892891558435 113.92
11393 45.53289405952175 113.93
11394 45.53685919845509 113.94
11395 45.54082432421382 113.95
11396 45.54478943551116 113.96
11397 45.54875452864407 113.97
11398 45.55271960352444 113.98
11399 45.55668465685535 113.99
11400 45.56064971818789 114
11401 45.56461493307313 114.01
11402 45.56858018326736 114.02
11403 45.57254540604676 114.03
11404 45.57651064341614 114.04
11405 45.58047593260893 114.05
11406 45.58444115140373 114.06
11407 45.58840637814547 114.07
11408 45.59237164622366 114.08
11409 45.59633688696487 114.09
11410 45.60030212646741 114.1
11411 45.60426736068793 114.11
11412 45.60823258142548 114.12
11413 45.61219780685703 114.13
11414 45.61616303560613 114.14
11415 45.62012825649868 114.15
11416 45.62409347017992 114.16
11417 45.62805872434895 114.17
11418 45.63202392934097 114.18
11419 45.63598913276704 114.19
11420 45.639954341696 114.2
11421 45.64391959793193 114.21
11422 45.64788486565587 114.22
11423 45.65185012955568 114.23
11424 45.65581538360907 114.24
11425 45.65978065082034 114.25
11426 45.66374589798134 114.26
11427 45.66771114611451 114.27
11428 45.67167640626699 114.28
11429 45.67564164926581 114.29
11430 45.67960688772317 114.3
11431 45.68357213540079 114.31
11432 45.68753738126989 114.32
11433 45.69150265251044 114.33
11434 45.69546794514505 114.34
11435 45.69943322975354 114.35
11436 45.70339851562006 114.36
11437 45.70736381263805 114.37
11438 45.71132909208411 114.38
11439 45.71529435134044 114.39
11440 45.71925963114395 114.4
11441 45.72322489523219 114.41
11442 45.72719017640875 114.42
11443 45.73115547237453 114.43
11444 45.73512071100895 114.44
11445 45.73908595001409 114.45
11446 45.74305119418946 114.46
11447 45.74701642861274 114.47
11448 45.75098166420268 114.48
11449 45.75494696125571 114.49
11450 45.75891219573126 114.5
11451 45.76287742536579 114.51
11452 45.76684266597079 114.52
11453 45.77080788473211 114.53
11454 45.77477309639606 114.54
11455 45.77873831748801 114.55
11456 45.78270353285324 114.56
11457 45.78666874443348 114.57
11458 45.79063395790369 114.58
11459 45.79459916985235 114.59
11460 45.79856441666916 114.6
11461 45.80252962703331 114.61
11462 45.80649487652033 114.62
11463 45.81046012304968 114.63
11464 45.81442537329754 114.64
11465 45.81839058474178 114.65
11466 45.82235578584269 114.66
11467 45.8263209688585 114.67
11468 45.83028611911436 114.68
11469 45.83425125423474 114.69
11470 45.83821639826788 114.7
11471 45.84218148662761 114.71
11472 45.84614660958019 114.72
11473 45.85011174570397 114.73
11474 45.85407687908121 114.74
11475 45.85804199773407 114.75
11476 45.8620071307112 114.76
11477 45.86597225075273 114.77
11478 45.86993737150718 114.78
11479 45.87390249128956 114.79
11480 45.87786760017063 114.8
11481 45.88183270547954 114.81
11482 45.88579787499483 114.82
11483 45.8897629902708 114.83
11484 45.89372809839681 114.84
11485 45.89769320929297 114.85
11486 45.90165831080299 114.86
11487 45.90562340496536 114.87
11488 45.909588498861 114.88
11489 45.91355358327289 114.89
11490 45.91751866296915 114.9
11491 45.92148379617581 114.91
11492 45.92544891839405 114.92
11493 45.92941404049485 114.93
11494 45.93337916096428 114.94
11495 45.93734427040174 114.95
11496 45.94130937588101 114.96
11497 45.94527448372581 114.97
11498 45.9492395824334 114.98
11499 45.95320467162365 114.99
11500 45.95716976402044 115
11501 45.96113484751884 115.01
11502 45.96509992102681 115.02
11503 45.96906504180982 115.03
11504 45.97303010721801 115.04
11505 45.97699516426475 115.05
11506 45.98096021724869 115.06
11507 45.98492526206973 115.07
11508 45.98889035671297 115.08
11509 45.9928553279616 115.09
11510 45.99682028531888 115.1
11511 46.00078523851184 115.11
11512 46.00475018481439 115.12
11513 46.0087151449599 115.13
11514 46.0126801042542 115.14
11515 46.01664505605583 115.15
11516 46.02060999718121 115.16
11517 46.02457493460867 115.17
11518 46.02853986753397 115.18
11519 46.03250478437102 115.19
11520 46.03646969772917 115.2
11521 46.04043463531097 115.21
11522 46.04439955697656 115.22
11523 46.04836447553083 115.23
11524 46.05232947329709 115.24
11525 46.05629450070762 115.25
11526 46.06025952164786 115.26
11527 46.06422454703996 115.27
11528 46.0681895592525 115.28
11529 46.07215457093039 115.29
11530 46.07611962292943 115.3
11531 46.08008466176784 115.31
11532 46.08404970194378 115.32
11533 46.08801473379685 115.33
11534 46.09197976539487 115.34
11535 46.09594482764841 115.35
11536 46.0999098935892 115.36
11537 46.10387493819965 115.37
11538 46.10783999307721 115.38
11539 46.11180504985832 115.39
11540 46.11577010491096 115.4
11541 46.11973514871224 115.41
11542 46.12370019928801 115.42
11543 46.12766523899828 115.43
11544 46.13163027786108 115.44
11545 46.13559536086931 115.45
11546 46.13956038738209 115.46
11547 46.14352541258987 115.47
11548 46.14749043700917 115.48
11549 46.15145544688964 115.49
11550 46.15542046011494 115.5
11551 46.1593854802821 115.51
11552 46.16335043592267 115.52
11553 46.16731524913395 115.53
11554 46.1712800652607 115.54
11555 46.17524486475548 115.55
11556 46.17920966435589 115.56
11557 46.1831744663163 115.57
11558 46.18713925610677 115.58
11559 46.19110405595517 115.59
11560 46.19506885922364 115.6
11561 46.19903365552047 115.61
11562 46.20299844676452 115.62
11563 46.20696323867294 115.63
11564 46.21092801493174 115.64
11565 46.21489278487918 115.65
11566 46.21885758613596 115.66
11567 46.22282236648791 115.67
11568 46.2267872167097 115.68
11569 46.2307520816566 115.69
11570 46.23471692631319 115.7
11571 46.23868176656642 115.71
11572 46.24264660962279 115.72
11573 46.24661144538594 115.73
11574 46.25057627980201 115.74
11575 46.25454110630782 115.75
11576 46.2585059325021 115.76
11577 46.26247075789665 115.77
11578 46.2664355746458 115.78
11579 46.27040038000936 115.79
11580 46.27436519474983 115.8
11581 46.27833000756411 115.81
11582 46.2822948116194 115.82
11583 46.28625961398887 115.83
11584 46.29022441731374 115.84
11585 46.29418921300095 115.85
11586 46.29815400064657 115.86
11587 46.30211879947646 115.87
11588 46.3060835892155 115.88
11589 46.31004845064202 115.89
11590 46.31401327270703 115.9
11591 46.31797804925587 115.91
11592 46.32194282325074 115.92
11593 46.32590759943884 115.93
11594 46.32987236693059 115.94
11595 46.33383713132054 115.95
11596 46.33780189982551 115.96
11597 46.34176665880911 115.97
11598 46.34573140681985 115.98
11599 46.34969616053047 115.99
11600 46.35366090241862 116
11601 46.35762564832591 116.01
11602 46.3615903984611 116.02
11603 46.36555513579543 116.03
11604 46.36951987064558 116.04
11605 46.3734846136312 116.05
11606 46.3774493368587 116.06
11607 46.38141408722034 116.07
11608 46.38537881253194 116.08
11609 46.38934357642606 116.09
11610 46.39330829167714 116.1
11611 46.39727308571469 116.11
11612 46.40123781344916 116.12
11613 46.40520251728599 116.13
11614 46.40916711199817 116.14
11615 46.41313180460848 116.15
11616 46.41709649900773 116.16
11617 46.42106122206152 116.17
11618 46.42502590565107 116.18
11619 46.42899058995351 116.19
11620 46.43295533993216 116.2
11621 46.43692007794478 116.21
11622 46.44088481239599 116.22
11623 46.44484954767319 116.23
11624 46.44881427122576 116.24
11625 46.45277899284451 116.25
11626 46.45674371627914 116.26
11627 46.46070843401183 116.27
11628 46.46467314814939 116.28
11629 46.46863786317579 116.29
11630 46.47260256890553 116.3
11631 46.47656726968334 116.31
11632 46.48053197263021 116.32
11633 46.48449670834037 116.33
11634 46.48846143814873 116.34
11635 46.49242621970875 116.35
11636 46.49639103540893 116.36
11637 46.50035580929237 116.37
11638 46.50432058237211 116.38
11639 46.50828534771301 116.39
11640 46.51225011044158 116.4
11641 46.51621487757966 116.41
11642 46.52017966069005 116.42
11643 46.52414443756992 116.43
11644 46.52810921151004 116.44
11645 46.5320739788913 116.45
11646 46.53603873541073 116.46
11647 46.54000348911233 116.47
11648 46.54396825817166 116.48
11649 46.54793301623904 116.49
11650 46.55189778505309 116.5
11651 46.55586256164266 116.51
11652 46.55982735422129 116.52
11653 46.56379215312977 116.53
11654 46.56775693811134 116.54
11655 46.57172172052504 116.55
11656 46.57568650327995 116.56
11657 46.57965128314973 116.57
11658 46.58361605208323 116.58
11659 46.58758088341145 116.59
11660 46.59154564932694 116.6
11661 46.59551040747695 116.61
11662 46.59947517211054 116.62
11663 46.60343992316445 116.63
11664 46.60740467017038 116.64
11665 46.61136941616039 116.65
11666 46.61533417527827 116.66
11667 46.61929890843673 116.67
11668 46.62326364735309 116.68
11669 46.62722837180668 116.69
11670 46.63119309064547 116.7
11671 46.63515780971888 116.71
11672 46.63912260479336 116.72
11673 46.64308739717017 116.73
11674 46.64705220899945 116.74
11675 46.65101704925876 116.75
11676 46.6549818481019 116.76
11677 46.65894664352549 116.77
11678 46.66291143395104 116.78
11679 46.66687621847817 116.79
11680 46.67084100814841 116.8
11681 46.67480578987514 116.81
11682 46.67877056148603 116.82
11683 46.68273533407856 116.83
11684 46.68670009741974 116.84
11685 46.69066486099602 116.85
11686 46.69462961904831 116.86
11687 46.6985943691994 116.87
11688 46.70255912255566 116.88
11689 46.70652388930856 116.89
11690 46.71048867728026 116.9
11691 46.71445346167914 116.91
11692 46.718418254325 116.92
11693 46.72238305636481 116.93
11694 46.72634785995518 116.94
11695 46.73031266826565 116.95
11696 46.73427746668125 116.96
11697 46.73824226258198 116.97
11698 46.74220707480316 116.98
11699 46.7461719060225 116.99
11700 46.75013669639219 117
11701 46.7541014922327 117.01
11702 46.75806628194756 117.02
11703 46.76203107106475 117.03
11704 46.76599587759404 117.04
11705 46.76996065484422 117.05
11706 46.77392543175686 117.06
11707 46.77789015630822 117.07
11708 46.78185486921065 117.08
11709 46.78581957819807 117.09
11710 46.78978429547861 117.1
11711 46.79374900131802 117.11
11712 46.79771370122844 117.12
11713 46.80167839715686 117.13
11714 46.80564309094499 117.14
11715 46.8096077823641 117.15
11716 46.8135724855749 117.16
11717 46.81753716207074 117.17
11718 46.82150183777725 117.18
11719 46.82546652397542 117.19
11720 46.82943118909816 117.2
11721 46.83339585895712 117.21
11722 46.83736052433029 117.22
11723 46.84132518167682 117.23
11724 46.84528983852274 117.24
11725 46.84925448494752 117.25
11726 46.85321912216211 117.26
11727 46.85718379062669 117.27
11728 46.86114841364606 117.28
11729 46.86511307078646 117.29
11730 46.86907767393912 117.3
11731 46.8730422726065 117.31
11732 46.87700688653834 117.32
11733 46.88097147994821 117.33
11734 46.88493609902125 117.34
11735 46.88890058172174 117.35
11736 46.89286505758222 117.36
11737 46.89682957999707 117.37
11738 46.90079408156488 117.38
11739 46.90475856627388 117.39
11740 46.90872305516645 117.4
11741 46.91268754773976 117.41
11742 46.9166519959947 117.42
11743 46.92061643578625 117.43
11744 46.92458087867883 117.44
11745 46.92854529459103 117.45
11746 46.93250985023434 117.46
11747 46.93647436548696 117.47
11748 46.94043885191378 117.48
11749 46.94440334176057 117.49
11750 46.94836783410823 117.5
11751 46.95233230384373 117.51
11752 46.95629678519155 117.52
11753 46.96026124199084 117.53
11754 46.96422575815894 117.54
11755 46.96819028953813 117.55
11756 46.97215478843456 117.56
11757 46.9761193284207 117.57
11758 46.98008387914988 117.58
11759 46.98404839833039 117.59
11760 46.98801292993134 117.6
11761 46.99197744458351 117.61
11762 46.99594194299031 117.62
11763 46.99990656592301 117.63
11764 47.00387110421707 117.64
11765 47.00783562830705 117.65
11766 47.0118001582707 117.66
11767 47.0157646949143 117.67
11768 47.0197292683771 117.68
11769 47.02369379385527 117.69
11770 47.02765833506827 117.7
11771 47.03162284161107 117.71
11772 47.03558735281833 117.72
11773 47.03955187183037 117.73
11774 47.04351636644053 117.74
11775 47.04748085702161 117.75
11776 47.05144531445658 117.76
11777 47.05540978726181 117.77
11778 47.05937424273154 117.78
11779 47.06333869238782 117.79
11780 47.06730312782652 117.8
11781 47.07126758036873 117.81
11782 47.07523200128722 117.82
11783 47.07919641357414 117.83
11784 47.08316084439545 117.84
11785 47.08712526422534 117.85
11786 47.09108965195004 117.86
11787 47.09505406107174 117.87
11788 47.09901843967611 117.88
11789 47.10298287998643 117.89
11790 47.10694731856794 117.9
11791 47.11091177734769 117.91
11792 47.11487625504447 117.92
11793 47.1188406868274 117.93
11794 47.12280509741423 117.94
11795 47.12676952404651 117.95
11796 47.13073395482399 117.96
11797 47.13469836563908 117.97
11798 47.13866280474222 117.98
11799 47.14262726144179 117.99
11800 47.14659185928961 118
11801 47.1505564113478 118.01
11802 47.15452099178989 118.02
11803 47.15848553282322 118.03
11804 47.16245009853834 118.04
11805 47.16641466934637 118.05
11806 47.17037919849572 118.06
11807 47.17434372969754 118.07
11808 47.17830829067334 118.08
11809 47.18227285540902 118.09
11810 47.18623735202043 118.1
11811 47.1902018654681 118.11
11812 47.19416644575505 118.12
11813 47.19813095525306 118.13
11814 47.20209548503729 118.14
11815 47.20605995539244 118.15
11816 47.21002453597407 118.16
11817 47.21398910978335 118.17
11818 47.21795363318321 118.18
11819 47.2219181997226 118.19
11820 47.22588276445644 118.2
11821 47.22984736185338 118.21
11822 47.23381197203693 118.22
11823 47.23777656222373 118.23
11824 47.24174111768486 118.24
11825 47.24570565423266 118.25
11826 47.24967020359344 118.26
11827 47.25363475752282 118.27
11828 47.25759930653555 118.28
11829 47.26156384773093 118.29
11830 47.26552831706195 118.3
11831 47.26949277063396 118.31
11832 47.27345722851891 118.32
11833 47.27742168527298 118.33
11834 47.28138612172532 118.34
11835 47.28535057350643 118.35
11836 47.28931502443431 118.36
11837 47.29327946063522 118.37
11838 47.29724393489558 118.38
11839 47.30120843295588 118.39
11840 47.30517292391542 118.4
11841 47.30913741194094 118.41
11842 47.31310190364857 118.42
11843 47.3170663904033 118.43
11844 47.32103087233087 118.44
11845 47.32499536109056 118.45
11846 47.32895983212859 118.46
11847 47.33292435044729 118.47
11848 47.33688883074785 118.48
11849 47.34085330269144 118.49
11850 47.34481781090766 118.5
11851 47.34878232018004 118.51
11852 47.3527468253351 118.52
11853 47.35671127010349 118.53
11854 47.36067571934166 118.54
11855 47.36464015976458 118.55
11856 47.3686046022234 118.56
11857 47.37256904445229 118.57
11858 47.37653352041547 118.58
11859 47.38049799616136 118.59
11860 47.38446247581049 118.6
11861 47.38842695234163 118.61
11862 47.39239142368384 118.62
11863 47.39635589721841 118.63
11864 47.40032037278076 118.64
11865 47.40428483529496 118.65
11866 47.40824930088959 118.66
11867 47.41221380108457 118.67
11868 47.41617825708514 118.68
11869 47.42014272990013 118.69
11870 47.42410720047251 118.7
11871 47.42807166480334 118.71
11872 47.43203613185866 118.72
11873 47.43600061032259 118.73
11874 47.43996507360589 118.74
11875 47.44392953177544 118.75
11876 47.44789400285838 118.76
11877 47.45185845659245 118.77
11878 47.45582291101994 118.78
11879 47.45978736449143 118.79
11880 47.4637518147145 118.8
11881 47.46771626814866 118.81
11882 47.4716807121152 118.82
11883 47.475645155198 118.83
11884 47.47960960573972 118.84
11885 47.48357404402951 118.85
11886 47.48753848208231 118.86
11887 47.49150292177865 118.87
11888 47.49546735137881 118.88
11889 47.49943177677699 118.89
11890 47.50339621172315 118.9
11891 47.50736063684975 118.91
11892 47.51132505727547 118.92
11893 47.51528948084532 118.93
11894 47.51925389690397 118.94
11895 47.52321830716207 118.95
11896 47.52718277512453 118.96
11897 47.53114718354053 118.97
11898 47.53511158979444 118.98
11899 47.53907599776219 118.99
11900 47.54304039898864 119
11901 47.54700479579798 119.01
11902 47.55096919412338 119.02
11903 47.55493358126623 119.03
11904 47.5588979635057 119.04
11905 47.56286235167962 119.05
11906 47.56682672861068 119.06
11907 47.57079112192797 119.07
11908 47.57475552022416 119.08
11909 47.57871990270058 119.09
11910 47.58268429360892 119.1
11911 47.5866487327413 119.11
11912 47.59061311828268 119.12
11913 47.59457750583019 119.13
11914 47.59854189073832 119.14
11915 47.60250626585925 119.15
11916 47.60647064201615 119.16
11917 47.6104349588803 119.17
11918 47.61439926785633 119.18
11919 47.61836357428507 119.19
11920 47.62232787909262 119.2
11921 47.62629213757238 119.21
11922 47.63025633049588 119.22
11923 47.63422053191624 119.23
11924 47.63818472514767 119.24
11925 47.64214891107861 119.25
11926 47.64611309960994 119.26
11927 47.65007727467751 119.27
11928 47.65404144443032 119.28
11929 47.65800562193487 119.29
11930 47.66196981528004 119.3
11931 47.66593399922788 119.31
11932 47.66989822450057 119.32
11933 47.6738624534607 119.33
11934 47.6778268258666 119.34
11935 47.68179096377443 119.35
11936 47.68575518601521 119.36
11937 47.68971939445997 119.37
11938 47.69368359779699 119.38
11939 47.69764779520204 119.39
11940 47.70161198030553 119.4
11941 47.7055761665188 119.41
11942 47.70954036954148 119.42
11943 47.71350453252236 119.43
11944 47.71746869160376 119.44
11945 47.72143284481791 119.45
11946 47.72539697929807 119.46
11947 47.72936119434767 119.47
11948 47.73332537216781 119.48
11949 47.73728954298675 119.49
11950 47.74125371066246 119.5
11951 47.74521790109119 119.51
11952 47.74918207800853 119.52
11953 47.75314626958703 119.53
11954 47.75711044524725 119.54
11955 47.7610746161041 119.55
11956 47.7650387869903 119.56
11957 47.76900295749122 119.57
11958 47.77296711630792 119.58
11959 47.77693127812834 119.59
11960 47.78089544249905 119.6
11961 47.78485959836658 119.61
11962 47.7888237544049 119.62
11963 47.79278791089067 119.63
11964 47.79675204800363 119.64
11965 47.80071626133062 119.65
11966 47.8046804424186 119.66
11967 47.80864461604553 119.67
11968 47.81260879317754 119.68
11969 47.81657296764842 119.69
11970 47.82053713269764 119.7
11971 47.82450129829459 119.71
11972 47.82846546072679 119.72
11973 47.83242961740642 119.73
11974 47.83639377951928 119.74
11975 47.84035793196456 119.75
11976 47.84432207907616 119.76
11977 47.84828623052581 119.77
11978 47.85225037433688 119.78
11979 47.85621442152409 119.79
11980 47.86017847249889 119.8
11981 47.86414251791354 119.81
11982 47.86810656291371 119.82
11983 47.87207060004158 119.83
11984 47.87603463648995 119.84
11985 47.87999869981839 119.85
11986 47.88396272820862 119.86
11987 47.88792675357462 119.87
11988 47.89189078897679 119.88
11989 47.89585480549098 119.89
11990 47.89981883659263 119.9
11991 47.90378283876196 119.91
11992 47.90774684182325 119.92
11993 47.91171083134275 119.93
11994 47.91567481509757 119.94
11995 47.91963880694766 119.95
11996 47.92360279414419 119.96
11997 47.92756681307336 119.97
11998 47.93153081145311 119.98
11999 47.93549480783905 119.99
12000 47.93945878075913 120
12001 47.94342275015613 120.01
12002 47.94738671775048 120.02
12003 47.95135067285049 120.03
12004 47.9553146230736 120.04
12005 47.95927857003275 120.05
12006 47.96324251484844 120.06
12007 47.96720646319068 120.07
12008 47.9711704091191 120.08
12009 47.97513434912563 120.09
12010 47.97909837561318 120.1
12011 47.98306239868555 120.11
12012 47.98702642293858 120.12
12013 47.99099044131515 120.13
12014 47.99495445901192 120.14
12015 47.99891847140029 120.15
12016 48.00288248298825 120.16
12017 48.00684650838032 120.17
12018 48.01081053632903 120.18
12019 48.01477456850826 120.19
12020 48.01873859190769 120.2
12021 48.02270261279455 120.21
12022 48.026666645657 120.22
12023 48.03063065423271 120.23
12024 48.03459466654638 120.24
12025 48.03855873214039 120.25
12026 48.04252273978143 120.26
12027 48.04648674322294 120.27
12028 48.05045074453087 120.28
12029 48.05441474212881 120.29
12030 48.05837873556878 120.3
12031 48.06234276307932 120.31
12032 48.06630675995548 120.32
12033 48.07027074527703 120.33
12034 48.0742347255408 120.34
12035 48.07819870432152 120.35
12036 48.0821626776696 120.36
12037 48.08612664948775 120.37
12038 48.09009061504031 120.38
12039 48.09405458508285 120.39
12040 48.0980185430216 120.4
12041 48.10198249494145 120.41
12042 48.10594644366499 120.42
12043 48.10991038972023 120.43
12044 48.1138743312129 120.44
12045 48.1178382651304 120.45
12046 48.12180219255843 120.46
12047 48.12576611922344 120.47
12048 48.12973004474356 120.48
12049 48.1336939616731 120.49
12050 48.13765787423137 120.5
12051 48.14162178181604 120.51
12052 48.14558568423492 120.52
12053 48.14954958199263 120.53
12054 48.15351347136221 120.54
12055 48.15747736414448 120.55
12056 48.16144124664266 120.56
12057 48.16540513210192 120.57
12058 48.16936900711919 120.58
12059 48.17333287419851 120.59
12060 48.17729674142511 120.6
12061 48.18126060129127 120.61
12062 48.18522444966869 120.62
12063 48.18918834268144 120.63
12064 48.19315223021373 120.64
12065 48.19711612675586 120.65
12066 48.20108001266495 120.66
12067 48.20504391949093 120.67
12068 48.20900782251494 120.68
12069 48.21297172279563 120.69
12070 48.21693561934017 120.7
12071 48.22089951370968 120.71
12072 48.22486347721957 120.72
12073 48.22882741010874 120.73
12074 48.23279134717929 120.74
12075 48.23675528326753 120.75
12076 48.24071920796938 120.76
12077 48.24468312817852 120.77
12078 48.2486470464656 120.78
12079 48.25261096321565 120.79
12080 48.25657489603945 120.8
12081 48.26053890830802 120.81
12082 48.26450287109807 120.82
12083 48.26846682877105 120.83
12084 48.27243078221818 120.84
12085 48.27639473773299 120.85
12086 48.28035868577263 120.86
12087 48.28432263205587 120.87
12088 48.2882865760434 120.88
12089 48.29225057528476 120.89
12090 48.29621451110656 120.9
12091 48.30017844306079 120.91
12092 48.30414237000828 120.92
12093 48.30810629579956 120.93
12094 48.31207021681655 120.94
12095 48.31603413540223 120.95
12096 48.3199980447462 120.96
12097 48.32396197401012 120.97
12098 48.32792590005996 120.98
12099 48.33188981689236 120.99
12100 48.33585373181906 121
12101 48.33981763980952 121.01
12102 48.34378155066496 121.02
12103 48.3477454555619 121.03
12104 48.35170935530962 121.04
12105 48.35567325421481 121.05
12106 48.35963714491822 121.06
12107 48.36360102663796 121.07
12108 48.36756493119961 121.08
12109 48.37152881319618 121.09
12110 48.37549268885648 121.1
12111 48.37945650837628 121.11
12112 48.38342032044483 121.12
12113 48.38738412541328 121.13
12114 48.39134792942883 121.14
12115 48.39531178712087 121.15
12116 48.39927566627782 121.16
12117 48.40323952368399 121.17
12118 48.40720337098043 121.18
12119 48.41116722148342 121.19
12120 48.41513106783844 121.2
12121 48.41909490877477 121.21
12122 48.42305878550369 121.22
12123 48.42702260877041 121.23
12124 48.43098643405917 121.24
12125 48.43495027302247 121.25
12126 48.43891410495927 121.26
12127 48.44287793495078 121.27
12128 48.44684175973431 121.28
12129 48.45080558225953 121.29
12130 48.45476940372451 121.3
12131 48.45873322335359 121.31
12132 48.46269703987249 121.32
12133 48.46666085189504 121.33
12134 48.47062465875585 121.34
12135 48.47458851137328 121.35
12136 48.47855231128383 121.36
12137 48.48251610998545 121.37
12138 48.48647990565141 121.38
12139 48.49044369076888 121.39
12140 48.49440747874215 121.4
12141 48.49837126074958 121.41
12142 48.50233503991367 121.42
12143 48.5062988147603 121.43
12144 48.51026258780838 121.44
12145 48.51422635603808 121.45
12146 48.51819008343882 121.46
12147 48.52215380461532 121.47
12148 48.52611752409443 121.48
12149 48.53008123718649 121.49
12150 48.5340449459228 121.5
12151 48.53800865193442 121.51
12152 48.54197235558856 121.52
12153 48.5459361108316 121.53
12154 48.54989986485676 121.54
12155 48.55386361069973 121.55
12156 48.55782735614145 121.56
12157 48.56179109592865 121.57
12158 48.56575483527012 121.58
12159 48.5697185686231 121.59
12160 48.57368229858779 121.6
12161 48.57764602228448 121.61
12162 48.5816097429912 121.62
12163 48.58557345557594 121.63
12164 48.58953716250657 121.64
12165 48.59350086369859 121.65
12166 48.5974646013668 121.66
12167 48.60142833467469 121.67
12168 48.60539209853397 121.68
12169 48.60935581941662 121.69
12170 48.61331953900182 121.7
12171 48.61728327025651 121.71
12172 48.62124699920397 121.72
12173 48.62521072649697 121.73
12174 48.62917445046654 121.74
12175 48.63313816833151 121.75
12176 48.63710188145637 121.76
12177 48.6410655903856 121.77
12178 48.64502929563832 121.78
12179 48.64899299666233 121.79
12180 48.6529567972864 121.8
12181 48.65692059743639 121.81
12182 48.66088439042585 121.82
12183 48.66484818083621 121.83
12184 48.66881196903334 121.84
12185 48.67277575720149 121.85
12186 48.67673953906791 121.86
12187 48.68070331760137 121.87
12188 48.68466709201171 121.88
12189 48.68863086303393 121.89
12190 48.69259463062461 121.9
12191 48.69655839548836 121.91
12192 48.70052218512605 121.92
12193 48.70448597102967 121.93
12194 48.708449760981 121.94
12195 48.71241359481362 121.95
12196 48.71637737269319 121.96
12197 48.72034114758956 121.97
12198 48.7243048535592 121.98
12199 48.72826855333427 121.99
12200 48.73223224944991 122
12201 48.73619599658537 122.01
12202 48.74015971109849 122.02
12203 48.74412342166924 122.03
12204 48.74808716936617 122.04
12205 48.7520509025529 122.05
12206 48.7560146336851 122.06
12207 48.75997836271777 122.07
12208 48.76394208962535 122.08
12209 48.76790581428136 122.09
12210 48.77186953691969 122.1
12211 48.77583325824949 122.11
12212 48.77979697768558 122.12
12213 48.7837607152487 122.13
12214 48.78772448515222 122.14
12215 48.79168821954458 122.15
12216 48.79565195203986 122.16
12217 48.79961568232607 122.17
12218 48.80357940925298 122.18
12219 48.80754313292546 122.19
12220 48.81150688965876 122.2
12221 48.81547060565303 122.21
12222 48.81943431723545 122.22
12223 48.82339802732832 122.23
12224 48.82736173147144 122.24
12225 48.83132542999282 122.25
12226 48.83528912216959 122.26
12227 48.83925280815406 122.27
12228 48.8432164863082 122.28
12229 48.84718019476919 122.29
12230 48.85114390102651 122.3
12231 48.85510760513426 122.31
12232 48.85907130691687 122.32
12233 48.86303500654432 122.33
12234 48.8669987042295 122.34
12235 48.87096239836298 122.35
12236 48.87492609000765 122.36
12237 48.87888977832872 122.37
12238 48.88285346373986 122.38
12239 48.88681716406829 122.39
12240 48.89078086242662 122.4
12241 48.89474455864642 122.41
12242 48.89870819819238 122.42
12243 48.90267183518362 122.43
12244 48.9066355033718 122.44
12245 48.91059912735832 122.45
12246 48.91456275399779 122.46
12247 48.91852637787119 122.47
12248 48.92249000190927 122.48
12249 48.9264535691309 122.49
12250 48.93041717595488 122.5
12251 48.93438078481636 122.51
12252 48.93834439258531 122.52
12253 48.94230800077396 122.53
12254 48.94627168503149 122.54
12255 48.95023527372712 122.55
12256 48.95419886173009 122.56
12257 48.95816243652484 122.57
12258 48.96212606038566 122.58
12259 48.96608970256985 122.59
12260 48.97005320298882 122.6
12261 48.97401681421679 122.61
12262 48.97798041786167 122.62
12263 48.98194402536954 122.63
12264 48.98590763374254 122.64
12265 48.98987128615178 122.65
12266 48.9938349381756 122.66
12267 48.99779857885122 122.67
12268 49.00176222369097 122.68
12269 49.00572587374099 122.69
12270 49.0096895264583 122.7
12271 49.0136531818893 122.71
12272 49.0176171089597 122.72
12273 49.02158096140575 122.73
12274 49.02554475005222 122.74
12275 49.02950840412291 122.75
12276 49.03347201962514 122.76
12277 49.03743567918296 122.77
12278 49.04139934324481 122.78
12279 49.04536301444646 122.79
12280 49.04932668878092 122.8
12281 49.0532904461884 122.81
12282 49.05725438943184 122.82
12283 49.06121790076751 122.83
12284 49.06518153037862 122.84
12285 49.06914560351903 122.85
12286 49.07310978643578 122.86
12287 49.07707387591142 122.87
12288 49.08103826018686 122.88
12289 49.08500215248554 122.89
12290 49.08896588128157 122.9
12291 49.09292995376907 122.91
12292 49.09689445635324 122.92
12293 49.10085809653072 122.93
12294 49.10482169257405 122.94
12295 49.10878526479598 122.95
12296 49.11274884575196 122.96
12297 49.11671246624046 122.97
12298 49.12067513115511 122.98
12299 49.12463864637688 122.99
12300 49.12860217237974 123
12301 49.13256478771817 123.01
12302 49.13652821843235 123.02
12303 49.14049191284344 123.03
12304 49.14445530932363 123.04
12305 49.14841887682866 123.05
12306 49.15238139067296 123.06
12307 49.15634525577644 123.07
12308 49.16030880542124 123.08
12309 49.16427226550262 123.09
12310 49.16823606523775 123.1
12311 49.17219960297143 123.11
12312 49.17616314854234 123.12
12313 49.18012644898329 123.13
12314 49.18408993286607 123.14
12315 49.18805318482498 123.15
12316 49.19201591726693 123.16
12317 49.19598013600177 123.17
12318 49.1999431886045 123.18
12319 49.20390800514922 123.19
12320 49.20787222683214 123.2
12321 49.21183510929845 123.21
12322 49.2157972612568 123.22
12323 49.21976026010914 123.23
12324 49.22372365053356 123.24
12325 49.22768650067533 123.25
12326 49.23165001807212 123.26
12327 49.23561360089596 123.27
12328 49.23957738661041 123.28
12329 49.24354050268418 123.29
12330 49.24750474561608 123.3
12331 49.25146923724083 123.31
12332 49.25543295823648 123.32
12333 49.2593963912615 123.33
12334 49.26335985034247 123.34
12335 49.26732334427599 123.35
12336 49.27128681393387 123.36
12337 49.27525033404714 123.37
12338 49.27921384968003 123.38
12339 49.28317730722508 123.39
12340 49.28714074354252 123.4
12341 49.29110421213853 123.41
12342 49.29506769495112 123.42
12343 49.29903119944307 123.43
12344 49.30299470055985 123.44
12345 49.30695821365509 123.45
12346 49.31092169440637 123.46
12347 49.31488506406357 123.47
12348 49.31884849276764 123.48
12349 49.32281176904331 123.49
12350 49.32677517159941 123.5
12351 49.33073846768191 123.51
12352 49.33470183261317 123.52
12353 49.33866510745398 123.53
12354 49.34262839695752 123.54
12355 49.34659239458894 123.55
12356 49.3505558841763 123.56
12357 49.35451870633906 123.57
12358 49.35848269349567 123.58
12359 49.36244669804715 123.59
12360 49.36641023520411 123.6
12361 49.37037578771522 123.61
12362 49.37434032223766 123.62
12363 49.37830474891179 123.63
12364 49.38226916954929 123.64
12365 49.38623348664342 123.65
12366 49.39019776346438 123.66
12367 49.39416198624007 123.67
12368 49.39812617941174 123.68
12369 49.40209029809444 123.69
12370 49.40605432656164 123.7
12371 49.41001747145685 123.71
12372 49.41398149387322 123.72
12373 49.41794444640253 123.73
12374 49.42190745053235 123.74
12375 49.42587034187289 123.75
12376 49.42983381904492 123.76
12377 49.43379706895544 123.77
12378 49.43776051192538 123.78
12379 49.44172383885032 123.79
12380 49.44568716167183 123.8
12381 49.44965049391421 123.81
12382 49.45361381572473 123.82
12383 49.4575771278176 123.83
12384 49.461540439627 123.84
12385 49.46550374051786 123.85
12386 49.46946704461035 123.86
12387 49.47343035137843 123.87
12388 49.47739370480926 123.88
12389 49.48135699508217 123.89
12390 49.48532027676303 123.9
12391 49.4892835870693 123.91
12392 49.49324685366174 123.92
12393 49.49721011864578 123.93
12394 49.50117337745838 123.94
12395 49.50513667773235 123.95
12396 49.50909997070556 123.96
12397 49.51306326846453 123.97
12398 49.51702655295785 123.98
12399 49.52098983166757 123.99
12400 49.52495310305527 124
12401 49.52891636431517 124.01
12402 49.53287962737733 124.02
12403 49.53684294076818 124.03
12404 49.54080629855312 124.04
12405 49.54476960079593 124.05
12406 49.54873295741423 124.06
12407 49.55269631562684 124.07
12408 49.55665966245932 124.08
12409 49.56062301242507 124.09
12410 49.56458635196022 124.1
12411 49.56854969142205 124.11
12412 49.57251302190016 124.12
12413 49.57647636809752 124.13
12414 49.58043971417216 124.14
12415 49.58440305532652 124.15
12416 49.58836639400641 124.16
12417 49.592329727821 124.17
12418 49.59629305718312 124.18
12419 49.60025638067589 124.19
12420 49.60421970627603 124.2
12421 49.60818301775124 124.21
12422 49.61214632709797 124.22
12423 49.61610964077091 124.23
12424 49.62007300223567 124.24
12425 49.62403623020952 124.25
12426 49.62799945091774 124.26
12427 49.63196267184848 124.27
12428 49.63592590521384 124.28
12429 49.63988916073075 124.29
12430 49.64385235720923 124.3
12431 49.64781555532421 124.31
12432 49.65177878629138 124.32
12433 49.65574201773757 124.33
12434 49.65970524574223 124.34
12435 49.6636684722997 124.35
12436 49.66763168583386 124.36
12437 49.67159489846436 124.37
12438 49.67555811059084 124.38
12439 49.67952133293587 124.39
12440 49.68348455515591 124.4
12441 49.6874477770621 124.41
12442 49.69141099451348 124.42
12443 49.69537421011858 124.43
12444 49.69933741985493 124.44
12445 49.70330062710997 124.45
12446 49.70726383060233 124.46
12447 49.71122703057552 124.47
12448 49.71519022616854 124.48
12449 49.71915341799262 124.49
12450 49.7231166065198 124.5
12451 49.72707974909182 124.51
12452 49.7310428866278 124.52
12453 49.73500601949828 124.53
12454 49.73896914710521 124.54
12455 49.74293227023047 124.55
12456 49.7468953879341 124.56
12457 49.75085850096468 124.57
12458 49.75482160979104 124.58
12459 49.75878471325414 124.59
12460 49.76274791123745 124.6
12461 49.76671107814858 124.61
12462 49.77067424106307 124.62
12463 49.77463740108823 124.63
12464 49.77860055826169 124.64
12465 49.78256371150641 124.65
12466 49.78652691915511 124.66
12467 49.79049006406792 124.67
12468 49.79445323195819 124.68
12469 49.79841639594942 124.69
12470 49.80237955778753 124.7
12471 49.80634271488749 124.71
12472 49.81030586776189 124.72
12473 49.81426901706953 124.73
12474 49.81823215979161 124.74
12475 49.8221953344297 124.75
12476 49.82615850600683 124.76
12477 49.83012171147347 124.77
12478 49.83408491282691 124.78
12479 49.83804811146245 124.79
12480 49.84201130638418 124.8
12481 49.84597449832943 124.81
12482 49.84993768674396 124.82
12483 49.85390087153228 124.83
12484 49.85786405260845 124.84
12485 49.86182723025691 124.85
12486 49.86579040393781 124.86
12487 49.86975361006133 124.87
12488 49.87371677591327 124.88
12489 49.87767993771412 124.89
12490 49.88164309577237 124.9
12491 49.88560625044713 124.91
12492 49.88956940123175 124.92
12493 49.89353257367359 124.93
12494 49.89749574277351 124.94
12495 49.90145890870519 124.95
12496 49.90542207173631 124.96
12497 49.90938526743761 124.97
12498 49.91334845739406 124.98
12499 49.9173116486736 124.99
12500 49.92127483682391 125
12501 49.92523804465202 125.01
12502 49.92920124784861 125.02
12503 49.93316444380564 125.03
12504 49.93712759963375 125.04
12505 49.94109075133855 125.05
12506 49.94505389902768 125.06
12507 49.94901704527874 125.07
12508 49.95298018699584 125.08
12509 49.95694332301724 125.09
12510 49.96090645509987 125.1
12511 49.96486958203788 125.11
12512 49.96883276157338 125.12
12513 49.97279589097892 125.13
12514 49.97675900270669 125.14
12515 49.98072216344654 125.15
12516 49.98468531870767 125.16
12517 49.98864847286973 125.17
12518 49.99261162428063 125.18
12519 49.99657477296554 125.19
12520 50.00053791878355 125.2
12521 50.00450106139082 125.21
12522 50.00846420297121 125.22
12523 50.01242736213372 125.23
12524 50.0163905175767 125.24
12525 50.02035367051161 125.25
12526 50.02431682269153 125.26
12527 50.02827997101772 125.27
12528 50.03224311793132 125.28
12529 50.03620626216641 125.29
12530 50.04016940361755 125.3
12531 50.04413254219331 125.31
12532 50.04809571743877 125.32
12533 50.05205884997221 125.33
12534 50.05602197928689 125.34
12535 50.05998510600151 125.35
12536 50.06394822950979 125.36
12537 50.06791135031722 125.37
12538 50.07187440112737 125.38
12539 50.0758375463685 125.39
12540 50.07980065166594 125.4
12541 50.08376371154296 125.41
12542 50.08772681035207 125.42
12543 50.09168986129585 125.43
12544 50.09565291197504 125.44
12545 50.09961599223239 125.45
12546 50.10357906626245 125.46
12547 50.10754213594993 125.47
12548 50.11150529111426 125.48
12549 50.11546844374313 125.49
12550 50.11943159146432 125.5
12551 50.12339473390995 125.51
12552 50.12735788387319 125.52
12553 50.13132104328812 125.53
12554 50.1352842051522 125.54
12555 50.13924731145342 125.55
12556 50.14321045914343 125.56
12557 50.14717360815544 125.57
12558 50.15113675601795 125.58
12559 50.15509990298598 125.59
12560 50.1590630490622 125.6
12561 50.16302613676852 125.61
12562 50.16698923859276 125.62
12563 50.17095232499872 125.63
12564 50.17491539436971 125.64
12565 50.17887846435709 125.65
12566 50.18284153271819 125.66
12567 50.186804608633 125.67
12568 50.19076768315858 125.68
12569 50.19473066971199 125.69
12570 50.19869365400562 125.7
12571 50.2026566358179 125.71
12572 50.20661961501253 125.72
12573 50.21058259103958 125.73
12574 50.21454556477754 125.74
12575 50.21850858985978 125.75
12576 50.22247155856321 125.76
12577 50.22643452301103 125.77
12578 50.23039748407739 125.78
12579 50.23436043804761 125.79
12580 50.23832337629128 125.8
12581 50.24228629441019 125.81
12582 50.24624930594867 125.82
12583 50.25021239730615 125.83
12584 50.25417543203261 125.84
12585 50.25813846720303 125.85
12586 50.26210148954701 125.86
12587 50.26606449100187 125.87
12588 50.27002747433715 125.88
12589 50.27399052485722 125.89
12590 50.27795350742495 125.9
12591 50.28191649721804 125.91
12592 50.28587948645727 125.92
12593 50.28984244470119 125.93
12594 50.29380542862796 125.94
12595 50.29776834682517 125.95
12596 50.30173125714805 125.96
12597 50.3056942041951 125.97
12598 50.30965715972023 125.98
12599 50.31362011330943 125.99
12600 50.31758307336889 126
12601 50.32154600908447 126.01
12602 50.32550894307816 126.02
12603 50.32947192140561 126.03
12604 50.33343489637024 126.04
12605 50.33739786156626 126.05
12606 50.34136082995881 126.06
12607 50.34532380040663 126.07
12608 50.34928669846474 126.08
12609 50.35324964246164 126.09
12610 50.35721415569012 126.1
12611 50.36117722062597 126.11
12612 50.36514011827749 126.12
12613 50.36910300625895 126.13
12614 50.37306588761179 126.14
12615 50.37702878877281 126.15
12616 50.38099171799701 126.16
12617 50.3849546434399 126.17
12618 50.38891759382447 126.18
12619 50.39288062439699 126.19
12620 50.39684357202573 126.2
12621 50.40080641643341 126.21
12622 50.40476940498936 126.22
12623 50.40873236671989 126.23
12624 50.41269532291847 126.24
12625 50.41665827404032 126.25
12626 50.42062122553162 126.26
12627 50.42458417832594 126.27
12628 50.42854713185258 126.28
12629 50.43251008430843 126.29
12630 50.43647303544653 126.3
12631 50.44043598450416 126.31
12632 50.44439893224718 126.32
12633 50.44836187864453 126.33
12634 50.45232482350899 126.34
12635 50.45628776668289 126.35
12636 50.46025070835956 126.36
12637 50.46421359344077 126.37
12638 50.46817655032964 126.38
12639 50.47213943569872 126.39
12640 50.47610237850555 126.4
12641 50.4800652482126 126.41
12642 50.48402811552803 126.42
12643 50.48799098207029 126.43
12644 50.49195384546243 126.44
12645 50.49591670746608 126.45
12646 50.49987956904996 126.46
12647 50.50384241146988 126.47
12648 50.50780525092899 126.48
12649 50.51176813434532 126.49
12650 50.51573102216015 126.5
12651 50.51969390775058 126.51
12652 50.52365682047195 126.52
12653 50.52761969876604 126.53
12654 50.5315825702999 126.54
12655 50.53554544480152 126.55
12656 50.5395083475107 126.56
12657 50.54347121787622 126.57
12658 50.54743408612236 126.58
12659 50.55139690153257 126.59
12660 50.55535971413619 126.6
12661 50.55932252005765 126.61
12662 50.56328532375105 126.62
12663 50.56724812842525 126.63
12664 50.57121092847858 126.64
12665 50.57517372412788 126.65
12666 50.57913651233114 126.66
12667 50.58309929673773 126.67
12668 50.58706208024078 126.68
12669 50.59102486054634 126.69
12670 50.59498763952854 126.7
12671 50.59895046013209 126.71
12672 50.60291321861911 126.72
12673 50.60687597297624 126.73
12674 50.61083874231247 126.74
12675 50.61480149509904 126.75
12676 50.61876422943566 126.76
12677 50.622726974141 126.77
12678 50.62668972735901 126.78
12679 50.63065247000436 126.79
12680 50.63461519825547 126.8
12681 50.6385779224648 126.81
12682 50.64254065031472 126.82
12683 50.64650340915689 126.83
12684 50.65046615333537 126.84
12685 50.654428892002 126.85
12686 50.65839162145184 126.86
12687 50.66235435031132 126.87
12688 50.6663170811266 126.88
12689 50.67027985843354 126.89
12690 50.67424262153151 126.9
12691 50.67820534275276 126.91
12692 50.68216810432382 126.92
12693 50.68613081353337 126.93
12694 50.69009355945934 126.94
12695 50.69405624569814 126.95
12696 50.69801893151969 126.96
12697 50.70198166074796 126.97
12698 50.70594437031931 126.98
12699 50.70990703602035 126.99
12700 50.71386973964727 127
12701 50.71783239878507 127.01
12702 50.72179505200936 127.02
12703 50.72575772295889 127.03
12704 50.72972041556499 127.04
12705 50.73368315685796 127.05
12706 50.73764580840369 127.06
12707 50.74160848660821 127.07
12708 50.74557114374737 127.08
12709 50.74953379310404 127.09
12710 50.75349646147542 127.1
12711 50.7574591186436 127.11
12712 50.76142171834435 127.12
12713 50.76538438594736 127.13
12714 50.76934695011627 127.14
12715 50.77330945273992 127.15
12716 50.77727199821475 127.16
12717 50.78123454943019 127.17
12718 50.78519704316063 127.18
12719 50.78915958566748 127.19
12720 50.79312220974654 127.2
12721 50.79708471475909 127.21
12722 50.80104726080271 127.22
12723 50.8050098442415 127.23
12724 50.80897242064127 127.24
12725 50.81293505085132 127.25
12726 50.81689765256423 127.26
12727 50.82086025825897 127.27
12728 50.8248230006031 127.28
12729 50.82878568330713 127.29
12730 50.83274847140942 127.3
12731 50.83671115429747 127.31
12732 50.84067395529881 127.32
12733 50.84463675009984 127.33
12734 50.8485995069281 127.34
12735 50.85256222145948 127.35
12736 50.85652493089213 127.36
12737 50.86048762057195 127.37
12738 50.86445038848927 127.38
12739 50.86841310856622 127.39
12740 50.87237578262207 127.4
12741 50.87633846991616 127.41
12742 50.88030117432547 127.42
12743 50.88426385480192 127.43
12744 50.88822651748088 127.44
12745 50.89218919864169 127.45
12746 50.89615192586611 127.46
12747 50.90011462688433 127.47
12748 50.90407730448188 127.48
12749 50.90803998433732 127.49
12750 50.91200267762824 127.5
12751 50.91596534733443 127.51
12752 50.91992800744708 127.52
12753 50.92389073048416 127.53
12754 50.92785339741713 127.54
12755 50.93181606227442 127.55
12756 50.93577870970326 127.56
12757 50.93974142048117 127.57
12758 50.9437040382719 127.58
12759 50.9476666526858 127.59
12760 50.95162919359359 127.6
12761 50.95559178077013 127.61
12762 50.95955437503358 127.62
12763 50.96351688008788 127.63
12764 50.96747947956706 127.64
12765 50.97144211229945 127.65
12766 50.97540471093821 127.66
12767 50.97936728741035 127.67
12768 50.98332991212277 127.68
12769 50.98729241895332 127.69
12770 50.99125500318711 127.7
12771 50.99521759222367 127.71
12772 50.99918013068618 127.72
12773 51.00314270733 127.73
12774 51.0071052003544 127.74
12775 51.01106777275458 127.75
12776 51.01503037609113 127.76
12777 51.01899296424781 127.77
12778 51.02295554367223 127.78
12779 51.02691812465223 127.79
12780 51.03088060501057 127.8
12781 51.03484315347923 127.81
12782 51.03880569385423 127.82
12783 51.04276823002569 127.83
12784 51.04673076362377 127.84
12785 51.05069334973341 127.85
12786 51.05465587664058 127.86
12787 51.05861839945184 127.87
12788 51.06258091864203 127.88
12789 51.06654343440486 127.89
12790 51.07050599955409 127.9
12791 51.07446850708278 127.91
12792 51.07843113854943 127.92
12793 51.08239371665547 127.93
12794 51.08635629232234 127.94
12795 51.09031886558873 127.95
12796 51.09428143659784 127.96
12797 51.09824400450219 127.97
12798 51.10220656932789 127.98
12799 51.10616913158417 127.99
12800 51.11013169114864 128
12801 51.11409420827138 128.01
12802 51.11805672253162 128.02
12803 51.12201923388704 128.03
12804 51.12598174228029 128.04
12805 51.12994424693062 128.05
12806 51.13390674947377 128.06
12807 51.13786924949098 128.07
12808 51.14183174610556 128.08
12809 51.14579423991187 128.09
12810 51.14975672917168 128.1
12811 51.1537192165182 128.11
12812 51.15768170003685 128.12
12813 51.16164418070342 128.13
12814 51.16560665758335 128.14
12815 51.16956913119656 128.15
12816 51.17353160078787 128.16
12817 51.17749406672151 128.17
12818 51.1814565289839 128.18
12819 51.18541898741897 128.19
12820 51.18938146055619 128.2
12821 51.1933439306906 128.21
12822 51.19730639776144 128.22
12823 51.20126886176758 128.23
12824 51.20523135913702 128.24
12825 51.20919381685458 128.25
12826 51.21315626999174 128.26
12827 51.2171187198069 128.27
12828 51.22108116497342 128.28
12829 51.22504360604516 128.29
12830 51.22900604373784 128.3
12831 51.23296847665416 128.31
12832 51.23693090514561 128.32
12833 51.24089332977302 128.33
12834 51.24485577866908 128.34
12835 51.24881822412338 128.35
12836 51.25278066709404 128.36
12837 51.25674310732982 128.37
12838 51.26070554476273 128.38
12839 51.26466797943399 128.39
12840 51.26863041099404 128.4
12841 51.27259283960107 128.41
12842 51.27655522919375 128.42
12843 51.28051761532476 128.43
12844 51.28447999793478 128.44
12845 51.28844237697233 128.45
12846 51.29240475209404 128.46
12847 51.29636712306323 128.47
12848 51.30032949075227 128.48
12849 51.30429185474475 128.49
12850 51.3082542148324 128.5
12851 51.31221657132009 128.51
12852 51.31617892398525 128.52
12853 51.32014127291869 128.53
12854 51.32410361854999 128.54
12855 51.3280659609023 128.55
12856 51.33202835559743 128.56
12857 51.33599072830286 128.57
12858 51.33995309897836 128.58
12859 51.34391546757893 128.59
12860 51.34787783424233 128.6
12861 51.35184019876921 128.61
12862 51.35580256086551 128.62
12863 51.35976492077604 128.63
12864 51.3637272784699 128.64
12865 51.36768963376585 128.65
12866 51.37165198675911 128.66
12867 51.37561433742861 128.67
12868 51.37957668610135 128.68
12869 51.38353903266466 128.69
12870 51.38750137717971 128.7
12871 51.39146371950488 128.71
12872 51.39542605980678 128.72
12873 51.39938839795878 128.73
12874 51.40335073394014 128.74
12875 51.40731306771738 128.75
12876 51.41127539928019 128.76
12877 51.41523775009257 128.77
12878 51.41920012506702 128.78
12879 51.42316249816285 128.79
12880 51.4271248694323 128.8
12881 51.43108723984685 128.81
12882 51.43504960858797 128.82
12883 51.43901197403052 128.83
12884 51.44297433645015 128.84
12885 51.44693669639051 128.85
12886 51.45089905442347 128.86
12887 51.45486141012587 128.87
12888 51.45882383417095 128.88
12889 51.46278625598244 128.89
12890 51.46674869487485 128.9
12891 51.47071113183102 128.91
12892 51.47467356716317 128.92
12893 51.4786360008314 128.93
12894 51.48259843310477 128.94
12895 51.48656086369757 128.95
12896 51.49052329281187 128.96
12897 51.49448571947887 128.97
12898 51.49844814439342 128.98
12899 51.50241056739503 128.99
12900 51.50637298859087 129
12901 51.51033540840706 129.01
12902 51.51429782622491 129.02
12903 51.51826023512427 129.03
12904 51.52222265896909 129.04
12905 51.52618508059248 129.05
12906 51.53014749812601 129.06
12907 51.534109915869 129.07
12908 51.53807233294859 129.08
12909 51.54203474195229 129.09
12910 51.54599714413232 129.1
12911 51.54995953915429 129.11
12912 51.55392192601663 129.12
12913 51.55788430448747 129.13
12914 51.56184667558117 129.14
12915 51.56580906748198 129.15
12916 51.56977145938159 129.16
12917 51.57373385375552 129.17
12918 51.57769625398733 129.18
12919 51.58165867256363 129.19
12920 51.58562108519712 129.2
12921 51.58958349086826 129.21
12922 51.59354588833946 129.22
12923 51.59750831705831 129.23
12924 51.60147073781537 129.24
12925 51.60543318951049 129.25
12926 51.60939564540573 129.26
12927 51.61335809537128 129.27
12928 51.61732054291305 129.28
12929 51.62128298613832 129.29
12930 51.62524542228416 129.3
12931 51.62920779552043 129.31
12932 51.63317016143343 129.32
12933 51.63713252101258 129.33
12934 51.6410948719444 129.34
12935 51.64505725934166 129.35
12936 51.64901964028616 129.36
12937 51.65298199986878 129.37
12938 51.65694440522655 129.38
12939 51.66090680900173 129.39
12940 51.66486920865314 129.4
12941 51.66883160866306 129.41
12942 51.67279400657792 129.42
12943 51.67675644253396 129.43
12944 51.68071883285015 129.44
12945 51.68468122083555 129.45
12946 51.6886436256617 129.46
12947 51.69260602403811 129.47
12948 51.69656847692981 129.48
12949 51.70053085600665 129.49
12950 51.70449325872715 129.5
12951 51.70845568368124 129.51
12952 51.71241810637878 129.52
12953 51.71638053014379 129.53
12954 51.72034306964638 129.54
12955 51.72430548990771 129.55
12956 51.72826795314793 129.56
12957 51.73223037065915 129.57
12958 51.73619278634956 129.58
12959 51.74015520178868 129.59
12960 51.74411761275007 129.6
12961 51.74808002083861 129.61
12962 51.75204242963012 129.62
12963 51.75600483377094 129.63
12964 51.75996723524026 129.64
12965 51.7639296304677 129.65
12966 51.76789201947299 129.66
12967 51.77185440676951 129.67
12968 51.77581678863947 129.68
12969 51.779779165159 129.69
12970 51.78374157171974 129.7
12971 51.78770393932406 129.71
12972 51.79166629866616 129.72
12973 51.79562864816813 129.73
12974 51.79959094751081 129.74
12975 51.80355329764969 129.75
12976 51.8075156421571 129.76
12977 51.8114779843505 129.77
12978 51.81544035080955 129.78
12979 51.81940271628808 129.79
12980 51.82336501802353 129.8
12981 51.82732733592733 129.81
12982 51.83128964911525 129.82
12983 51.83525195857865 129.83
12984 51.83921421824009 129.84
12985 51.84317647246321 129.85
12986 51.84713872314182 129.86
12987 51.85110096855767 129.87
12988 51.85506320900872 129.88
12989 51.85902544438558 129.89
12990 51.86298770443507 129.9
12991 51.86694993481256 129.91
12992 51.87091215719076 129.92
12993 51.87487437044013 129.93
12994 51.87883658330996 129.94
12995 51.88279879176635 129.95
12996 51.8867609886649 129.96
12997 51.89072318730607 129.97
12998 51.89468539573662 129.98
12999 51.89864757721371 129.99
13000 51.9026097503365 130
13001 51.90657191693045 130.01
13002 51.91053407717589 130.02
13003 51.91449622984226 130.03
13004 51.91845837417986 130.04
13005 51.92242050844997 130.05
13006 51.92638264247085 130.06
13007 51.93034476818457 130.07
13008 51.93430688701793 130.08
13009 51.9382690291701 130.09
13010 51.94223108693747 130.1
13011 51.9461931268105 130.11
13012 51.95015516993817 130.12
13013 51.95411720034515 130.13
13014 51.95807930710069 130.14
13015 51.96204140868899 130.15
13016 51.96600349045254 130.16
13017 51.96996556678342 130.17
13018 51.97392763256075 130.18
13019 51.97788969947247 130.19
13020 51.98185176117873 130.2
13021 51.98581380472372 130.21
13022 51.98977584689163 130.22
13023 51.99373787755179 130.23
13024 51.99769992389506 130.24
13025 52.00166201515908 130.25
13026 52.00562409501023 130.26
13027 52.00958612173204 130.27
13028 52.01354814030871 130.28
13029 52.01751009955247 130.29
13030 52.0214720507576 130.3
13031 52.02543399375065 130.31
13032 52.02939595152623 130.32
13033 52.03335788090202 130.33
13034 52.03731986660986 130.34
13035 52.04128184511059 130.35
13036 52.04524381559723 130.36
13037 52.04920577837675 130.37
13038 52.05316773433505 130.38
13039 52.05712967863611 130.39
13040 52.06109161699137 130.4
13041 52.0650536140173 130.41
13042 52.06901553482323 130.42
13043 52.07297744725183 130.43
13044 52.07693935312446 130.44
13045 52.0809013325881 130.45
13046 52.08486334426477 130.46
13047 52.08882535107441 130.47
13048 52.09278735320022 130.48
13049 52.09674935071026 130.49
13050 52.1007113452222 130.5
13051 52.10467333465372 130.51
13052 52.10863531789742 130.52
13053 52.11259732039575 130.53
13054 52.1165593166292 130.54
13055 52.12052130612751 130.55
13056 52.12448329218741 130.56
13057 52.12844527438323 130.57
13058 52.13240729527265 130.58
13059 52.13636926637095 130.59
13060 52.14033123442844 130.6
13061 52.14429319731364 130.61
13062 52.14825515714315 130.62
13063 52.15221711209302 130.63
13064 52.15617906111626 130.64
13065 52.16014100563825 130.65
13066 52.16410295018262 130.66
13067 52.16806493958612 130.67
13068 52.17202695374565 130.68
13069 52.17598896466603 130.69
13070 52.17995098349066 130.7
13071 52.18391297489045 130.71
13072 52.1878749696228 130.72
13073 52.19183695570533 130.73
13074 52.19579893682511 130.74
13075 52.19976091193493 130.75
13076 52.20372288159795 130.76
13077 52.20768487212082 130.77
13078 52.21164685508642 130.78
13079 52.21560883173826 130.79
13080 52.21957080298281 130.8
13081 52.22353277069577 130.81
13082 52.22749475206879 130.82
13083 52.23145670940498 130.83
13084 52.23541866166372 130.84
13085 52.23938060831031 130.85
13086 52.24334245825371 130.86
13087 52.24730430821015 130.87
13088 52.25126614929579 130.88
13089 52.25522800074449 130.89
13090 52.2591898534376 130.9
13091 52.26315172809218 130.91
13092 52.26711359763942 130.92
13093 52.27107546271505 130.93
13094 52.27503734520173 130.94
13095 52.27899922406726 130.95
13096 52.28296110066691 130.96
13097 52.28692296961766 130.97
13098 52.29088483614858 130.98
13099 52.29484669488755 130.99
13100 52.29880854385021 131
13101 52.30277039204121 131.01
13102 52.30673223493805 131.02
13103 52.31069406800273 131.03
13104 52.3146559121568 131.04
13105 52.31861779516305 131.05
13106 52.32257965983023 131.06
13107 52.32654153656418 131.07
13108 52.33050340985687 131.08
13109 52.33446527943146 131.09
13110 52.33842715092946 131.1
13111 52.34238901297351 131.11
13112 52.34635087058786 131.12
13113 52.35031272465797 131.13
13114 52.35427463296674 131.14
13115 52.35823648136442 131.15
13116 52.36219832605978 131.16
13117 52.36616016687774 131.17
13118 52.37012200379762 131.18
13119 52.37408384179204 131.19
13120 52.37804566847902 131.2
13121 52.38200749281804 131.21
13122 52.3859693292165 131.22
13123 52.38993116226256 131.23
13124 52.39389300156746 131.24
13125 52.39785483747414 131.25
13126 52.40181666986358 131.26
13127 52.40577849878535 131.27
13128 52.40974041274099 131.28
13129 52.413702230518 131.29
13130 52.41766405074245 131.3
13131 52.4216258568911 131.31
13132 52.42558766035874 131.32
13133 52.42954946103526 131.33
13134 52.43351125841203 131.34
13135 52.43747305253548 131.35
13136 52.4414348687268 131.36
13137 52.44539667483261 131.37
13138 52.44935846836317 131.38
13139 52.45332024835098 131.39
13140 52.45728202431103 131.4
13141 52.46124380443814 131.41
13142 52.46520556487083 131.42
13143 52.46916732059877 131.43
13144 52.47312910253898 131.44
13145 52.47709088893484 131.45
13146 52.48105274979087 131.46
13147 52.48501461143556 131.47
13148 52.48897646316399 131.48
13149 52.49293835249162 131.49
13150 52.49690023961445 131.5
13151 52.50086212476477 131.51
13152 52.50482400712097 131.52
13153 52.50878589654722 131.53
13154 52.51274779007551 131.54
13155 52.5167096800534 131.55
13156 52.52067156674258 131.56
13157 52.52463344942828 131.57
13158 52.5285953261889 131.58
13159 52.53255719562488 131.59
13160 52.53651906158618 131.6
13161 52.54048092393281 131.61
13162 52.54444278260219 131.62
13163 52.54840463765154 131.63
13164 52.55236650474836 131.64
13165 52.55632835273159 131.65
13166 52.56029019613038 131.66
13167 52.56425203230213 131.67
13168 52.56821386477501 131.68
13169 52.57217569683406 131.69
13170 52.57613752637904 131.7
13171 52.58009937832453 131.71
13172 52.5840612280377 131.72
13173 52.58802306700819 131.73
13174 52.59198490285773 131.74
13175 52.59594674904351 131.75
13176 52.59990858393586 131.76
13177 52.60387041605468 131.77
13178 52.6078322912882 131.78
13179 52.61179411906885 131.79
13180 52.61575594367358 131.8
13181 52.61971776454732 131.81
13182 52.6236795817242 131.82
13183 52.62764139424176 131.83
13184 52.63160320256696 131.84
13185 52.63556501155615 131.85
13186 52.6395268148495 131.86
13187 52.64348860995051 131.87
13188 52.64745040527191 131.88
13189 52.65141219462618 131.89
13190 52.65537399665323 131.9
13191 52.6593357952395 131.91
13192 52.66329759037666 131.92
13193 52.66725938213409 131.93
13194 52.67122116416192 131.94
13195 52.67518299270286 131.95
13196 52.67914481154487 131.96
13197 52.6831066290563 131.97
13198 52.68706845002191 131.98
13199 52.69103026530768 131.99
13200 52.69499207333913 132
13201 52.69895386711769 132.01
13202 52.70291565792392 132.02
13203 52.70687744629305 132.03
13204 52.71083917043855 132.04
13205 52.71480089547437 132.05
13206 52.71876263527678 132.06
13207 52.72272439562843 132.07
13208 52.72668613747379 132.08
13209 52.73064787413922 132.09
13210 52.73460959814608 132.1
13211 52.7385713062868 132.11
13212 52.74253304098453 132.12
13213 52.74649472824328 132.13
13214 52.75045640229227 132.14
13215 52.75441809012243 132.15
13216 52.75837983142033 132.16
13217 52.76234162095439 132.17
13218 52.76630335122556 132.18
13219 52.77026507400963 132.19
13220 52.77422683047599 132.2
13221 52.77818857801517 132.21
13222 52.78215033308772 132.22
13223 52.78611208091534 132.23
13224 52.79007382447863 132.24
13225 52.79403557168116 132.25
13226 52.79799730806651 132.26
13227 52.80195904381855 132.27
13228 52.80592077471773 132.28
13229 52.80988249711057 132.29
13230 52.81384421289016 132.3
13231 52.8178059223487 132.31
13232 52.82176763472044 132.32
13233 52.82572933684546 132.33
13234 52.82969102794908 132.34
13235 52.83365281282202 132.35
13236 52.83761459638988 132.36
13237 52.84157637703809 132.37
13238 52.84553815980722 132.38
13239 52.84949993884014 132.39
13240 52.85346171616111 132.4
13241 52.85742349010539 132.41
13242 52.86138527192345 132.42
13243 52.86534704466634 132.43
13244 52.86930881682994 132.44
13245 52.87327058691989 132.45
13246 52.87723235179605 132.46
13247 52.88119417212886 132.47
13248 52.88515593072458 132.48
13249 52.88911768562068 132.49
13250 52.89307943870973 132.5
13251 52.89704118612685 132.51
13252 52.90100294455146 132.52
13253 52.9049647421029 132.53
13254 52.90892648192865 132.54
13255 52.91288822376879 132.55
13256 52.91684995508317 132.56
13257 52.9208116756727 132.57
13258 52.92477338801575 132.58
13259 52.92873508651677 132.59
13260 52.93269684604787 132.6
13261 52.93665860260128 132.61
13262 52.9406203545805 132.62
13263 52.94458210414093 132.63
13264 52.94854384643681 132.64
13265 52.95250558926991 132.65
13266 52.95646732722183 132.66
13267 52.96042906225107 132.67
13268 52.96439079435228 132.68
13269 52.9683525211915 132.69
13270 52.97231427177253 132.7
13271 52.97627601635528 132.71
13272 52.98023775708347 132.72
13273 52.98419949679378 132.73
13274 52.98816119084053 132.74
13275 52.99212288226958 132.75
13276 52.99608457042268 132.76
13277 53.00004625352143 132.77
13278 53.00400793272452 132.78
13279 53.00796974170641 132.79
13280 53.01193141197992 132.8
13281 53.01589307891793 132.81
13282 53.01985471759588 132.82
13283 53.02381637970232 132.83
13284 53.02777803223778 132.84
13285 53.03173968140747 132.85
13286 53.03570134289179 132.86
13287 53.03966303225928 132.87
13288 53.04362471746543 132.88
13289 53.04758639984462 132.89
13290 53.05154808001046 132.9
13291 53.05550975724394 132.91
13292 53.05947142704964 132.92
13293 53.06343309223522 132.93
13294 53.06739475206407 132.94
13295 53.07135640951287 132.95
13296 53.07531806237344 132.96
13297 53.07927971041362 132.97
13298 53.08324135342782 132.98
13299 53.087202991186 132.99
13300 53.09116462217787 133
13301 53.09512624845884 133.01
13302 53.0990879228538 133.02
13303 53.10304959378029 133.03
13304 53.10701126273745 133.04
13305 53.11097292864649 133.05
13306 53.11493459065585 133.06
13307 53.11889625182164 133.07
13308 53.12285790791924 133.08
13309 53.12681956724002 133.09
13310 53.13078121558233 133.1
13311 53.1347428575478 133.11
13312 53.1387045259052 133.12
13313 53.14266618474506 133.13
13314 53.14662784922792 133.14
13315 53.15058954585244 133.15
13316 53.15455119439365 133.16
13317 53.15851284049921 133.17
13318 53.16247448370699 133.18
13319 53.16643612305417 133.19
13320 53.17039777078492 133.2
13321 53.17435940176669 133.21
13322 53.178321030653 133.22
13323 53.18228266253547 133.23
13324 53.1862442262012 133.24
13325 53.19020578446047 133.25
13326 53.19416733598531 133.26
13327 53.19812887900714 133.27
13328 53.20209041621243 133.28
13329 53.2060519473423 133.29
13330 53.21001348409924 133.3
13331 53.21397500178364 133.31
13332 53.21793653659028 133.32
13333 53.22189805791323 133.33
13334 53.22585957677495 133.34
13335 53.22982109618086 133.35
13336 53.2337826531822 133.36
13337 53.23774425604845 133.37
13338 53.24170586463542 133.38
13339 53.24566745956087 133.39
13340 53.24962908709806 133.4
13341 53.25359070910321 133.41
13342 53.25755229074583 133.42
13343 53.26151386912431 133.43
13344 53.26547545868682 133.44
13345 53.26943702838464 133.45
13346 53.2733986216997 133.46
13347 53.27736017598863 133.47
13348 53.28132172694998 133.48
13349 53.28528326275013 133.49
13350 53.28924479404744 133.5
13351 53.29320631922367 133.51
13352 53.29716783869347 133.52
13353 53.30112934814282 133.53
13354 53.3050908448262 133.54
13355 53.30905234204096 133.55
13356 53.31301383946293 133.56
13357 53.31697533926777 133.57
13358 53.32093682980505 133.58
13359 53.32489832100799 133.59
13360 53.32885986480311 133.6
13361 53.33282140344122 133.61
13362 53.33678292232972 133.62
13363 53.34074443521516 133.63
13364 53.34470593973381 133.64
13365 53.34866744186364 133.65
13366 53.3526289615339 133.66
13367 53.35659046960437 133.67
13368 53.36055201143232 133.68
13369 53.3645135396719 133.69
13370 53.36847503015132 133.7
13371 53.37243651396962 133.71
13372 53.37639798785915 133.72
13373 53.38035945014096 133.73
13374 53.38432091913162 133.74
13375 53.38828238527154 133.75
13376 53.39224382704084 133.76
13377 53.39620528540377 133.77
13378 53.40016673738229 133.78
13379 53.40412817561139 133.79
13380 53.40808962833469 133.8
13381 53.41205107395163 133.81
13382 53.41601249408716 133.82
13383 53.41997392125671 133.83
13384 53.42393533824809 133.84
13385 53.42789674687079 133.85
13386 53.43185814921526 133.86
13387 53.43581954082775 133.87
13388 53.43978092760817 133.88
13389 53.44374230877617 133.89
13390 53.44770367622461 133.9
13391 53.45166503656655 133.91
13392 53.45562639296274 133.92
13393 53.45958768526645 133.93
13394 53.46354902871525 133.94
13395 53.46751036483556 133.95
13396 53.47147163945091 133.96
13397 53.47543290282629 133.97
13398 53.47939415741847 133.98
13399 53.4833554044565 133.99
13400 53.48731676117828 134
13401 53.49127811367649 134.01
13402 53.49523945960233 134.02
13403 53.49920079930971 134.03
13404 53.50316212909402 134.04
13405 53.50712345204023 134.05
13406 53.51108477028389 134.06
13407 53.51504610770812 134.07
13408 53.51900743935445 134.08
13409 53.52296878476636 134.09
13410 53.52693017705064 134.1
13411 53.53089157189295 134.11
13412 53.53485295172131 134.12
13413 53.53881432643749 134.13
13414 53.54277571189816 134.14
13415 53.54673714252292 134.15
13416 53.55069857716024 134.16
13417 53.55466000267669 134.17
13418 53.55862150946671 134.18
13419 53.56258295991377 134.19
13420 53.56654444570718 134.2
13421 53.57050600706944 134.21
13422 53.57446749214574 134.22
13423 53.57842897788684 134.23
13424 53.58239048630179 134.24
13425 53.58635192439082 134.25
13426 53.59031332833567 134.26
13427 53.5942747267695 134.27
13428 53.59823612044828 134.28
13429 53.60219751184866 134.29
13430 53.60615889776489 134.3
13431 53.61012027981695 134.31
13432 53.6140816576807 134.32
13433 53.61804301393506 134.33
13434 53.62200438263308 134.34
13435 53.62596575475717 134.35
13436 53.62992712089677 134.36
13437 53.63388848030076 134.37
13438 53.63784984693672 134.38
13439 53.64181120839658 134.39
13440 53.64577256222157 134.4
13441 53.64973391460376 134.41
13442 53.65369525809913 134.42
13443 53.65765660048151 134.43
13444 53.66161793309792 134.44
13445 53.66557926470095 134.45
13446 53.66954060786388 134.46
13447 53.67350198773198 134.47
13448 53.67746336137404 134.48
13449 53.6814247322841 134.49
13450 53.68538613815961 134.5
13451 53.68934755280236 134.51
13452 53.69330891153183 134.52
13453 53.69727026238147 134.53
13454 53.7012316145624 134.54
13455 53.70519298963772 134.55
13456 53.70915437598552 134.56
13457 53.71311581874063 134.57
13458 53.71707724241687 134.58
13459 53.72103864105281 134.59
13460 53.72500003727024 134.6
13461 53.72896143396824 134.61
13462 53.73292282694783 134.62
13463 53.7368841850824 134.63
13464 53.74084553982503 134.64
13465 53.74480689481535 134.65
13466 53.74876824416707 134.66
13467 53.75272963703061 134.67
13468 53.75669106646768 134.68
13469 53.76065241530222 134.69
13470 53.76461375781112 134.7
13471 53.76857510286418 134.71
13472 53.77253644194754 134.72
13473 53.77649771368007 134.73
13474 53.78045890095392 134.74
13475 53.78442009257747 134.75
13476 53.78838127440581 134.76
13477 53.79234246096483 134.77
13478 53.79630363886636 134.78
13479 53.8002648181976 134.79
13480 53.80422599299675 134.8
13481 53.80818716812424 134.81
13482 53.81214833402491 134.82
13483 53.81610950536444 134.83
13484 53.82007066751022 134.84
13485 53.82403183075134 134.85
13486 53.82799298947537 134.86
13487 53.83195414865195 134.87
13488 53.83591529949125 134.88
13489 53.83987645053526 134.89
13490 53.84383759434181 134.9
13491 53.84779874445202 134.91
13492 53.85175988645005 134.92
13493 53.85572103294533 134.93
13494 53.85968217173712 134.94
13495 53.8636433064719 134.95
13496 53.86760443517139 134.96
13497 53.87156556339536 134.97
13498 53.87552668566882 134.98
13499 53.87948781100613 134.99
13500 53.88344894941297 135
13501 53.88741009000971 135.01
13502 53.89137122529316 135.02
13503 53.89533235954224 135.03
13504 53.89929348877892 135.04
13505 53.90325461874458 135.05
13506 53.90721574360428 135.06
13507 53.91117686876546 135.07
13508 53.91513798962936 135.08
13509 53.91909911108636 135.09
13510 53.92306022790628 135.1
13511 53.92702134634655 135.11
13512 53.93098245879321 135.12
13513 53.93494357168464 135.13
13514 53.93890467956903 135.14
13515 53.94286579218575 135.15
13516 53.94682689631185 135.16
13517 53.95078800287958 135.17
13518 53.9547491017896 135.18
13519 53.95871019169124 135.19
13520 53.9626712868383 135.2
13521 53.9666323852606 135.21
13522 53.97059347621944 135.22
13523 53.9745545677266 135.23
13524 53.97851568624264 135.24
13525 53.98247680456635 135.25
13526 53.98643791774582 135.26
13527 53.99039903391756 135.27
13528 53.9943601470834 135.28
13529 53.9983212627383 135.29
13530 54.00228237010808 135.3
13531 54.00624348124607 135.31
13532 54.01020458364984 135.32
13533 54.01416568695693 135.33
13534 54.01812678421773 135.34
13535 54.02208788510271 135.35
13536 54.02604897585057 135.36
13537 54.03001007398207 135.37
13538 54.0339711577735 135.38
13539 54.03793222016088 135.39
13540 54.04189330103399 135.4
13541 54.04585437617833 135.41
13542 54.0498154513731 135.42
13543 54.05377654721331 135.43
13544 54.05773763548237 135.44
13545 54.0616987171429 135.45
13546 54.06565979501451 135.46
13547 54.06962086557205 135.47
13548 54.07358192965616 135.48
13549 54.07754298611199 135.49
13550 54.08150403678987 135.5
13551 54.08546514072354 135.51
13552 54.08942623976678 135.52
13553 54.09338733651354 135.53
13554 54.09734843206852 135.54
13555 54.10130952538049 135.55
13556 54.10527061678394 135.56
13557 54.10923170411198 135.57
13558 54.11319279308418 135.58
13559 54.11715387490307 135.59
13560 54.12111496565129 135.6
13561 54.12507604412109 135.61
13562 54.12903712629497 135.62
13563 54.13299824665816 135.63
13564 54.1369593278886 135.64
13565 54.1409203916059 135.65
13566 54.14488145652806 135.66
13567 54.14884251839235 135.67
13568 54.15280366498652 135.68
13569 54.15676476071741 135.69
13570 54.16072585397356 135.7
13571 54.1646869464002 135.71
13572 54.1686480315791 135.72
13573 54.17260912181845 135.73
13574 54.17657022162933 135.74
13575 54.18053130968454 135.75
13576 54.18449241109399 135.76
13577 54.18845355514301 135.77
13578 54.19241469173627 135.78
13579 54.19637579680787 135.79
13580 54.20033690926874 135.8
13581 54.20429801050393 135.81
13582 54.20825911854548 135.82
13583 54.21222023079645 135.83
13584 54.21618136648372 135.84
13585 54.22014249252651 135.85
13586 54.22410360887829 135.86
13587 54.22806472144384 135.87
13588 54.23202583234973 135.88
13589 54.23598694796414 135.89
13590 54.23994807859688 135.9
13591 54.24390919971197 135.91
13592 54.24787032350689 135.92
13593 54.25183144981845 135.93
13594 54.25579256759113 135.94
13595 54.2597537004544 135.95
13596 54.26371486761944 135.96
13597 54.26767599080544 135.97
13598 54.27163710498677 135.98
13599 54.27559822498162 135.99
13600 54.27955936636472 136
13601 54.28352049942501 136.01
13602 54.28748161579492 136.02
13603 54.29144273902471 136.03
13604 54.29540385090546 136.04
13605 54.29936496530743 136.05
13606 54.30332607334729 136.06
13607 54.30728718709496 136.07
13608 54.31124829320122 136.08
13609 54.31520940334324 136.09
13610 54.31917050814721 136.1
13611 54.32313161423536 136.11
13612 54.32709271477041 136.12
13613 54.33105381648627 136.13
13614 54.33501491621546 136.14
13615 54.33897601626956 136.15
13616 54.34293711259122 136.16
13617 54.34689826803334 136.17
13618 54.35085936499772 136.18
13619 54.35482046290386 136.19
13620 54.35878155449488 136.2
13621 54.362742658454 136.21
13622 54.36670375010779 136.22
13623 54.37066477856985 136.23
13624 54.37462580606054 136.24
13625 54.37858684465036 136.25
13626 54.38254790914718 136.26
13627 54.38650892753564 136.27
13628 54.39046998185108 136.28
13629 54.39443098773508 136.29
13630 54.39839198842582 136.3
13631 54.40235298146577 136.31
13632 54.40631400870053 136.32
13633 54.41027500423377 136.33
13634 54.41423600705076 136.34
13635 54.41819700822231 136.35
13636 54.42215800435483 136.36
13637 54.42611900155791 136.37
13638 54.43007999988544 136.38
13639 54.43404099110099 136.39
13640 54.43800198432105 136.4
13641 54.44196296862444 136.41
13642 54.44592394820642 136.42
13643 54.44988492524528 136.43
13644 54.45384589860856 136.44
13645 54.4578068698846 136.45
13646 54.4617678384714 136.46
13647 54.46572880383618 136.47
13648 54.46968976898255 136.48
13649 54.47365072591044 136.49
13650 54.47761168179595 136.5
13651 54.48157263012735 136.51
13652 54.48553357637234 136.52
13653 54.48949451937567 136.53
13654 54.49345536812577 136.54
13655 54.49741621114983 136.55
13656 54.50137704764012 136.56
13657 54.50533787516045 136.57
13658 54.50929869817671 136.58
13659 54.51325950996652 136.59
13660 54.51722031290576 136.6
13661 54.52118111916809 136.61
13662 54.52514191692504 136.62
13663 54.52910270490502 136.63
13664 54.53306350147655 136.64
13665 54.53702428130033 136.65
13666 54.54098504931204 136.66
13667 54.54494585972964 136.67
13668 54.54890661083691 136.68
13669 54.55286734667494 136.69
13670 54.55682812417047 136.7
13671 54.5607888341591 136.71
13672 54.56474948045668 136.72
13673 54.56871011032003 136.73
13674 54.57267083203529 136.74
13675 54.57663154654045 136.75
13676 54.58059225449992 136.76
13677 54.58455295411675 136.77
13678 54.58851367684095 136.78
13679 54.59247439113038 136.79
13680 54.59643510030845 136.8
13681 54.60039583370899 136.81
13682 54.60435652927977 136.82
13683 54.60831724615608 136.83
13684 54.6122779274959 136.84
13685 54.61623860741987 136.85
13686 54.62019927121035 136.86
13687 54.62415994865376 136.87
13688 54.62812060176903 136.88
13689 54.63208124746676 136.89
13690 54.63604191425436 136.9
13691 54.64000254354354 136.91
13692 54.6439631610971 136.92
13693 54.64792379166963 136.93
13694 54.65188439415887 136.94
13695 54.65584502934319 136.95
13696 54.65980566082298 136.96
13697 54.66376633617059 136.97
13698 54.667727008554 136.98
13699 54.67168769601579 136.99
13700 54.67564844141643 137
13701 54.67960914586013 137.01
13702 54.6835698498615 137.02
13703 54.68753053393229 137.03
13704 54.69149126093302 137.04
13705 54.69545195114108 137.05
13706 54.69941263313058 137.06
13707 54.70337336990403 137.07
13708 54.70733404278214 137.08
13709 54.71129470388873 137.09
13710 54.7152553643857 137.1
13711 54.71921601972166 137.11
13712 54.7231766692097 137.12
13713 54.72713731396289 137.13
13714 54.73109795224947 137.14
13715 54.73505858594997 137.15
13716 54.73901921288375 137.16
13717 54.74297983518085 137.17
13718 54.74694048125807 137.18
13719 54.75090108812516 137.19
13720 54.75486170180225 137.2
13721 54.75882237226827 137.21
13722 54.76278305027966 137.22
13723 54.76674368340575 137.23
13724 54.77070431196849 137.24
13725 54.77466493906473 137.25
13726 54.77862554477835 137.26
13727 54.78258614506319 137.27
13728 54.78654683751313 137.28
13729 54.79050748496473 137.29
13730 54.79446821308218 137.3
13731 54.79842893958802 137.31
13732 54.80238966777146 137.32
13733 54.80635038438263 137.33
13734 54.81031110584166 137.34
13735 54.81427182487627 137.35
13736 54.81823254219266 137.36
13737 54.82219325679144 137.37
13738 54.8261540266173 137.38
13739 54.83011472601636 137.39
13740 54.83407542630972 137.4
13741 54.83803612696209 137.41
13742 54.84199682240069 137.42
13743 54.84595752225876 137.43
13744 54.84991821408276 137.44
13745 54.85387890973667 137.45
13746 54.8578395965812 137.46
13747 54.86180028618141 137.47
13748 54.86576097576683 137.48
13749 54.86972165905564 137.49
13750 54.87368234240184 137.5
13751 54.87764301753609 137.51
13752 54.8816036912004 137.52
13753 54.88556436172331 137.53
13754 54.88952503711814 137.54
13755 54.89348566434369 137.55
13756 54.8974462877156 137.56
13757 54.90140690807284 137.57
13758 54.90536751992675 137.58
13759 54.90932813231832 137.59
13760 54.91328876892882 137.6
13761 54.91724938258993 137.61
13762 54.92120999889165 137.62
13763 54.92517061780867 137.63
13764 54.92913122798187 137.64
13765 54.93309181253678 137.65
13766 54.93705239121886 137.66
13767 54.9410129658051 137.67
13768 54.94497353529927 137.68
13769 54.94893410138177 137.69
13770 54.9528946727453 137.7
13771 54.95685523791798 137.71
13772 54.96081579827006 137.72
13773 54.96477635836192 137.73
13774 54.9687369528172 137.74
13775 54.97269752179876 137.75
13776 54.97665809128255 137.76
13777 54.98061864366976 137.77
13778 54.98457925848508 137.78
13779 54.98853980606776 137.79
13780 54.99250038761637 137.8
13781 54.99646095563209 137.81
13782 55.0004215205278 137.82
13783 55.00438209880944 137.83
13784 55.00834269666299 137.84
13785 55.01230327250823 137.85
13786 55.0162638383761 137.86
13787 55.02022438426155 137.87
13788 55.02418493598332 137.88
13789 55.02814547293521 137.89
13790 55.03210600625194 137.9
13791 55.0360665329371 137.91
13792 55.04002705382059 137.92
13793 55.0439875662871 137.93
13794 55.04794807609986 137.94
13795 55.05190857721553 137.95
13796 55.05586907653201 137.96
13797 55.05982958229759 137.97
13798 55.06379007438532 137.98
13799 55.06775056871622 137.99
13800 55.07171105009508 138
13801 55.07567153029125 138.01
13802 55.07963200204523 138.02
13803 55.08359247078101 138.03
13804 55.0875529324699 138.04
13805 55.09151347993435 138.05
13806 55.09547401620415 138.06
13807 55.09943454233277 138.07
13808 55.10339505853851 138.08
13809 55.10735560513879 138.09
13810 55.11131615022349 138.1
13811 55.11527668537761 138.11
13812 55.11923722526936 138.12
13813 55.12319782385961 138.13
13814 55.12715835733916 138.14
13815 55.13111887966724 138.15
13816 55.13507943696039 138.16
13817 55.13903995316343 138.17
13818 55.1430004678423 138.18
13819 55.1469609715193 138.19
13820 55.15092148083748 138.2
13821 55.15488199242646 138.21
13822 55.15884250132445 138.22
13823 55.162802997422 138.23
13824 55.1667634959243 138.24
13825 55.17072399064577 138.25
13826 55.17468447700847 138.26
13827 55.17864496457991 138.27
13828 55.1826054428556 138.28
13829 55.18656591842123 138.29
13830 55.19052638814139 138.3
13831 55.19448685963959 138.31
13832 55.19844731909281 138.32
13833 55.20240777498664 138.33
13834 55.20636822564548 138.34
13835 55.2103286675183 138.35
13836 55.21428911475093 138.36
13837 55.21824955079022 138.37
13838 55.22220998453209 138.38
13839 55.22617035893517 138.39
13840 55.23013074605047 138.4
13841 55.23409112841978 138.41
13842 55.23805163797886 138.42
13843 55.24201214486362 138.43
13844 55.2459726544816 138.44
13845 55.2499331652436 138.45
13846 55.25389366918668 138.46
13847 55.25785417068936 138.47
13848 55.26181467025003 138.48
13849 55.26577518056819 138.49
13850 55.26973568178754 138.5
13851 55.27369617956055 138.51
13852 55.27765667938831 138.52
13853 55.2816171798444 138.53
13854 55.28557767620268 138.54
13855 55.28953816275808 138.55
13856 55.29349865560514 138.56
13857 55.29745913921366 138.57
13858 55.30141963016532 138.58
13859 55.30538011554518 138.59
13860 55.30934059774875 138.6
13861 55.31330108101572 138.61
13862 55.31726155279288 138.62
13863 55.32122203151579 138.63
13864 55.32518254873905 138.64
13865 55.32914302258413 138.65
13866 55.33310349256449 138.66
13867 55.33706396032537 138.67
13868 55.3410244338214 138.68
13869 55.3449848978402 138.69
13870 55.34894532738461 138.7
13871 55.35290579954155 138.71
13872 55.35686626630094 138.72
13873 55.36082673336519 138.73
13874 55.36478719469575 138.74
13875 55.36874764987092 138.75
13876 55.37270810116543 138.76
13877 55.37666854336802 138.77
13878 55.38062898629587 138.78
13879 55.38458941792786 138.79
13880 55.38854985546855 138.8
13881 55.39251028664525 138.81
13882 55.39647070708819 138.82
13883 55.40043119313054 138.83
13884 55.40439169099002 138.84
13885 55.40835220488519 138.85
13886 55.41231269829829 138.86
13887 55.41627319153177 138.87
13888 55.42023374206859 138.88
13889 55.4241942840744 138.89
13890 55.42815482017885 138.9
13891 55.4321153588066 138.91
13892 55.43607589597417 138.92
13893 55.44003643669744 138.93
13894 55.4439969625375 138.94
13895 55.44795749510139 138.95
13896 55.45191806501906 138.96
13897 55.45587863193737 138.97
13898 55.45983919515125 138.98
13899 55.46379976702632 138.99
13900 55.46776032565577 139
13901 55.47172087981286 139.01
13902 55.47568141450125 139.02
13903 55.47964196941875 139.03
13904 55.48360252159326 139.04
13905 55.48756305572954 139.05
13906 55.49152358287307 139.06
13907 55.4954841278627 139.07
13908 55.49944465532408 139.08
13909 55.50340522742894 139.09
13910 55.50736574509416 139.1
13911 55.51132628661018 139.11
13912 55.51528683075819 139.12
13913 55.51924737307629 139.13
13914 55.52320791872226 139.14
13915 55.52716845906317 139.15
13916 55.53112899571144 139.16
13917 55.53508949191581 139.17
13918 55.53904997537671 139.18
13919 55.54301045884722 139.19
13920 55.54697095591955 139.2
13921 55.55093143558197 139.21
13922 55.55489190251315 139.22
13923 55.55885237595457 139.23
13924 55.56281282765158 139.24
13925 55.56677327455301 139.25
13926 55.57073371599699 139.26
13927 55.57469415217022 139.27
13928 55.57865462162356 139.28
13929 55.58261509438496 139.29
13930 55.58657556736647 139.3
13931 55.59053603726129 139.31
13932 55.59449650005876 139.32
13933 55.59845695459001 139.33
13934 55.60241741120001 139.34
13935 55.60637787098169 139.35
13936 55.61033831761405 139.36
13937 55.61429876540871 139.37
13938 55.61825920496609 139.38
13939 55.6222196378611 139.39
13940 55.62618001749939 139.4
13941 55.63014039041482 139.41
13942 55.63410076158181 139.42
13943 55.63806115187415 139.43
13944 55.64202153980683 139.44
13945 55.64598193679404 139.45
13946 55.64994227968673 139.46
13947 55.65390265491705 139.47
13948 55.65786300813268 139.48
13949 55.66182334527269 139.49
13950 55.66578367462269 139.5
13951 55.66974400560375 139.51
13952 55.6737042805637 139.52
13953 55.67766450085455 139.53
13954 55.68162471831134 139.54
13955 55.68558489137046 139.55
13956 55.68954511840283 139.56
13957 55.69350533232822 139.57
13958 55.69746553488416 139.58
13959 55.70142582979898 139.59
13960 55.7053861243696 139.6
13961 55.70934640787465 139.61
13962 55.71330671292321 139.62
13963 55.71726701142867 139.63
13964 55.72122730595672 139.64
13965 55.72518759748444 139.65
13966 55.72914789589341 139.66
13967 55.73310819449648 139.67
13968 55.73706849243413 139.68
13969 55.74102878539908 139.69
13970 55.74498907452207 139.7
13971 55.74894935657702 139.71
13972 55.75290967213763 139.72
13973 55.75686994069412 139.73
13974 55.7608302542015 139.74
13975 55.76479051870567 139.75
13976 55.76875078370148 139.76
13977 55.77271104636628 139.77
13978 55.77667130683802 139.78
13979 55.78063156004484 139.79
13980 55.78459180316077 139.8
13981 55.78855206059614 139.81
13982 55.79251231872153 139.82
13983 55.79647257259209 139.83
13984 55.80043282282407 139.84
13985 55.80439307151513 139.85
13986 55.80835331893108 139.86
13987 55.8123135578965 139.87
13988 55.81627378766438 139.88
13989 55.8202340164065 139.89
13990 55.82419423583561 139.9
13991 55.82815445091146 139.91
13992 55.83211465946272 139.92
13993 55.83607485966041 139.93
13994 55.84003507599968 139.94
13995 55.84399528963606 139.95
13996 55.84795549655852 139.96
13997 55.8519156988737 139.97
13998 55.85587589814589 139.98
13999 55.85983609160389 139.99
14000 55.86379633970739 140
14001 55.86775652955787 140.01
14002 55.87171670684532 140.02
14003 55.87567688381725 140.03
14004 55.87963705273066 140.04
14005 55.88359722129149 140.05
14006 55.88755743524406 140.06
14007 55.8915175849022 140.07
14008 55.89547772510217 140.08
14009 55.89943786069347 140.09
14010 55.90339800882984 140.1
14011 55.90735812424201 140.11
14012 55.91131822987954 140.12
14013 55.91527832922085 140.13
14014 55.91923843223199 140.14
14015 55.92319852150865 140.15
14016 55.92715863377114 140.16
14017 55.93111877029971 140.17
14018 55.9350788731121 140.18
14019 55.93903900186049 140.19
14020 55.94299915266723 140.2
14021 55.94695924337906 140.21
14022 55.95091932600205 140.22
14023 55.95487940058386 140.23
14024 55.95883946784125 140.24
14025 55.96279952881673 140.25
14026 55.96675958916734 140.26
14027 55.97071963974324 140.27
14028 55.97467963562769 140.28
14029 55.97863962016763 140.29
14030 55.98259959734458 140.3
14031 55.98655956445496 140.31
14032 55.99051954046634 140.32
14033 55.99447951657133 140.33
14034 55.99843951067432 140.34
14035 56.00239952273357 140.35
14036 56.00635954598459 140.36
14037 56.01031952905559 140.37
14038 56.01427951218423 140.38
14039 56.01823948547298 140.39
14040 56.02219945470843 140.4
14041 56.0261594361848 140.41
14042 56.03011938421501 140.42
14043 56.03407932506168 140.43
14044 56.03803925191168 140.44
14045 56.04199924259193 140.45
14046 56.04595929347838 140.46
14047 56.04991927377716 140.47
14048 56.05387918359779 140.48
14049 56.05783910107012 140.49
14050 56.06179900472777 140.5
14051 56.0657589088176 140.51
14052 56.06971882027423 140.52
14053 56.07367878345403 140.53
14054 56.07763873330123 140.54
14055 56.08159867740277 140.55
14056 56.08555861318944 140.56
14057 56.08951855312804 140.57
14058 56.09347848260757 140.58
14059 56.09743843394416 140.59
14060 56.10139840098388 140.6
14061 56.10535834420894 140.61
14062 56.10931828139655 140.62
14063 56.11327825043404 140.63
14064 56.11723822216841 140.64
14065 56.12119813750419 140.65
14066 56.12515804655227 140.66
14067 56.12911798066963 140.67
14068 56.13307791478394 140.68
14069 56.13703786397529 140.69
14070 56.14099782073443 140.7
14071 56.14495778955678 140.71
14072 56.14891776491491 140.72
14073 56.15287772784217 140.73
14074 56.15683770124693 140.74
14075 56.16079764445055 140.75
14076 56.16475758599933 140.76
14077 56.168717529989 140.77
14078 56.17267746059884 140.78
14079 56.17663738087177 140.79
14080 56.1805972974946 140.8
14081 56.18455720933087 140.81
14082 56.18851712162963 140.82
14083 56.19247702165495 140.83
14084 56.19643691343698 140.84
14085 56.20039679933023 140.85
14086 56.20435669410152 140.86
14087 56.20831664243908 140.87
14088 56.21227658561448 140.88
14089 56.21623654459966 140.89
14090 56.2201964866472 140.9
14091 56.22415646319419 140.91
14092 56.22811643544855 140.92
14093 56.23207640783918 140.93
14094 56.23603637605823 140.94
14095 56.23999634116133 140.95
14096 56.24395630221269 140.96
14097 56.2479162554053 140.97
14098 56.2518762023246 140.98
14099 56.25583614851436 140.99
14100 56.25979609250871 141
14101 56.26375602996318 141.01
14102 56.26771596338924 141.02
14103 56.27167589291321 141.03
14104 56.27563582853624 141.04
14105 56.2795957550147 141.05
14106 56.28355567688349 141.06
14107 56.28751559297048 141.07
14108 56.29147550298217 141.08
14109 56.29543547138151 141.09
14110 56.29939541178021 141.1
14111 56.30335531536883 141.11
14112 56.30731521275528 141.12
14113 56.31127510243407 141.13
14114 56.3152349914037 141.14
14115 56.31919487190197 141.15
14116 56.32315475193489 141.16
14117 56.32711462331268 141.17
14118 56.33107449111872 141.18
14119 56.33503437699687 141.19
14120 56.33899422932425 141.2
14121 56.34295407671389 141.21
14122 56.34691392202691 141.22
14123 56.3508738259842 141.23
14124 56.35483376763717 141.24
14125 56.35879365513354 141.25
14126 56.36275354219583 141.26
14127 56.36671348161143 141.27
14128 56.3706734891183 141.28
14129 56.37463349026986 141.29
14130 56.37859351418878 141.3
14131 56.38255353616702 141.31
14132 56.38651355324572 141.32
14133 56.3904735694838 141.33
14134 56.39443357928911 141.34
14135 56.39839358661618 141.35
14136 56.40235358863429 141.36
14137 56.40631358711506 141.37
14138 56.410273583506 141.38
14139 56.41423357747786 141.39
14140 56.4181935767273 141.4
14141 56.42215356736305 141.41
14142 56.42611355523091 141.42
14143 56.43007354006494 141.43
14144 56.43403352504102 141.44
14145 56.43799350608493 141.45
14146 56.44195347836182 141.46
14147 56.44591344747438 141.47
14148 56.44987337762844 141.48
14149 56.45383330674618 141.49
14150 56.45779323248203 141.5
14151 56.46175320428108 141.51
14152 56.46571317320124 141.52
14153 56.46967315445221 141.53
14154 56.47363312711811 141.54
14155 56.47759309051655 141.55
14156 56.48155305202669 141.56
14157 56.48551301479141 141.57
14158 56.48947297545703 141.58
14159 56.49343292931113 141.59
14160 56.4973928832138 141.6
14161 56.50135282736667 141.61
14162 56.50531277679546 141.62
14163 56.50927271662496 141.63
14164 56.51323266839344 141.64
14165 56.51719264353987 141.65
14166 56.5211526196867 141.66
14167 56.52511258624993 141.67
14168 56.52907255423363 141.68
14169 56.53303252353265 141.69
14170 56.53699248770952 141.7
14171 56.54095244183602 141.71
14172 56.5449123407646 141.72
14173 56.54887224305823 141.73
14174 56.55283214475334 141.74
14175 56.55679204627317 141.75
14176 56.56075194608746 141.76
14177 56.56471184895703 141.77
14178 56.56867175394792 141.78
14179 56.57263165449252 141.79
14180 56.57659155589111 141.8
14181 56.58055147116681 141.81
14182 56.58451137477383 141.82
14183 56.58847127418849 141.83
14184 56.59243117680018 141.84
14185 56.59639107524822 141.85
14186 56.60035097049376 141.86
14187 56.60431086801714 141.87
14188 56.60827076293445 141.88
14189 56.61223065644441 141.89
14190 56.61619054891096 141.9
14191 56.62015044561858 141.91
14192 56.6241103429296 141.92
14193 56.62807023798128 141.93
14194 56.6320301311126 141.94
14195 56.63599002482133 141.95
14196 56.63994996217342 141.96
14197 56.64390985822509 141.97
14198 56.64786975546676 141.98
14199 56.65182964695593 141.99
14200 56.65578953494594 142
14201 56.65974941805992 142.01
14202 56.66370930175715 142.02
14203 56.66766918279963 142.03
14204 56.67162906247367 142.04
14205 56.67558891713797 142.05
14206 56.67954873247159 142.06
14207 56.68350854369979 142.07
14208 56.68746834672231 142.08
14209 56.6914281445546 142.09
14210 56.69538796507938 142.1
14211 56.69934778549066 142.11
14212 56.70330760515652 142.12
14213 56.70726742060079 142.13
14214 56.71122723488467 142.14
14215 56.71518704765155 142.15
14216 56.71914685991472 142.16
14217 56.72310666071432 142.17
14218 56.72706644991413 142.18
14219 56.73102622763759 142.19
14220 56.73498599439347 142.2
14221 56.73894578931098 142.21
14222 56.74290558333207 142.22
14223 56.74686537338497 142.23
14224 56.75082515969324 142.24
14225 56.7547849439535 142.25
14226 56.75874472456081 142.26
14227 56.76270445617523 142.27
14228 56.76666418103597 142.28
14229 56.77062392834424 142.29
14230 56.77458366648974 142.3
14231 56.77854341007651 142.31
14232 56.78250319276308 142.32
14233 56.78646292439908 142.33
14234 56.79042265388149 142.34
14235 56.79438238010803 142.35
14236 56.79834210313351 142.36
14237 56.80230182403538 142.37
14238 56.8062615788955 142.38
14239 56.81022132922202 142.39
14240 56.81418107698251 142.4
14241 56.8181408253799 142.41
14242 56.82210057158876 142.42
14243 56.82606031235117 142.43
14244 56.83002005303656 142.44
14245 56.83397979160759 142.45
14246 56.83793949351201 142.46
14247 56.84189919218425 142.47
14248 56.84585888591875 142.48
14249 56.84981858387531 142.49
14250 56.85377827457338 142.5
14251 56.8577378998894 142.51
14252 56.86169752045348 142.52
14253 56.86565713957518 142.53
14254 56.86961675847157 142.54
14255 56.87357640058036 142.55
14256 56.87753604118569 142.56
14257 56.88149573155898 142.57
14258 56.88545536823869 142.58
14259 56.88941500512144 142.59
14260 56.89337463848415 142.6
14261 56.89733427118119 142.61
14262 56.90129390252373 142.62
14263 56.90525353337028 142.63
14264 56.90921316294087 142.64
14265 56.91317279173559 142.65
14266 56.91713242280197 142.66
14267 56.92109205030104 142.67
14268 56.9250516750064 142.68
14269 56.92901129826573 142.69
14270 56.93297092059786 142.7
14271 56.93693053957676 142.71
14272 56.94089015416548 142.72
14273 56.94484976861736 142.73
14274 56.94880937804062 142.74
14275 56.95276898651181 142.75
14276 56.95672858995243 142.76
14277 56.96068819380449 142.77
14278 56.9646477945411 142.78
14279 56.9686073944994 142.79
14280 56.97256698794547 142.8
14281 56.97652657756714 142.81
14282 56.98048616596553 142.82
14283 56.98444575342842 142.83
14284 56.98840533775047 142.84
14285 56.99236491570389 142.85
14286 56.99632450444717 142.86
14287 57.00028408246878 142.87
14288 57.00424365641852 142.88
14289 57.00820322347816 142.89
14290 57.01216278805931 142.9
14291 57.01612235400051 142.91
14292 57.02008191634599 142.92
14293 57.0240414729293 142.93
14294 57.02800102691585 142.94
14295 57.03196057841187 142.95
14296 57.03592012791409 142.96
14297 57.03987966738589 142.97
14298 57.04383921200759 142.98
14299 57.047798751848 142.99
14300 57.05175830224772 143
14301 57.05571784636183 143.01
14302 57.05967737656024 143.02
14303 57.0636369142411 143.03
14304 57.0675964402799 143.04
14305 57.0715559657493 143.05
14306 57.07551548553998 143.06
14307 57.07947500282637 143.07
14308 57.08343451876586 143.08
14309 57.08739402040526 143.09
14310 57.09135352493338 143.1
14311 57.09531301936534 143.11
14312 57.09927252548415 143.12
14313 57.10323201444631 143.13
14314 57.10719150326157 143.14
14315 57.11115098326208 143.15
14316 57.11511046059798 143.16
14317 57.11906995075901 143.17
14318 57.12302950231945 143.18
14319 57.12698898580814 143.19
14320 57.13094847060066 143.2
14321 57.13490794630882 143.21
14322 57.13886743394087 143.22
14323 57.14282697073073 143.23
14324 57.14678644206474 143.24
14325 57.15074590528633 143.25
14326 57.15470536915601 143.26
14327 57.15866483020151 143.27
14328 57.16262434281464 143.28
14329 57.16658379961667 143.29
14330 57.17054324293832 143.3
14331 57.17450268903782 143.31
14332 57.17846214192426 143.32
14333 57.18242160041806 143.33
14334 57.18638102830238 143.34
14335 57.19034045184768 143.35
14336 57.19429987417784 143.36
14337 57.19825929372851 143.37
14338 57.20221871036114 143.38
14339 57.20617812158095 143.39
14340 57.21013752664175 143.4
14341 57.21409693085488 143.41
14342 57.2180563254763 143.42
14343 57.22201572619385 143.43
14344 57.22597512375069 143.44
14345 57.22993450899217 143.45
14346 57.23389389656982 143.46
14347 57.23785326709613 143.47
14348 57.24181263445278 143.48
14349 57.24577199835841 143.49
14350 57.24973141997052 143.5
14351 57.25369082773683 143.51
14352 57.2576502231572 143.52
14353 57.26160964377505 143.53
14354 57.2655691071786 143.54
14355 57.26952862282678 143.55
14356 57.27348808568787 143.56
14357 57.27744756879983 143.57
14358 57.28140705963195 143.58
14359 57.28536653327473 143.59
14360 57.28932602711865 143.6
14361 57.29328554515394 143.61
14362 57.29724507583563 143.62
14363 57.30120458394512 143.63
14364 57.30516409982485 143.64
14365 57.30912355663212 143.65
14366 57.31308302836671 143.66
14367 57.31704240880362 143.67
14368 57.32100176518805 143.68
14369 57.32496114475909 143.69
14370 57.32892051447257 143.7
14371 57.33287986533126 143.71
14372 57.33683922744875 143.72
14373 57.34079858181663 143.73
14374 57.34475791932324 143.74
14375 57.34871727913085 143.75
14376 57.35267657856135 143.76
14377 57.35663586423652 143.77
14378 57.36059517780267 143.78
14379 57.36455448217118 143.79
14380 57.36851378191123 143.8
14381 57.37247307895136 143.81
14382 57.37643236532079 143.82
14383 57.38039168460818 143.83
14384 57.38435105557181 143.84
14385 57.3883103605171 143.85
14386 57.39226965926498 143.86
14387 57.39622895869918 143.87
14388 57.40018825118731 143.88
14389 57.40414754015717 143.89
14390 57.40810688240104 143.9
14391 57.41206624088088 143.91
14392 57.41602559391961 143.92
14393 57.41998496746432 143.93
14394 57.42394431696589 143.94
14395 57.42790364366865 143.95
14396 57.43186299077882 143.96
14397 57.43582232932297 143.97
14398 57.43978166480243 143.98
14399 57.44374102191952 143.99
14400 57.44770037447967 144
14401 57.4516597200854 144.01
14402 57.45561905849592 144.02
14403 57.45957839295226 144.03
14404 57.46353771876859 144.04
14405 57.46749704777609 144.05
14406 57.47145636581155 144.06
14407 57.47541567798134 144.07
14408 57.47937498737398 144.08
14409 57.48333428872162 144.09
14410 57.48729358863989 144.1
14411 57.49125287786397 144.11
14412 57.49521222250182 144.12
14413 57.49917159781056 144.13
14414 57.50313093668643 144.14
14415 57.50709030778065 144.15
14416 57.51104965884884 144.16
14417 57.5150089923831 144.17
14418 57.51896832135723 144.18
14419 57.52292764823167 144.19
14420 57.52688697083312 144.2
14421 57.53084629218706 144.21
14422 57.53480560816782 144.22
14423 57.53876491724692 144.23
14424 57.54272421908123 144.24
14425 57.54668351405653 144.25
14426 57.55064280213006 144.26
14427 57.55460213513515 144.27
14428 57.55856146824606 144.28
14429 57.56252080060722 144.29
14430 57.56648013186181 144.3
14431 57.57043950361541 144.31
14432 57.57439887145244 144.32
14433 57.57835819743634 144.33
14434 57.58231752278439 144.34
14435 57.5862768427723 144.35
14436 57.59023616188596 144.36
14437 57.59419551139902 144.37
14438 57.59815482704775 144.38
14439 57.60211413647316 144.39
14440 57.60607344456253 144.4
14441 57.61003275251159 144.41
14442 57.61399206786164 144.42
14443 57.61795137245834 144.43
14444 57.62191068876763 144.44
14445 57.62587000309657 144.45
14446 57.62982931463423 144.46
14447 57.63378862227322 144.47
14448 57.63774792496878 144.48
14449 57.64170722635418 144.49
14450 57.64566654375799 144.5
14451 57.64962589170035 144.51
14452 57.65358520476757 144.52
14453 57.65754451602205 144.53
14454 57.66150382307519 144.54
14455 57.6654631382241 144.55
14456 57.66942244473081 144.56
14457 57.67338175578885 144.57
14458 57.67734105310576 144.58
14459 57.68130035028549 144.59
14460 57.68525965238982 144.6
14461 57.68921894552826 144.61
14462 57.69317822963413 144.62
14463 57.69713751566125 144.63
14464 57.70109679759454 144.64
14465 57.7050560776696 144.65
14466 57.70901535133899 144.66
14467 57.71297462208676 144.67
14468 57.71693389788403 144.68
14469 57.72089316256933 144.69
14470 57.72485243249355 144.7
14471 57.72881169073469 144.71
14472 57.73277094451961 144.72
14473 57.73673019625835 144.73
14474 57.74068944106077 144.74
14475 57.74464869090823 144.75
14476 57.74860793214266 144.76
14477 57.75256717088003 144.77
14478 57.75652644365059 144.78
14479 57.76048567386476 144.79
14480 57.76444489873247 144.8
14481 57.76840411926126 144.81
14482 57.77236333280013 144.82
14483 57.77632255196379 144.83
14484 57.78028176096464 144.84
14485 57.78424096609862 144.85
14486 57.78820015700639 144.86
14487 57.79215935133996 144.87
14488 57.79611854146864 144.88
14489 57.80007772803724 144.89
14490 57.80403698863829 144.9
14491 57.80799625184326 144.91
14492 57.81195550429708 144.92
14493 57.81591475507339 144.93
14494 57.81987400112788 144.94
14495 57.82383324085173 144.95
14496 57.82779250937238 144.96
14497 57.83175178972039 144.97
14498 57.8357110922307 144.98
14499 57.83967036181252 144.99
14500 57.84362969311938 145
14501 57.84758896057045 145.01
14502 57.8515482250323 145.02
14503 57.85550748904212 145.03
14504 57.85946675071582 145.04
14505 57.86342601203459 145.05
14506 57.86738527084144 145.06
14507 57.87134452944142 145.07
14508 57.8753037896641 145.08
14509 57.87926304570261 145.09
14510 57.88322230282385 145.1
14511 57.88718155712005 145.11
14512 57.89114080817291 145.12
14513 57.8951000684429 145.13
14514 57.89905934824916 145.14
14515 57.90301860605742 145.15
14516 57.90697787077699 145.16
14517 57.91093712996266 145.17
14518 57.91489639041978 145.18
14519 57.9188556391485 145.19
14520 57.92281489405575 145.2
14521 57.92677414895148 145.21
14522 57.93073340253761 145.22
14523 57.93469266467562 145.23
14524 57.93865191150786 145.24
14525 57.94261115789421 145.25
14526 57.94657041675167 145.26
14527 57.95052967784582 145.27
14528 57.95448893861408 145.28
14529 57.95844820335027 145.29
14530 57.96240745734089 145.3
14531 57.96636669979723 145.31
14532 57.97032596410928 145.32
14533 57.97428521009745 145.33
14534 57.97824445546115 145.34
14535 57.98220367744097 145.35
14536 57.98616289853297 145.36
14537 57.99012209638519 145.37
14538 57.99408130832573 145.38
14539 57.9980405174236 145.39
14540 58.00199971476475 145.4
14541 58.00595891753589 145.41
14542 58.00991810972472 145.42
14543 58.01387730471263 145.43
14544 58.01783643743796 145.44
14545 58.02179555411698 145.45
14546 58.02575468415773 145.46
14547 58.02971380788027 145.47
14548 58.03367295332725 145.48
14549 58.0376320788147 145.49
14550 58.0415911506125 145.5
14551 58.04555022395108 145.51
14552 58.04950926506103 145.52
14553 58.05346828809132 145.53
14554 58.05742731746211 145.54
14555 58.06138636941149 145.55
14556 58.06534542321137 145.56
14557 58.06930445078102 145.57
14558 58.07326348512333 145.58
14559 58.07722251432362 145.59
14560 58.08118152826732 145.6
14561 58.08514052026407 145.61
14562 58.08909960041583 145.62
14563 58.09305865226234 145.63
14564 58.0970177042642 145.64
14565 58.10097674871265 145.65
14566 58.10493578448241 145.66
14567 58.1088948614207 145.67
14568 58.11285392791878 145.68
14569 58.11681299446771 145.69
14570 58.12077206461797 145.7
14571 58.12473112345013 145.71
14572 58.12869018599358 145.72
14573 58.13264923788165 145.73
14574 58.13660827948353 145.74
14575 58.14056732702814 145.75
14576 58.14452636452017 145.76
14577 58.1484854013407 145.77
14578 58.15244442592773 145.78
14579 58.15640340532251 145.79
14580 58.1603623828867 145.8
14581 58.16432135805668 145.81
14582 58.16828033246232 145.82
14583 58.17223929568788 145.83
14584 58.17619824928887 145.84
14585 58.1801572025534 145.85
14586 58.18411617700136 145.86
14587 58.1880751602236 145.87
14588 58.19203412970745 145.88
14589 58.19599314416855 145.89
14590 58.19995209735485 145.9
14591 58.20391105928321 145.91
14592 58.20787001281123 145.92
14593 58.21182895884156 145.93
14594 58.2157879648632 145.94
14595 58.21974697255105 145.95
14596 58.22370597929 145.96
14597 58.2276649782283 145.97
14598 58.2316239685789 145.98
14599 58.23558296347353 145.99
14600 58.2395419552513 146
14601 58.2435009460384 146.01
14602 58.24745993134942 146.02
14603 58.25141891186359 146.03
14604 58.25537788001582 146.04
14605 58.25933684959496 146.05
14606 58.26329583516057 146.06
14607 58.26725483736168 146.07
14608 58.27121388727689 146.08
14609 58.275172795975 146.09
14610 58.27913169125333 146.1
14611 58.28309059129063 146.11
14612 58.28704950484986 146.12
14613 58.29100839314032 146.13
14614 58.29496730529039 146.14
14615 58.29892616576954 146.15
14616 58.3028850553896 146.16
14617 58.30684395268402 146.17
14618 58.31080283003122 146.18
14619 58.31476167116854 146.19
14620 58.31872053510614 146.2
14621 58.32267940986176 146.21
14622 58.32663824840883 146.22
14623 58.33059707914992 146.23
14624 58.33455588775026 146.24
14625 58.33851468570213 146.25
14626 58.34247350604326 146.26
14627 58.34643233668767 146.27
14628 58.35039109479557 146.28
14629 58.35434986918421 146.29
14630 58.35830871550625 146.3
14631 58.3622675671773 146.31
14632 58.3662264273468 146.32
14633 58.37018526022837 146.33
14634 58.37414416062335 146.34
14635 58.37810299836609 146.35
14636 58.3820618559412 146.36
14637 58.38602066221603 146.37
14638 58.38997947420013 146.38
14639 58.39393833188187 146.39
14640 58.39789715543894 146.4
14641 58.40185597445209 146.41
14642 58.40581478611277 146.42
14643 58.40977353353503 146.43
14644 58.41373231571492 146.44
14645 58.41769109233211 146.45
14646 58.42164986967911 146.46
14647 58.42560863813991 146.47
14648 58.42956739854 146.48
14649 58.43352612202635 146.49
14650 58.43748484622347 146.5
14651 58.44144356386926 146.51
14652 58.44540236959278 146.52
14653 58.44936111342253 146.53
14654 58.45331984532278 146.54
14655 58.45727857184817 146.55
14656 58.46123730112581 146.56
14657 58.46519600718121 146.57
14658 58.46915474307549 146.58
14659 58.47311349061525 146.59
14660 58.47707218683527 146.6
14661 58.48103086685714 146.61
14662 58.48498956539148 146.62
14663 58.48894825006475 146.63
14664 58.49290698219479 146.64
14665 58.49686575736352 146.65
14666 58.50082449961979 146.66
14667 58.50478322007596 146.67
14668 58.50874194210463 146.68
14669 58.51270068774052 146.69
14670 58.51665942544993 146.7
14671 58.52061813892489 146.71
14672 58.52457685953205 146.72
14673 58.52853557672118 146.73
14674 58.53249428977003 146.74
14675 58.53645299412537 146.75
14676 58.54041172161583 146.76
14677 58.54437043459096 146.77
14678 58.54832914576894 146.78
14679 58.55228785885414 146.79
14680 58.55624656287624 146.8
14681 58.56020526203966 146.81
14682 58.56416396578734 146.82
14683 58.56812266829909 146.83
14684 58.57208135730473 146.84
14685 58.57604003728805 146.85
14686 58.57999875165126 146.86
14687 58.58395744635738 146.87
14688 58.58791614634402 146.88
14689 58.59187484316631 146.89
14690 58.59583353153695 146.9
14691 58.59979221573387 146.91
14692 58.60375089796374 146.92
14693 58.60770957881162 146.93
14694 58.61166829889261 146.94
14695 58.61562701619377 146.95
14696 58.61958572448351 146.96
14697 58.62354443025387 146.97
14698 58.62750313742757 146.98
14699 58.6314618470624 146.99
14700 58.63542055606295 147
14701 58.63937925804635 147.01
14702 58.64333801711222 147.02
14703 58.64729676734353 147.03
14704 58.65125550880201 147.04
14705 58.65521424747428 147.05
14706 58.65917298170263 147.06
14707 58.66313172864752 147.07
14708 58.66709046529061 147.08
14709 58.67104918638469 147.09
14710 58.67500791155291 147.1
14711 58.6789666365306 147.11
14712 58.68292541572449 147.12
14713 58.68688418845423 147.13
14714 58.69084296867042 147.14
14715 58.69480175005785 147.15
14716 58.69876052659225 147.16
14717 58.70271930037045 147.17
14718 58.70667807440664 147.18
14719 58.71063685461719 147.19
14720 58.71459565225777 147.2
14721 58.71855445355154 147.21
14722 58.72251322103509 147.22
14723 58.72647193282234 147.23
14724 58.73043067111564 147.24
14725 58.73438938635832 147.25
14726 58.73834808231606 147.26
14727 58.74230681960037 147.27
14728 58.74626551721515 147.28
14729 58.75022421784053 147.29
14730 58.75418291136486 147.3
14731 58.75814159191691 147.31
14732 58.76210033764143 147.32
14733 58.76605902902062 147.33
14734 58.77001769935453 147.34
14735 58.7739764238795 147.35
14736 58.77793513113215 147.36
14737 58.78189382482986 147.37
14738 58.78585251435302 147.38
14739 58.78981120449424 147.39
14740 58.79377002631339 147.4
14741 58.79772879545961 147.41
14742 58.8016875919249 147.42
14743 58.80564638281714 147.43
14744 58.80960514139413 147.44
14745 58.81356388069239 147.45
14746 58.81752261427231 147.46
14747 58.82148135580304 147.47
14748 58.82544010211497 147.48
14749 58.82939884664543 147.49
14750 58.83335760128545 147.5
14751 58.83731633619001 147.51
14752 58.84127505651757 147.52
14753 58.84523380496988 147.53
14754 58.84919252120891 147.54
14755 58.85315125409198 147.55
14756 58.85710996131152 147.56
14757 58.86106869011498 147.57
14758 58.8650274242535 147.58
14759 58.86898612008164 147.59
14760 58.87294481831307 147.6
14761 58.87690350375925 147.61
14762 58.8808622525914 147.62
14763 58.88482093900457 147.63
14764 58.8887796884004 147.64
14765 58.89273840834392 147.65
14766 58.8966971044397 147.66
14767 58.90065578826815 147.67
14768 58.90461449437197 147.68
14769 58.90857318284385 147.69
14770 58.91253192333248 147.7
14771 58.91649061324922 147.71
14772 58.92044932929888 147.72
14773 58.92440803684576 147.73
14774 58.92836674611272 147.74
14775 58.93232547177066 147.75
14776 58.93628417603088 147.76
14777 58.94024287540092 147.77
14778 58.94420149316906 147.78
14779 58.94816012917565 147.79
14780 58.95211875013753 147.8
14781 58.95607738570435 147.81
14782 58.9600360079985 147.82
14783 58.96399466258838 147.83
14784 58.96795330192491 147.84
14785 58.971911928876 147.85
14786 58.97587056015942 147.86
14787 58.97982918389435 147.87
14788 58.98378778564494 147.88
14789 58.98774642621946 147.89
14790 58.99170507333743 147.9
14791 58.99566367774756 147.91
14792 58.99962228497139 147.92
14793 59.00358088797022 147.93
14794 59.0075394848772 147.94
14795 59.01149810880355 147.95
14796 59.01545662608812 147.96
14797 59.01941513793619 147.97
14798 59.02337364607479 147.98
14799 59.02733215748842 147.99
14800 59.03129065759853 148
14801 59.03524916096493 148.01
14802 59.03920765569606 148.02
14803 59.04316615416055 148.03
14804 59.0471246516241 148.04
14805 59.05108314938762 148.05
14806 59.05504164376346 148.06
14807 59.05900013732456 148.07
14808 59.06295863494188 148.08
14809 59.06691713123156 148.09
14810 59.07087566329694 148.1
14811 59.07483421680195 148.11
14812 59.07879276116846 148.12
14813 59.08275129122724 148.13
14814 59.08670982667556 148.14
14815 59.09066838422456 148.15
14816 59.09462695549874 148.16
14817 59.09858549193817 148.17
14818 59.10254402161195 148.18
14819 59.10650256158102 148.19
14820 59.11046111631323 148.2
14821 59.11441964541447 148.21
14822 59.11837821466487 148.22
14823 59.12233675956365 148.23
14824 59.12629531117614 148.24
14825 59.13025385251005 148.25
14826 59.1342124662112 148.26
14827 59.13817101061993 148.27
14828 59.14212956059637 148.28
14829 59.1460880821599 148.29
14830 59.15004657441097 148.3
14831 59.15400509389293 148.31
14832 59.15796360216125 148.32
14833 59.16192209270518 148.33
14834 59.16588058592468 148.34
14835 59.16983910161348 148.35
14836 59.17379755019813 148.36
14837 59.1777559869298 148.37
14838 59.18171442780947 148.38
14839 59.18567290522822 148.39
14840 59.18963131393279 148.4
14841 59.19358975585158 148.41
14842 59.19754819415476 148.42
14843 59.20150657553557 148.43
14844 59.20546494171099 148.44
14845 59.20942328833929 148.45
14846 59.21338162037372 148.46
14847 59.21733997408163 148.47
14848 59.22129833202563 148.48
14849 59.22525668285736 148.49
14850 59.22921504280758 148.5
14851 59.23317337515159 148.51
14852 59.23713172453979 148.52
14853 59.24109007947878 148.53
14854 59.24504841848312 148.54
14855 59.2490067808551 148.55
14856 59.25296516014706 148.56
14857 59.25692357324481 148.57
14858 59.26088194568652 148.58
14859 59.26484024778457 148.59
14860 59.26879855365549 148.6
14861 59.27275688182138 148.61
14862 59.27671520746144 148.62
14863 59.28067352248222 148.63
14864 59.28463180968178 148.64
14865 59.28859011010944 148.65
14866 59.29254841443827 148.66
14867 59.29650672981679 148.67
14868 59.30046506171736 148.68
14869 59.30442337888022 148.69
14870 59.30838172270897 148.7
14871 59.31234001724154 148.71
14872 59.31629829947968 148.72
14873 59.32025658855919 148.73
14874 59.32421486091345 148.74
14875 59.32817319933783 148.75
14876 59.33213144182594 148.76
14877 59.33608961846092 148.77
14878 59.34004778526206 148.78
14879 59.34400599595335 148.79
14880 59.34796418128788 148.8
14881 59.35192236608462 148.81
14882 59.3558805476958 148.82
14883 59.35983873847901 148.83
14884 59.36379693867553 148.84
14885 59.36775517278195 148.85
14886 59.37171345399128 148.86
14887 59.37567170808239 148.87
14888 59.37962997322938 148.88
14889 59.38358823095223 148.89
14890 59.38754649859663 148.9
14891 59.39150470013465 148.91
14892 59.39546299195834 148.92
14893 59.39942126221325 148.93
14894 59.40337952492933 148.94
14895 59.40733778656265 148.95
14896 59.41129604490234 148.96
14897 59.41525431196761 148.97
14898 59.41921260710495 148.98
14899 59.42317091637808 148.99
14900 59.42712921876289 149
14901 59.43108751430517 149.01
14902 59.43504581494739 149.02
14903 59.43900408322776 149.03
14904 59.44296235191485 149.04
14905 59.44692059565301 149.05
14906 59.45087882931389 149.06
14907 59.45483712139951 149.07
14908 59.45879537271505 149.08
14909 59.46275369622384 149.09
14910 59.4667120234606 149.1
14911 59.47067034530101 149.11
14912 59.47462865808411 149.12
14913 59.47858695983447 149.13
14914 59.4825452410001 149.14
14915 59.48650349579485 149.15
14916 59.49046180285853 149.16
14917 59.4944201128325 149.17
14918 59.49837841782913 149.18
14919 59.50233671604239 149.19
14920 59.5062950131702 149.2
14921 59.51025325625407 149.21
14922 59.51421149385158 149.22
14923 59.51816973398635 149.23
14924 59.52212795812285 149.24
14925 59.52608617049433 149.25
14926 59.5300443816659 149.26
14927 59.53400257509829 149.27
14928 59.53796075334817 149.28
14929 59.54191893226051 149.29
14930 59.54587716421068 149.3
14931 59.5498353877059 149.31
14932 59.55379361377906 149.32
14933 59.55775183690275 149.33
14934 59.56171004835983 149.34
14935 59.565668266163 149.35
14936 59.56962648111914 149.36
14937 59.5735846953358 149.37
14938 59.57754289737983 149.38
14939 59.58150109481619 149.39
14940 59.58545929354099 149.4
14941 59.58941748287334 149.41
14942 59.59337566982644 149.42
14943 59.59733383821003 149.43
14944 59.60129204752694 149.44
14945 59.60525024276735 149.45
14946 59.60920843385281 149.46
14947 59.61316663177467 149.47
14948 59.61712480824345 149.48
14949 59.62108298583114 149.49
14950 59.62504116316701 149.5
14951 59.62899932943474 149.51
14952 59.63295749517395 149.52
14953 59.63691564226737 149.53
14954 59.64087384586662 149.54
14955 59.64483197390761 149.55
14956 59.64879015350425 149.56
14957 59.65274834698988 149.57
14958 59.6567065171755 149.58
14959 59.66066467692912 149.59
14960 59.66462286932926 149.6
14961 59.66858102394702 149.61
14962 59.67253916870195 149.62
14963 59.67649731789058 149.63
14964 59.68045537373617 149.64
14965 59.68441342797245 149.65
14966 59.68837148014354 149.66
14967 59.69232952850929 149.67
14968 59.69628757929009 149.68
14969 59.70024562782235 149.69
14970 59.70420367817587 149.7
14971 59.70816172492773 149.71
14972 59.71211977161238 149.72
14973 59.71607780995796 149.73
14974 59.72003584184122 149.74
14975 59.72399387895957 149.75
14976 59.72795189937672 149.76
14977 59.73190991753448 149.77
14978 59.7358679275478 149.78
14979 59.73982596214216 149.79
14980 59.74378396939419 149.8
14981 59.74774196488599 149.81
14982 59.75169995400354 149.82
14983 59.75565792802135 149.83
14984 59.75961597995211 149.84
14985 59.76357400834551 149.85
14986 59.76753202410459 149.86
14987 59.77149003019735 149.87
14988 59.77544802703409 149.88
14989 59.77940601018992 149.89
14990 59.78336405547684 149.9
14991 59.78732209366347 149.91
14992 59.79128013484423 149.92
14993 59.79523817061264 149.93
14994 59.79919619975812 149.94
14995 59.80315422393657 149.95
14996 59.80711224792541 149.96
14997 59.81107029088232 149.97
14998 59.8150283011861 149.98
14999 59.81898630907992 149.99
15000 59.82294431119714 150
15001 59.82690231133535 150.01
15002 59.83086030548203 150.02
15003 59.8348182953458 150.03
15004 59.83877629699433 150.04
15005 59.84273423084478 150.05
15006 59.84669214777635 150.06
15007 59.85065006840262 150.07
15008 59.85460798593755 150.08
15009 59.85856590247783 150.09
15010 59.86252380840099 150.1
15011 59.86648174887777 150.11
15012 59.87043968662243 150.12
15013 59.87439761784982 150.13
15014 59.87835554682186 150.14
15015 59.88231347083634 150.15
15016 59.88627148782763 150.16
15017 59.8902295489353 150.17
15018 59.89418756990929 150.18
15019 59.89814558222561 150.19
15020 59.90210359651165 150.2
15021 59.90606160247234 150.21
15022 59.91001960777916 150.22
15023 59.91397761348013 150.23
15024 59.91793561809695 150.24
15025 59.92189358713249 150.25
15026 59.92585156175522 150.26
15027 59.92980954531804 150.27
15028 59.93376751047523 150.28
15029 59.93772547108715 150.29
15030 59.94168342819288 150.3
15031 59.94564138318753 150.31
15032 59.94959933613293 150.32
15033 59.95355729035457 150.33
15034 59.95751523486302 150.34
15035 59.96147318185573 150.35
15036 59.96543112649123 150.36
15037 59.96938907025419 150.37
15038 59.97334701091791 150.38
15039 59.97730495037679 150.39
15040 59.98126288993614 150.4
15041 59.98522082477518 150.41
15042 59.9891787542238 150.42
15043 59.99313668423009 150.43
15044 59.99709460885706 150.44
15045 60.00105255217197 150.45
15046 60.00501048471503 150.46
15047 60.00896841515159 150.47
15048 60.01292632777705 150.48
15049 60.01688422508739 150.49
15050 60.02084216989024 150.5
15051 60.02480004320673 150.51
15052 60.02875797278469 150.52
15053 60.03271592763348 150.53
15054 60.03667386589014 150.54
15055 60.04063178351772 150.55
15056 60.0445897010112 150.56
15057 60.04854761479162 150.57
15058 60.05250552937172 150.58
15059 60.05646345361505 150.59
15060 60.06042137402605 150.6
15061 60.06437929147899 150.61
15062 60.06833720068396 150.62
15063 60.07229512594649 150.63
15064 60.07625308662721 150.64
15065 60.08021101464321 150.65
15066 60.08416893882454 150.66
15067 60.08812686425314 150.67
15068 60.0920847861578 150.68
15069 60.09604271164883 150.69
15070 60.1000006363648 150.7
15071 60.10395855081018 150.71
15072 60.10791645938419 150.72
15073 60.11187437475193 150.73
15074 60.11583229576713 150.74
15075 60.11979020975632 150.75
15076 60.12374812615211 150.76
15077 60.12770603390914 150.77
15078 60.13166399834427 150.78
15079 60.13562190180966 150.79
15080 60.13957980267066 150.8
15081 60.14353769587245 150.81
15082 60.14749563182842 150.82
15083 60.15145352640332 150.83
15084 60.15541142373789 150.84
15085 60.15936931637951 150.85
15086 60.16332720973434 150.86
15087 60.16728511639315 150.87
15088 60.1712430653155 150.88
15089 60.1752009515976 150.89
15090 60.17915883766464 150.9
15091 60.18311672008858 150.91
15092 60.18707460389254 150.92
15093 60.19103248341554 150.93
15094 60.19499036583759 150.94
15095 60.19894824284781 150.95
15096 60.20290613065232 150.96
15097 60.20686401527639 150.97
15098 60.21082191619423 150.98
15099 60.21477978629763 150.99
15100 60.21873765291623 151
15101 60.22269552232389 151.01
15102 60.22665339075539 151.02
15103 60.23061125573068 151.03
15104 60.23456911834529 151.04
15105 60.23852697936374 151.05
15106 60.24248483704185 151.06
15107 60.24644269246171 151.07
15108 60.25040054295552 151.08
15109 60.25435839362264 151.09
15110 60.25831623814648 151.1
15111 60.2622741287318 151.11
15112 60.2662319850594 151.12
15113 60.27018984040185 151.13
15114 60.27414769322903 151.14
15115 60.27810556267627 151.15
15116 60.28206341274606 151.16
15117 60.28602125911898 151.17
15118 60.28997913113537 151.18
15119 60.29393695632014 151.19
15120 60.29789477960063 151.2
15121 60.30185259987088 151.21
15122 60.30581041790605 151.22
15123 60.30976822487189 151.23
15124 60.31372603746198 151.24
15125 60.31768385285619 151.25
15126 60.32164166688709 151.26
15127 60.3255994775555 151.27
15128 60.32955733036356 151.28
15129 60.3335151480746 151.29
15130 60.33747296172123 151.3
15131 60.34143076329398 151.31
15132 60.34538856901779 151.32
15133 60.34934636898012 151.33
15134 60.35330416685083 151.34
15135 60.35726194768483 151.35
15136 60.36121973679528 151.36
15137 60.36517752952909 151.37
15138 60.36913530983185 151.38
15139 60.37309308599754 151.39
15140 60.37705087675589 151.4
15141 60.38100868875904 151.41
15142 60.38496646310004 151.42
15143 60.38892428846395 151.43
15144 60.39288208005766 151.44
15145 60.39683987459603 151.45
15146 60.40079761527921 151.46
15147 60.40475535730919 151.47
15148 60.40871305308178 151.48
15149 60.41267074161339 151.49
15150 60.41662842849418 151.5
15151 60.42058610668239 151.51
15152 60.42454378294414 151.52
15153 60.42850146120396 151.53
15154 60.43245913804623 151.54
15155 60.43641681056919 151.55
15156 60.4403744811388 151.56
15157 60.44433214767656 151.57
15158 60.44828982032514 151.58
15159 60.45224748688602 151.59
15160 60.45620514924023 151.6
15161 60.46016280807824 151.61
15162 60.46412046169399 151.62
15163 60.46807811834439 151.63
15164 60.4720358270116 151.64
15165 60.47599354592585 151.65
15166 60.47995124893002 151.66
15167 60.48390896073271 151.67
15168 60.48786667098787 151.68
15169 60.49182436748002 151.69
15170 60.49578211070382 151.7
15171 60.49973984798914 151.71
15172 60.50369758269159 151.72
15173 60.50765530922821 151.73
15174 60.51161303971107 151.74
15175 60.51557080781498 151.75
15176 60.51952853794566 151.76
15177 60.52348625348738 151.77
15178 60.52744397094344 151.78
15179 60.53140167758725 151.79
15180 60.5353593801202 151.8
15181 60.53931708174462 151.81
15182 60.54327478964325 151.82
15183 60.54723251268693 151.83
15184 60.55119022900865 151.84
15185 60.55514790902933 151.85
15186 60.5591055893675 151.86
15187 60.56306326258824 151.87
15188 60.56702092964824 151.88
15189 60.57097859305166 151.89
15190 60.57493625942583 151.9
15191 60.57889393117475 151.91
15192 60.58285159266563 151.92
15193 60.5868092496882 151.93
15194 60.59076692367969 151.94
15195 60.59472457378262 151.95
15196 60.59868221536595 151.96
15197 60.60263985193608 151.97
15198 60.6065974846252 151.98
15199 60.61055511458031 151.99
15200 60.61451273837921 152
15201 60.61847029605022 152.01
15202 60.62242783528897 152.02
15203 60.62638539478694 152.03
15204 60.63034297721249 152.04
15205 60.63430054834127 152.05
15206 60.63825814410447 152.06
15207 60.64221573038117 152.07
15208 60.64617332074427 152.08
15209 60.65013088929648 152.09
15210 60.6540884515193 152.1
15211 60.65804600930899 152.11
15212 60.66200355104176 152.12
15213 60.66596108338859 152.13
15214 60.66991859792124 152.14
15215 60.67387613296107 152.15
15216 60.67783368963924 152.16
15217 60.68179127454653 152.17
15218 60.68574881020324 152.18
15219 60.68970632855328 152.19
15220 60.69366383278264 152.2
15221 60.69762131980082 152.21
15222 60.70157879607044 152.22
15223 60.70553626618322 152.23
15224 60.70949373086696 152.24
15225 60.71345117744127 152.25
15226 60.71740868433616 152.26
15227 60.72136617639273 152.27
15228 60.72532365680738 152.28
15229 60.72928112589132 152.29
15230 60.73323858127016 152.3
15231 60.73719607956326 152.31
15232 60.74115363339176 152.32
15233 60.7451111782321 152.33
15234 60.74906871899635 152.34
15235 60.75302619124065 152.35
15236 60.75698365992767 152.36
15237 60.76094115940958 152.37
15238 60.76489859635497 152.38
15239 60.76885601995181 152.39
15240 60.77281343618748 152.4
15241 60.77677084282015 152.41
15242 60.78072824277233 152.42
15243 60.78468563254503 152.43
15244 60.78864301424848 152.44
15245 60.79260038473151 152.45
15246 60.79655774723034 152.46
15247 60.80051509839988 152.47
15248 60.80447244026355 152.48
15249 60.80842983346224 152.49
15250 60.81238722318607 152.5
15251 60.81634461100104 152.51
15252 60.82030199411813 152.52
15253 60.82425937445088 152.53
15254 60.82821675400406 152.54
15255 60.8321741265065 152.55
15256 60.83613144613381 152.56
15257 60.84008876304745 152.57
15258 60.84404609910557 152.58
15259 60.84800346665326 152.59
15260 60.85196077733153 152.6
15261 60.85591807846137 152.61
15262 60.85987537504678 152.62
15263 60.8638326639343 152.63
15264 60.86778994244025 152.64
15265 60.87174721336364 152.65
15266 60.87570447329632 152.66
15267 60.87966172953922 152.67
15268 60.88361897670592 152.68
15269 60.88757620848056 152.69
15270 60.89153342626727 152.7
15271 60.89549064233836 152.71
15272 60.8994479388375 152.72
15273 60.90340522136196 152.73
15274 60.90736250221869 152.74
15275 60.91131976627565 152.75
15276 60.91527701728459 152.76
15277 60.91923425974228 152.77
15278 60.92319149079383 152.78
15279 60.92714874247377 152.79
15280 60.93110598666767 152.8
15281 60.935063230875 152.81
15282 60.93902046605074 152.82
15283 60.94297769535955 152.83
15284 60.94693492156662 152.84
15285 60.95089213957275 152.85
15286 60.95484934614447 152.86
15287 60.95880655007301 152.87
15288 60.9627637398477 152.88
15289 60.96672092022894 152.89
15290 60.97067808815711 152.9
15291 60.97463527098832 152.91
15292 60.97859244474515 152.92
15293 60.98254961788051 152.93
15294 60.98650683294539 152.94
15295 60.99046399170812 152.95
15296 60.99442114182392 152.96
15297 60.99837836175734 152.97
15298 61.00233551771289 152.98
15299 61.0062926663884 152.99
15300 61.01024980603452 153
15301 61.01420693885035 153.01
15302 61.01816406790554 153.02
15303 61.02212119067153 153.03
15304 61.02607837383061 153.04
15305 61.03003555499893 153.05
15306 61.03399272894704 153.06
15307 61.03794989597697 153.07
15308 61.04190705746636 153.08
15309 61.04586421671087 153.09
15310 61.04982149884783 153.1
15311 61.05377872827224 153.11
15312 61.05773595640454 153.12
15313 61.06169325014118 153.13
15314 61.06565049209843 153.14
15315 61.06960772972269 153.15
15316 61.07356496440471 153.16
15317 61.07752219232511 153.17
15318 61.08147941985874 153.18
15319 61.0854366806061 153.19
15320 61.08939389815601 153.2
15321 61.09335115497742 153.21
15322 61.09730836088804 153.22
15323 61.10126556218421 153.23
15324 61.10522276339337 153.24
15325 61.10917999835441 153.25
15326 61.11313723132341 153.26
15327 61.11709446493059 153.27
15328 61.12105169480304 153.28
15329 61.12500891657037 153.29
15330 61.12896613778432 153.3
15331 61.13292335318265 153.31
15332 61.13688056535344 153.32
15333 61.14083777769076 153.33
15334 61.14479498542494 153.34
15335 61.1487521894086 153.35
15336 61.15270939196725 153.36
15337 61.15666658815407 153.37
15338 61.16062378893422 153.38
15339 61.16458098499258 153.39
15340 61.16853817987888 153.4
15341 61.17249537230122 153.41
15342 61.17645255921567 153.42
15343 61.18040973890621 153.43
15344 61.1843669168931 153.44
15345 61.1883240951864 153.45
15346 61.19228128314363 153.46
15347 61.19623845688165 153.47
15348 61.20019562429805 153.48
15349 61.20415280706138 153.49
15350 61.20810998478866 153.5
15351 61.21206716292426 153.51
15352 61.21602434071463 153.52
15353 61.21998151449241 153.53
15354 61.22393868892448 153.54
15355 61.22789585588202 153.55
15356 61.2318530192179 153.56
15357 61.23581018377279 153.57
15358 61.23976734241003 153.58
15359 61.24372449793402 153.59
15360 61.24768165162699 153.6
15361 61.25163879764149 153.61
15362 61.25559594778491 153.62
15363 61.259553087671 153.63
15364 61.26351019910243 153.64
15365 61.26746730142344 153.65
15366 61.27142439268388 153.66
15367 61.27538147137503 153.67
15368 61.27933860400003 153.68
15369 61.28329576253793 153.69
15370 61.28725294675627 153.7
15371 61.29121013978764 153.71
15372 61.29516729168274 153.72
15373 61.29912444049668 153.73
15374 61.30308158621953 153.74
15375 61.30703872865217 153.75
15376 61.3109958685923 153.76
15377 61.31495300642588 153.77
15378 61.31891014095025 153.78
15379 61.32286727301018 153.79
15380 61.32682440077244 153.8
15381 61.33078155885556 153.81
15382 61.33473871508966 153.82
15383 61.33869586894093 153.83
15384 61.34265301880456 153.84
15385 61.3466101659441 153.85
15386 61.35056731081336 153.86
15387 61.35452445319034 153.87
15388 61.35848159316766 153.88
15389 61.36243872966867 153.89
15390 61.3663958628045 153.9
15391 61.37035299277821 153.91
15392 61.37431012219955 153.92
15393 61.37826720197605 153.93
15394 61.38222427900631 153.94
15395 61.38618135206237 153.95
15396 61.39013842205808 153.96
15397 61.39409548990814 153.97
15398 61.39805260125037 153.98
15399 61.40200971186174 153.99
15400 61.40596682153084 154
15401 61.40992392733838 154.01
15402 61.41388103117387 154.02
15403 61.41783818675624 154.03
15404 61.42179534153151 154.04
15405 61.42575249152817 154.05
15406 61.42970963970531 154.06
15407 61.43366683936489 154.07
15408 61.43762402843686 154.08
15409 61.44158117156824 154.09
15410 61.44553825573185 154.1
15411 61.44949533800371 154.11
15412 61.4534524187405 154.12
15413 61.45740949670794 154.13
15414 61.46136657146252 154.14
15415 61.46532364285996 154.15
15416 61.46928071240623 154.16
15417 61.47323777785711 154.17
15418 61.47719484213477 154.18
15419 61.48115190196268 154.19
15420 61.48510896119753 154.2
15421 61.48906601463351 154.21
15422 61.49302306601697 154.22
15423 61.49698010788759 154.23
15424 61.5009371472668 154.24
15425 61.50489419666229 154.25
15426 61.50885128703899 154.26
15427 61.5128084002224 154.27
15428 61.51676549114465 154.28
15429 61.52072255982805 154.29
15430 61.52467964692245 154.3
15431 61.52863672205869 154.31
15432 61.53259380032787 154.32
15433 61.53655086332756 154.33
15434 61.54050795411726 154.34
15435 61.54446506205068 154.35
15436 61.54842215973039 154.36
15437 61.55237919876311 154.37
15438 61.55633623624168 154.38
15439 61.56029327157405 154.39
15440 61.56425030464199 154.4
15441 61.56820733387644 154.41
15442 61.57216439186159 154.42
15443 61.57612141868074 154.43
15444 61.58007844300872 154.44
15445 61.58403545944086 154.45
15446 61.58799246230367 154.46
15447 61.59194947136022 154.47
15448 61.59590648975399 154.48
15449 61.59986351220365 154.49
15450 61.60382053156451 154.5
15451 61.60777756909901 154.51
15452 61.61173459370429 154.52
15453 61.61569159016646 154.53
15454 61.61964865159842 154.54
15455 61.62360568566454 154.55
15456 61.62756273310011 154.56
15457 61.63151974392271 154.57
15458 61.63547675199498 154.58
15459 61.63943375994643 154.59
15460 61.64339076421131 154.6
15461 61.64734776999916 154.61
15462 61.65130476852018 154.62
15463 61.65526176921134 154.63
15464 61.65921881089598 154.64
15465 61.66317579973079 154.65
15466 61.66713279911575 154.66
15467 61.67108979956539 154.67
15468 61.67504679975488 154.68
15469 61.67900380002033 154.69
15470 61.68296078507014 154.7
15471 61.68691777605258 154.71
15472 61.69087480452026 154.72
15473 61.6948318115063 154.73
15474 61.69878882323894 154.74
15475 61.70274586331665 154.75
15476 61.70670287330618 154.76
15477 61.71065989424496 154.77
15478 61.71461696767848 154.78
15479 61.71857391453369 154.79
15480 61.72253092587761 154.8
15481 61.72648790834226 154.81
15482 61.73044488408867 154.82
15483 61.73440186011555 154.83
15484 61.73835882815367 154.84
15485 61.74231579598595 154.85
15486 61.74627284378349 154.86
15487 61.75022983537961 154.87
15488 61.75418688124124 154.88
15489 61.75814386563484 154.89
15490 61.76210091732734 154.9
15491 61.7660579668221 154.91
15492 61.77001501834799 154.92
15493 61.77397207074898 154.93
15494 61.77792909982017 154.94
15495 61.78188615521699 154.95
15496 61.78584325114019 154.96
15497 61.78980031269866 154.97
15498 61.7937573746679 154.98
15499 61.79771443541017 154.99
15500 61.80167149514762 155
15501 61.8056285240653 155.01
15502 61.80958554309258 155.02
15503 61.81354255294504 155.03
15504 61.81749955823776 155.04
15505 61.82145651868411 155.05
15506 61.82541349375948 155.06
15507 61.8293704948498 155.07
15508 61.83332745912968 155.08
15509 61.83728439379671 155.09
15510 61.84124132301843 155.1
15511 61.84519828694152 155.11
15512 61.84915525392812 155.12
15513 61.85311222080544 155.13
15514 61.85706918492037 155.14
15515 61.8610261482297 155.15
15516 61.86498305342207 155.16
15517 61.86893996046205 155.17
15518 61.87289686077995 155.18
15519 61.87685376110869 155.19
15520 61.88081065774844 155.2
15521 61.88476755179766 155.21
15522 61.88872444336894 155.22
15523 61.8926813373261 155.23
15524 61.89663822078486 155.24
15525 61.90059509986444 155.25
15526 61.9045519738853 155.26
15527 61.90850884079372 155.27
15528 61.91246570280978 155.28
15529 61.91642255826403 155.29
15530 61.9203793984382 155.3
15531 61.92433627237934 155.31
15532 61.92829317050976 155.32
15533 61.9322501030382 155.33
15534 61.93620699574187 155.34
15535 61.9401638820603 155.35
15536 61.94412076421521 155.36
15537 61.94807764044705 155.37
15538 61.95203450775388 155.38
15539 61.95599136244797 155.39
15540 61.95994821116604 155.4
15541 61.96390505303482 155.41
15542 61.96786188334769 155.42
15543 61.97181869528432 155.43
15544 61.97577549383269 155.44
15545 61.97973234021531 155.45
15546 61.98368918376358 155.46
15547 61.98764604737627 155.47
15548 61.99160290515534 155.48
15549 61.99555975719387 155.49
15550 61.9995166033444 155.5
15551 62.00347343992934 155.51
15552 62.00743029278578 155.52
15553 62.0113871135211 155.53
15554 62.01534392524813 155.54
15555 62.01930072557283 155.55
15556 62.02325751321433 155.56
15557 62.02721428978911 155.57
15558 62.03117105290124 155.58
15559 62.03512791457359 155.59
15560 62.0390847299457 155.6
15561 62.04304157666871 155.61
15562 62.04699837632464 155.62
15563 62.05095524383144 155.63
15564 62.05491206760858 155.64
15565 62.05886888545963 155.65
15566 62.06282570038475 155.66
15567 62.06678250641407 155.67
15568 62.07073930690844 155.68
15569 62.0746960969701 155.69
15570 62.07865287873367 155.7
15571 62.082609650696 155.71
15572 62.08656641515013 155.72
15573 62.09052317010185 155.73
15574 62.09447991312676 155.74
15575 62.09843671315242 155.75
15576 62.10239351154137 155.76
15577 62.106350306902 155.77
15578 62.1103070963796 155.78
15579 62.11426388295652 155.79
15580 62.11822068995995 155.8
15581 62.12217749386016 155.81
15582 62.12613429369078 155.82
15583 62.13009109314004 155.83
15584 62.13404788954388 155.84
15585 62.13800468671354 155.85
15586 62.14196147202055 155.86
15587 62.14591825286369 155.87
15588 62.14987497338963 155.88
15589 62.15383168684824 155.89
15590 62.15778838280428 155.9
15591 62.16174507188518 155.91
15592 62.16570175365133 155.92
15593 62.16965842456116 155.93
15594 62.17361516130059 155.94
15595 62.17757189707215 155.95
15596 62.18152862754563 155.96
15597 62.18548538306953 155.97
15598 62.18944211566176 155.98
15599 62.19339883444275 155.99
15600 62.19735554395164 156
15601 62.20131225736104 156.01
15602 62.2052689487745 156.02
15603 62.20922565409008 156.03
15604 62.21318235086737 156.04
15605 62.21713903681324 156.05
15606 62.22109573793209 156.06
15607 62.22505240654213 156.07
15608 62.22900907345141 156.08
15609 62.23296573498322 156.09
15610 62.2369223939574 156.1
15611 62.24087902609307 156.11
15612 62.24483565086734 156.12
15613 62.2487922857772 156.13
15614 62.25274888594967 156.14
15615 62.25670547076029 156.15
15616 62.26066205955985 156.16
15617 62.26461867316773 156.17
15618 62.26857523442006 156.18
15619 62.27253188502859 156.19
15620 62.27648843857605 156.2
15621 62.2804450180707 156.21
15622 62.28440155572229 156.22
15623 62.2883581156393 156.23
15624 62.29231464193023 156.24
15625 62.29627120188211 156.25
15626 62.3002277456163 156.26
15627 62.30418433095353 156.27
15628 62.3081409122956 156.28
15629 62.31209751157026 156.29
15630 62.31605408439368 156.3
15631 62.32001066361562 156.31
15632 62.32396725090038 156.32
15633 62.32792387278485 156.33
15634 62.33188049133577 156.34
15635 62.3358371232352 156.35
15636 62.33979373619966 156.36
15637 62.3437504208896 156.37
15638 62.34770705871277 156.38
15639 62.35166369951912 156.39
15640 62.3556203637888 156.4
15641 62.35957701686044 156.41
15642 62.36353364841924 156.42
15643 62.36749030346486 156.43
15644 62.3714469631452 156.44
15645 62.3754035898219 156.45
15646 62.37936023341275 156.46
15647 62.38331685833074 156.47
15648 62.38727348125627 156.48
15649 62.39123011190977 156.49
15650 62.39518672874944 156.5
15651 62.39914334936659 156.51
15652 62.40309996956401 156.52
15653 62.40705658536745 156.53
15654 62.41101319933955 156.54
15655 62.41496981048555 156.55
15656 62.41892642112608 156.56
15657 62.42288302547636 156.57
15658 62.42683962959129 156.58
15659 62.43079622840902 156.59
15660 62.4347528259639 156.6
15661 62.4387094213311 156.61
15662 62.44266601340054 156.62
15663 62.44662254525272 156.63
15664 62.45057903583812 156.64
15665 62.45453552525724 156.65
15666 62.45849201082778 156.66
15667 62.46244849332343 156.67
15668 62.4664049658787 156.68
15669 62.47036143740154 156.69
15670 62.47431797125717 156.7
15671 62.47827449803796 156.71
15672 62.48223106294327 156.72
15673 62.48618758408032 156.73
15674 62.49014410591258 156.74
15675 62.4941006209398 156.75
15676 62.49805712890136 156.76
15677 62.50201363609366 156.77
15678 62.50597013940447 156.78
15679 62.50992663695536 156.79
15680 62.51388313199568 156.8
15681 62.51783963352889 156.81
15682 62.52179611818298 156.82
15683 62.52575260104784 156.83
15684 62.52970908389673 156.84
15685 62.53366555779668 156.85
15686 62.53762203425789 156.86
15687 62.54157854574179 156.87
15688 62.5455350268007 156.88
15689 62.54949148704416 156.89
15690 62.55344793981075 156.9
15691 62.55740438975825 156.91
15692 62.56136084035955 156.92
15693 62.5653172852473 156.93
15694 62.56927372188548 156.94
15695 62.57323016793814 156.95
15696 62.57718659529277 156.96
15697 62.58114302606307 156.97
15698 62.58509945108824 156.98
15699 62.58905586984213 156.99
15700 62.59301227925044 157
15701 62.59696868614148 157.01
15702 62.60092509757974 157.02
15703 62.60488149381726 157.03
15704 62.60883784649788 157.04
15705 62.61279418700886 157.05
15706 62.6167505260549 157.06
15707 62.6207068551646 157.07
15708 62.62466318005625 157.08
15709 62.62861949592458 157.09
15710 62.632575807964 157.1
15711 62.63653211640554 157.11
15712 62.64048840927293 157.12
15713 62.64444472659802 157.13
15714 62.64840102988007 157.14
15715 62.65235734225814 157.15
15716 62.65631363280924 157.16
15717 62.6602699482683 157.17
15718 62.66422623713763 157.18
15719 62.6681825039223 157.19
15720 62.67213882715404 157.2
15721 62.6760951542223 157.21
15722 62.68005157418287 157.22
15723 62.68400795500656 157.23
15724 62.68796432116819 157.24
15725 62.69192062701418 157.25
15726 62.69587692056827 157.26
15727 62.69983320750793 157.27
15728 62.70378957833999 157.28
15729 62.7077458620393 157.29
15730 62.71170214404186 157.3
15731 62.71565842257114 157.31
15732 62.71961469427117 157.32
15733 62.72357098950621 157.33
15734 62.7275272525016 157.34
15735 62.73148352097811 157.35
15736 62.73543977680765 157.36
15737 62.73939603475827 157.37
15738 62.74335228917272 157.38
15739 62.74730854209609 157.39
15740 62.75126479302783 157.4
15741 62.7552210369486 157.41
15742 62.75917727867912 157.42
15743 62.7631335251373 157.43
15744 62.76708976256341 157.44
15745 62.77104599844161 157.45
15746 62.77500222572233 157.46
15747 62.77895845261801 157.47
15748 62.78291467854434 157.48
15749 62.78687089660336 157.49
15750 62.79082711626636 157.5
15751 62.79478333048725 157.51
15752 62.79873954592912 157.52
15753 62.80269572293852 157.53
15754 62.80665189188524 157.54
15755 62.8106080632884 157.55
15756 62.81456423727537 157.56
15757 62.81852052930724 157.57
15758 62.82247674131041 157.58
15759 62.82643295183603 157.59
15760 62.8303891270715 157.6
15761 62.83434527398546 157.61
15762 62.83830145647268 157.62
15763 62.84225763514073 157.63
15764 62.84621380671433 157.64
15765 62.85016997518825 157.65
15766 62.85412614033956 157.66
15767 62.85808229475789 157.67
15768 62.8620384437112 157.68
15769 62.86599457760175 157.69
15770 62.86995069762923 157.7
15771 62.87390681211052 157.71
15772 62.87786294867642 157.72
15773 62.88181908064273 157.73
15774 62.8857752080058 157.74
15775 62.88973133135892 157.75
15776 62.89368749356112 157.76
15777 62.89764360953652 157.77
15778 62.90159977776651 157.78
15779 62.90555597025628 157.79
15780 62.90951216176848 157.8
15781 62.91346832208257 157.81
15782 62.91742452163143 157.82
15783 62.92138070295746 157.83
15784 62.92533687675071 157.84
15785 62.92929305529281 157.85
15786 62.93324922258584 157.86
15787 62.93720539796387 157.87
15788 62.94116159246107 157.88
15789 62.9451177850673 157.89
15790 62.94907397972456 157.9
15791 62.95303021023603 157.91
15792 62.9569864216603 157.92
15793 62.9609426537837 157.93
15794 62.96489885405594 157.94
15795 62.96885504566909 157.95
15796 62.97281121601176 157.96
15797 62.97676738168581 157.97
15798 62.98072355063689 157.98
15799 62.98467971349154 157.99
15800 62.98863586880136 158
15801 62.99259200287408 158.01
15802 62.99654813307534 158.02
15803 63.00050425072452 158.03
15804 63.00446037190817 158.04
15805 63.00841654042281 158.05
15806 63.01237269683018 158.06
15807 63.01632884746864 158.07
15808 63.02028499663002 158.08
15809 63.02424120544713 158.09
15810 63.02819741170769 158.1
15811 63.03215365877538 158.11
15812 63.03610990914538 158.12
15813 63.04006615252112 158.13
15814 63.04402245239612 158.14
15815 63.0479787008817 158.15
15816 63.05193494481367 158.16
15817 63.05589122551278 158.17
15818 63.05984741566016 158.18
15819 63.06380359936988 158.19
15820 63.06775978230912 158.2
15821 63.07171595304605 158.21
15822 63.07567212321366 158.22
15823 63.07962829061358 158.23
15824 63.08358445890565 158.24
15825 63.08754061292354 158.25
15826 63.09149677366911 158.26
15827 63.09545292605392 158.27
15828 63.09940906697059 158.28
15829 63.10336523058834 158.29
15830 63.10732135507754 158.3
15831 63.11127750328521 158.31
15832 63.11523365859694 158.32
15833 63.11918981413215 158.33
15834 63.12314595831752 158.34
15835 63.12710216283159 158.35
15836 63.13105830763303 158.36
15837 63.13501446904419 158.37
15838 63.13897059583667 158.38
15839 63.1429266615668 158.39
15840 63.14688272233769 158.4
15841 63.15083881947363 158.41
15842 63.15479490550302 158.42
15843 63.15875098367654 158.43
15844 63.16270706820282 158.44
15845 63.16666315104237 158.45
15846 63.17061922937945 158.46
15847 63.17457530862501 158.47
15848 63.17853138942142 158.48
15849 63.1824874886324 158.49
15850 63.18644358772242 158.5
15851 63.190399683759 158.51
15852 63.19435576161685 158.52
15853 63.19831183644074 158.53
15854 63.20226790618431 158.54
15855 63.20622400068617 158.55
15856 63.21018008148797 158.56
15857 63.21413615840717 158.57
15858 63.21809222789463 158.58
15859 63.22204833007883 158.59
15860 63.22600438710278 158.6
15861 63.22996044674933 158.61
15862 63.23391651468833 158.62
15863 63.23787286388183 158.63
15864 63.24182918708972 158.64
15865 63.24578549209144 158.65
15866 63.24974178173972 158.66
15867 63.25369806584786 158.67
15868 63.25765441646268 158.68
15869 63.26161075741204 158.69
15870 63.26556708296272 158.7
15871 63.26952339115046 158.71
15872 63.27347972601337 158.72
15873 63.27743604706505 158.73
15874 63.28139243616273 158.74
15875 63.28534881556884 158.75
15876 63.28930518659082 158.76
15877 63.29326154395456 158.77
15878 63.29721784434733 158.78
15879 63.30117400606564 158.79
15880 63.30513013387039 158.8
15881 63.30908622695981 158.81
15882 63.31304190692632 158.82
15883 63.31699765831034 158.83
15884 63.32095394992587 158.84
15885 63.32491027466892 158.85
15886 63.32886664789942 158.86
15887 63.3328230076288 158.87
15888 63.33677909331416 158.88
15889 63.34073507723637 158.89
15890 63.34469105282589 158.9
15891 63.34864702135463 158.91
15892 63.35260267019075 158.92
15893 63.35655836047808 158.93
15894 63.36051403173443 158.94
15895 63.36446982917369 158.95
15896 63.36842560656949 158.96
15897 63.37238139489692 158.97
15898 63.37633717954546 158.98
15899 63.38029293860681 158.99
15900 63.38424888181038 159
15901 63.38820482619587 159.01
15902 63.39216082382173 159.02
15903 63.39611672487537 159.03
15904 63.40007262558613 159.04
15905 63.40402862791711 159.05
15906 63.40798459601213 159.06
15907 63.41194053892386 159.07
15908 63.41589651588773 159.08
15909 63.41985247598144 159.09
15910 63.42380843571136 159.1
15911 63.42776438757458 159.11
15912 63.43172031328045 159.12
15913 63.43567622973195 159.13
15914 63.43963214630087 159.14
15915 63.44358803692005 159.15
15916 63.44754392009916 159.16
15917 63.45149979320679 159.17
15918 63.45545565641778 159.18
15919 63.4594114940094 159.19
15920 63.46336732949435 159.2
15921 63.46732315820968 159.21
15922 63.47127897591386 159.22
15923 63.47523480739339 159.23
15924 63.47919059839946 159.24
15925 63.48314637924327 159.25
15926 63.48710215412048 159.26
15927 63.49105791528535 159.27
15928 63.49501366521 159.28
15929 63.49896940979677 159.29
15930 63.50292514307515 159.3
15931 63.50688088554243 159.31
15932 63.51083661497377 159.32
15933 63.51479233426056 159.33
15934 63.5187480461833 159.34
15935 63.52270375485693 159.35
15936 63.52665948095478 159.36
15937 63.5306151721533 159.37
15938 63.53457091797024 159.38
15939 63.53852660257181 159.39
15940 63.54248227770256 159.4
15941 63.54643794919036 159.41
15942 63.55039364126816 159.42
15943 63.55434930038638 159.43
15944 63.55830496112778 159.44
15945 63.56226062198347 159.45
15946 63.56621616237 159.46
15947 63.5701723596467 159.47
15948 63.57412850078983 159.48
15949 63.57808409228804 159.49
15950 63.58204063121961 159.5
15951 63.5859971668273 159.51
15952 63.5899530019046 159.52
15953 63.59390963586507 159.53
15954 63.59786547143219 159.54
15955 63.60182212018711 159.55
15956 63.60577797285522 159.56
15957 63.60973462695133 159.57
15958 63.61369128387837 159.58
15959 63.61764797444088 159.59
15960 63.62160464306375 159.6
15961 63.62556132567947 159.61
15962 63.62951801057753 159.62
15963 63.63347463922798 159.63
15964 63.63743121953903 159.64
15965 63.64138650117874 159.65
15966 63.64534326757538 159.66
15967 63.64929976574506 159.67
15968 63.65325594962544 159.68
15969 63.65721184296407 159.69
15970 63.66116770416946 159.7
15971 63.66512356391372 159.71
15972 63.66907941478957 159.72
15973 63.6730352619786 159.73
15974 63.67699110741197 159.74
15975 63.68094694305405 159.75
15976 63.68490277286175 159.76
15977 63.68885860347793 159.77
15978 63.69281445007437 159.78
15979 63.69677029569962 159.79
15980 63.70072613792066 159.8
15981 63.70468197102324 159.81
15982 63.70863777816419 159.82
15983 63.71259360040551 159.83
15984 63.71654942754128 159.84
15985 63.72050526874879 159.85
15986 63.7244611068465 159.86
15987 63.72841695834617 159.87
15988 63.73237278791439 159.88
15989 63.73632861784117 159.89
15990 63.74028444077552 159.9
15991 63.74424025670552 159.91
15992 63.74819607350284 159.92
15993 63.75215188239468 159.93
15994 63.756107686757 159.94
15995 63.76006348583303 159.95
15996 63.7640188977373 159.96
15997 63.7679742883531 159.97
15998 63.77192959630231 159.98
15999 63.77588543200157 159.99
16000 63.77984121080644 160
16001 63.78379697307378 160.01
16002 63.78775270046288 160.02
16003 63.7917084089511 160.03
16004 63.79566417753175 160.04
16005 63.79961993178304 160.05
16006 63.80357572481471 160.06
16007 63.80753150735353 160.07
16008 63.81148724172235 160.08
16009 63.81544300696308 160.09
16010 63.8193987483303 160.1
16011 63.82335448876485 160.11
16012 63.82731026379358 160.12
16013 63.83126601299919 160.13
16014 63.83522176765071 160.14
16015 63.83917751768479 160.15
16016 63.84313327691622 160.16
16017 63.84708904520379 160.17
16018 63.85104478432781 160.18
16019 63.85500058845352 160.19
16020 63.85895633231987 160.2
16021 63.86291209394333 160.21
16022 63.86686787842005 160.22
16023 63.87082367804059 160.23
16024 63.87477949217902 160.24
16025 63.87873526582766 160.25
16026 63.88269103511981 160.26
16027 63.88664681502074 160.27
16028 63.89060250396148 160.28
16029 63.89455816444647 160.29
16030 63.89851390557101 160.3
16031 63.90246960534659 160.31
16032 63.90642524393779 160.32
16033 63.91038090088846 160.33
16034 63.91433656199651 160.34
16035 63.91829222187166 160.35
16036 63.92224787107995 160.36
16037 63.92620353433819 160.37
16038 63.93015922177859 160.38
16039 63.93411491381726 160.39
16040 63.93807063720901 160.4
16041 63.94202628350941 160.41
16042 63.94598193395824 160.42
16043 63.94993759561562 160.43
16044 63.95389322429424 160.44
16045 63.95784890861407 160.45
16046 63.961804543383 160.46
16047 63.96576019136005 160.47
16048 63.96971583554023 160.48
16049 63.97367149425421 160.49
16050 63.97762717954607 160.5
16051 63.98158282812459 160.51
16052 63.98553848186109 160.52
16053 63.98949410517189 160.53
16054 63.9934497532582 160.54
16055 63.99740542088276 160.55
16056 64.00136103790476 160.56
16057 64.00531667616528 160.57
16058 64.00927231824448 160.58
16059 64.01322798737144 160.59
16060 64.01718362393947 160.6
16061 64.02113923619027 160.61
16062 64.02509485016834 160.62
16063 64.02905051218346 160.63
16064 64.03300615320397 160.64
16065 64.03696177019187 160.65
16066 64.04091735887324 160.66
16067 64.04487294145649 160.67
16068 64.04882868920586 160.68
16069 64.05278433098061 160.69
16070 64.05673999208886 160.7
16071 64.06069566508459 160.71
16072 64.06465133587508 160.72
16073 64.06860698295986 160.73
16074 64.07256263415789 160.74
16075 64.07651831368841 160.75
16076 64.08047398189851 160.76
16077 64.08442963049643 160.77
16078 64.0883852716852 160.78
16079 64.0923408685218 160.79
16080 64.09629646072543 160.8
16081 64.10025205981623 160.81
16082 64.10420766839198 160.82
16083 64.1081632665519 160.83
16084 64.11211886517975 160.84
16085 64.11607446802556 160.85
16086 64.12003001493055 160.86
16087 64.12398555815722 160.87
16088 64.12794109661417 160.88
16089 64.13189654406347 160.89
16090 64.13585203853894 160.9
16091 64.13980753727927 160.91
16092 64.14376304040027 160.92
16093 64.14771853827013 160.93
16094 64.15167403629599 160.94
16095 64.15562946101466 160.95
16096 64.15958487314842 160.96
16097 64.16354028756754 160.97
16098 64.16749569128829 160.98
16099 64.17145108702614 160.99
16100 64.1754064886269 161
16101 64.17936188345195 161.01
16102 64.18331727341733 161.02
16103 64.18727266551241 161.03
16104 64.19122805215453 161.04
16105 64.19518342994209 161.05
16106 64.19913882553455 161.06
16107 64.20309419975693 161.07
16108 64.20704958279634 161.08
16109 64.21100495875332 161.09
16110 64.21496031670021 161.1
16111 64.21891566193011 161.11
16112 64.2228710006971 161.12
16113 64.22682633770248 161.13
16114 64.23078170027198 161.14
16115 64.23473705114378 161.15
16116 64.23869244348231 161.16
16117 64.24264779970008 161.17
16118 64.24660318674026 161.18
16119 64.25055868787821 161.19
16120 64.25451409961592 161.2
16121 64.25846952666166 161.21
16122 64.26242497252747 161.22
16123 64.26638039187617 161.23
16124 64.2703358616216 161.24
16125 64.27429126188082 161.25
16126 64.2782466421674 161.26
16127 64.28220202788438 161.27
16128 64.28615746466816 161.28
16129 64.29011288772344 161.29
16130 64.2940683252052 161.3
16131 64.29802368047206 161.31
16132 64.30197901040302 161.32
16133 64.30593437751953 161.33
16134 64.30988967569807 161.34
16135 64.31384496947661 161.35
16136 64.31780031343138 161.36
16137 64.32175565398161 161.37
16138 64.32571099590774 161.38
16139 64.32966629549355 161.39
16140 64.33362159285659 161.4
16141 64.33757692682734 161.41
16142 64.34153218014461 161.42
16143 64.34548746501387 161.43
16144 64.34944273841688 161.44
16145 64.35339806264446 161.45
16146 64.35735339652007 161.46
16147 64.36130869014222 161.47
16148 64.36526402300137 161.48
16149 64.36921931587129 161.49
16150 64.37317460307621 161.5
16151 64.37712986565703 161.51
16152 64.38108512632971 161.52
16153 64.38504042341603 161.53
16154 64.38899563970432 161.54
16155 64.39295087296412 161.55
16156 64.39690609312069 161.56
16157 64.40086132053935 161.57
16158 64.40481652081665 161.58
16159 64.40877172146892 161.59
16160 64.41272690708814 161.6
16161 64.416682127472 161.61
16162 64.42063734283575 161.62
16163 64.42459256307274 161.63
16164 64.42854775485606 161.64
16165 64.43250294296806 161.65
16166 64.43645817551904 161.66
16167 64.44041348532224 161.67
16168 64.44436871127974 161.68
16169 64.44832393221556 161.69
16170 64.45227916406488 161.7
16171 64.45623438481375 161.71
16172 64.46018962359123 161.72
16173 64.46414486709428 161.73
16174 64.46810011428563 161.74
16175 64.47205536679306 161.75
16176 64.47601061186742 161.76
16177 64.47996584604124 161.77
16178 64.48392108181724 161.78
16179 64.48787631583042 161.79
16180 64.49183154437556 161.8
16181 64.4957867791513 161.81
16182 64.49974204101909 161.82
16183 64.50369725068009 161.83
16184 64.50765245871135 161.84
16185 64.51160767794161 161.85
16186 64.51556287160423 161.86
16187 64.51951809705844 161.87
16188 64.52347329049934 161.88
16189 64.52742849211495 161.89
16190 64.53138369110629 161.9
16191 64.53533890775675 161.91
16192 64.53929413194579 161.92
16193 64.5432493972566 161.93
16194 64.54720465138766 161.94
16195 64.55115991884722 161.95
16196 64.55511517696463 161.96
16197 64.55907043211323 161.97
16198 64.56302568072076 161.98
16199 64.56698093079248 161.99
16200 64.570936172957 162
16201 64.57489141518982 162.01
16202 64.57884663422064 162.02
16203 64.58280186030835 162.03
16204 64.58675707310454 162.04
16205 64.59071228306041 162.05
16206 64.59466747608492 162.06
16207 64.5986226830328 162.07
16208 64.60257790659371 162.08
16209 64.60653312051329 162.09
16210 64.61048832564214 162.1
16211 64.61444352927373 162.11
16212 64.61839873160034 162.12
16213 64.62235398637283 162.13
16214 64.62630923193696 162.14
16215 64.63026447509736 162.15
16216 64.63421972299727 162.16
16217 64.63817502046561 162.17
16218 64.64213025316268 162.18
16219 64.6460854827864 162.19
16220 64.65004070844557 162.2
16221 64.65399591958632 162.21
16222 64.65795112690479 162.22
16223 64.66190637307218 162.23
16224 64.66586162791403 162.24
16225 64.66981687117838 162.25
16226 64.67377207676739 162.26
16227 64.67772727813377 162.27
16228 64.68168245808587 162.28
16229 64.68563762959619 162.29
16230 64.68959278884785 162.3
16231 64.69354794182907 162.31
16232 64.69750312981466 162.32
16233 64.70145826214849 162.33
16234 64.70541338672412 162.34
16235 64.70936844712325 162.35
16236 64.71332350517642 162.36
16237 64.71727855081994 162.37
16238 64.72123358987682 162.38
16239 64.72518862217049 162.39
16240 64.72914363829352 162.4
16241 64.73309871162994 162.41
16242 64.73705377682035 162.42
16243 64.74100889948241 162.43
16244 64.74496401808187 162.44
16245 64.74891914405158 162.45
16246 64.75287426197028 162.46
16247 64.75682936993638 162.47
16248 64.76078447721575 162.48
16249 64.76473958283772 162.49
16250 64.76869466294895 162.5
16251 64.77264978389201 162.51
16252 64.77660489128664 162.52
16253 64.78055999817511 162.53
16254 64.78451509984325 162.54
16255 64.78847014682768 162.55
16256 64.79242523196221 162.56
16257 64.79638033816362 162.57
16258 64.8003354205164 162.58
16259 64.8042905012415 162.59
16260 64.80824561707655 162.6
16261 64.81220071505119 162.61
16262 64.81615583042517 162.62
16263 64.82011091109683 162.63
16264 64.82406596152693 162.64
16265 64.8280210528586 162.65
16266 64.83197610310305 162.66
16267 64.83593115936419 162.67
16268 64.83988619845486 162.68
16269 64.84384121128004 162.69
16270 64.84779622528949 162.7
16271 64.8517512262404 162.71
16272 64.85570625880688 162.72
16273 64.85966124712712 162.73
16274 64.86361624399312 162.74
16275 64.86757129467921 162.75
16276 64.87152633937384 162.76
16277 64.8754814073465 162.77
16278 64.8794364257879 162.78
16279 64.88339143220799 162.79
16280 64.88734645434096 162.8
16281 64.89130145925745 162.81
16282 64.89525645476067 162.82
16283 64.89921146703381 162.83
16284 64.90316647006038 162.84
16285 64.907121470693 162.85
16286 64.91107644542427 162.86
16287 64.9150314235406 162.87
16288 64.91898640598819 162.88
16289 64.92294139017139 162.89
16290 64.92689636566374 162.9
16291 64.93085136572013 162.91
16292 64.93480632258357 162.92
16293 64.93876131402766 162.93
16294 64.9427163154711 162.94
16295 64.94667131590369 162.95
16296 64.95062625973364 162.96
16297 64.95458128917676 162.97
16298 64.9585363440369 162.98
16299 64.96249134599773 162.99
16300 64.96644640501593 163
16301 64.9704014788789 163.01
16302 64.9743565527445 163.02
16303 64.97831162029956 163.03
16304 64.9822666848456 163.04
16305 64.9862217414979 163.05
16306 64.99017679209834 163.06
16307 64.99413184412666 163.07
16308 64.99808689504111 163.08
16309 65.002041958248 163.09
16310 65.00599698639473 163.1
16311 65.00995203599177 163.11
16312 65.01390707041853 163.12
16313 65.01786211153468 163.13
16314 65.02181715017505 163.14
16315 65.02577218573548 163.15
16316 65.02972721245303 163.16
16317 65.03368224876937 163.17
16318 65.03763727094682 163.18
16319 65.04159230720737 163.19
16320 65.04554732495885 163.2
16321 65.04950234042116 163.21
16322 65.05345732283203 163.22
16323 65.05741231539807 163.23
16324 65.06136731907341 163.24
16325 65.06532235998914 163.25
16326 65.06927737194709 163.26
16327 65.07323238565391 163.27
16328 65.07718739147229 163.28
16329 65.08114235067777 163.29
16330 65.08509733712036 163.3
16331 65.08905227953359 163.31
16332 65.0930072546695 163.32
16333 65.09696210615881 163.33
16334 65.10091704463869 163.34
16335 65.10487197073478 163.35
16336 65.10882691011659 163.36
16337 65.11278179426246 163.37
16338 65.11673669757502 163.38
16339 65.12069158178645 163.39
16340 65.12464644312787 163.4
16341 65.12860132164433 163.41
16342 65.13255618430274 163.42
16343 65.13651104569722 163.43
16344 65.14046591115326 163.44
16345 65.14442076286736 163.45
16346 65.1483756028602 163.46
16347 65.15233042713737 163.47
16348 65.15628526901553 163.48
16349 65.16024010432527 163.49
16350 65.16419491943884 163.5
16351 65.16814973109399 163.51
16352 65.17210459493202 163.52
16353 65.1760594016162 163.53
16354 65.18001428732845 163.54
16355 65.18396912781384 163.55
16356 65.18792395015618 163.56
16357 65.19187872054485 163.57
16358 65.19583346191675 163.58
16359 65.19978822720452 163.59
16360 65.20374298519174 163.6
16361 65.20769772233433 163.61
16362 65.21165248244083 163.62
16363 65.21560721663488 163.63
16364 65.2195619538101 163.64
16365 65.22351664785865 163.65
16366 65.22747132291153 163.66
16367 65.23142601600655 163.67
16368 65.23538068877664 163.68
16369 65.2393353592999 163.69
16370 65.2432900234439 163.7
16371 65.24724468015189 163.71
16372 65.25119933864767 163.72
16373 65.25515398644526 163.73
16374 65.25910859428797 163.74
16375 65.26306323653827 163.75
16376 65.26701784358971 163.76
16377 65.27097247493029 163.77
16378 65.27492706545965 163.78
16379 65.27888166187492 163.79
16380 65.28283639480492 163.8
16381 65.28679098370851 163.81
16382 65.29074556727591 163.82
16383 65.29470019668116 163.83
16384 65.29865487294201 163.84
16385 65.30260942039534 163.85
16386 65.30656399257056 163.86
16387 65.31051860363441 163.87
16388 65.31447324547759 163.88
16389 65.31842780832312 163.89
16390 65.3223824570948 163.9
16391 65.32633710116806 163.91
16392 65.33029163067899 163.92
16393 65.33424617607729 163.93
16394 65.33820084812106 163.94
16395 65.34215544178809 163.95
16396 65.34611006741244 163.96
16397 65.35006467981786 163.97
16398 65.35401926588335 163.98
16399 65.35797384885475 163.99
16400 65.36192841686963 164
16401 65.36588302895393 164.01
16402 65.36983758152945 164.02
16403 65.37379213120218 164.03
16404 65.37774666712983 164.04
16405 65.38170124351198 164.05
16406 65.38565581161234 164.06
16407 65.38961042754163 164.07
16408 65.39356505188157 164.08
16409 65.39751961846162 164.09
16410 65.40147417980009 164.1
16411 65.40542879523164 164.11
16412 65.40938339708286 164.12
16413 65.41333799952486 164.13
16414 65.41729259314042 164.14
16415 65.42124716764962 164.15
16416 65.42520172010876 164.16
16417 65.42915630072906 164.17
16418 65.43311086980614 164.18
16419 65.43706544108726 164.19
16420 65.44102002335562 164.2
16421 65.44497458340221 164.21
16422 65.44892914351702 164.22
16423 65.45288369933496 164.23
16424 65.45683825497842 164.24
16425 65.46079280338512 164.25
16426 65.46474734808069 164.26
16427 65.46870188276952 164.27
16428 65.47265642688988 164.28
16429 65.47661098864113 164.29
16430 65.4805655842251 164.3
16431 65.48452025303456 164.31
16432 65.48847492319166 164.32
16433 65.4924295969964 164.33
16434 65.49638425815877 164.34
16435 65.50033891738427 164.35
16436 65.50429357383713 164.36
16437 65.50824823683716 164.37
16438 65.51220288930861 164.38
16439 65.51615753577276 164.39
16440 65.52011218204632 164.4
16441 65.52406682725014 164.41
16442 65.52802147497475 164.42
16443 65.53197611753222 164.43
16444 65.53593076113913 164.44
16445 65.53988540167246 164.45
16446 65.54384005210575 164.46
16447 65.54779469058874 164.47
16448 65.55174933241275 164.48
16449 65.55570402652242 164.49
16450 65.55965872314795 164.5
16451 65.56361341930051 164.51
16452 65.56756815379561 164.52
16453 65.57152283896566 164.53
16454 65.5754775870613 164.54
16455 65.57943227816652 164.55
16456 65.58338705960179 164.56
16457 65.5873417469038 164.57
16458 65.59129643306728 164.58
16459 65.59525111829947 164.59
16460 65.59920580166659 164.6
16461 65.60316047523136 164.61
16462 65.6071151490075 164.62
16463 65.61106983249903 164.63
16464 65.61502446087439 164.64
16465 65.61897906556797 164.65
16466 65.6229336695104 164.66
16467 65.6268882924612 164.67
16468 65.63084289047021 164.68
16469 65.63479748423602 164.69
16470 65.63875212055945 164.7
16471 65.64270674112993 164.71
16472 65.64666135301769 164.72
16473 65.65061599401554 164.73
16474 65.65457060535844 164.74
16475 65.65852521611126 164.75
16476 65.66247982651871 164.76
16477 65.66643443035392 164.77
16478 65.67038902767068 164.78
16479 65.67434361824755 164.79
16480 65.67829821260185 164.8
16481 65.68225279902286 164.81
16482 65.68620738322352 164.82
16483 65.69016197611245 164.83
16484 65.69411656137008 164.84
16485 65.69807114317587 164.85
16486 65.70202572549329 164.86
16487 65.70598031031338 164.87
16488 65.70993489521167 164.88
16489 65.71388947689897 164.89
16490 65.71784405264516 164.9
16491 65.7217986174103 164.91
16492 65.72575318486716 164.92
16493 65.7297077130318 164.93
16494 65.73366222869977 164.94
16495 65.73761674473711 164.95
16496 65.74157130657332 164.96
16497 65.74552579396398 164.97
16498 65.74948034520568 164.98
16499 65.75343489301828 164.99
16500 65.75738943332706 165
16501 65.76134397360536 165.01
16502 65.76529850117703 165.02
16503 65.76925305042786 165.03
16504 65.7732075829617 165.04
16505 65.77716206252106 165.05
16506 65.78111654668146 165.06
16507 65.78507102742947 165.07
16508 65.78902550683418 165.08
16509 65.79297998455742 165.09
16510 65.79693447034659 165.1
16511 65.80088896289111 165.11
16512 65.80484342179057 165.12
16513 65.8087979085318 165.13
16514 65.81275239002643 165.14
16515 65.81670685438544 165.15
16516 65.82066132485295 165.16
16517 65.82461578812504 165.17
16518 65.8285702722261 165.18
16519 65.83252474434161 165.19
16520 65.83647920599147 165.2
16521 65.84043367766454 165.21
16522 65.84438813381931 165.22
16523 65.84834257651043 165.23
16524 65.8522970130966 165.24
16525 65.85625149895068 165.25
16526 65.86020596745772 165.26
16527 65.86416049674679 165.27
16528 65.86811495724558 165.28
16529 65.87206943966417 165.29
16530 65.87602392930287 165.3
16531 65.87997840952578 165.31
16532 65.8839328820475 165.32
16533 65.88788735133058 165.33
16534 65.89184182351674 165.34
16535 65.89579629775041 165.35
16536 65.89975075957625 165.36
16537 65.90370523576638 165.37
16538 65.90765970372331 165.38
16539 65.91161417013902 165.39
16540 65.91556862759926 165.4
16541 65.91952314345983 165.41
16542 65.92347760939829 165.42
16543 65.92743207122132 165.43
16544 65.93138653451905 165.44
16545 65.93534099094315 165.45
16546 65.93929545033848 165.46
16547 65.94324989889809 165.47
16548 65.94720434171266 165.48
16549 65.95115883172664 165.49
16550 65.95511328065844 165.5
16551 65.95906772198884 165.51
16552 65.96302215641398 165.52
16553 65.96697659096375 165.53
16554 65.97093101560276 165.54
16555 65.97488543456898 165.55
16556 65.97883984759926 165.56
16557 65.98279424957059 165.57
16558 65.98674864704597 165.58
16559 65.99070303604829 165.59
16560 65.99465747209581 165.6
16561 65.99861190210913 165.61
16562 66.00256633163298 165.62
16563 66.0065207542097 165.63
16564 66.01047522895212 165.64
16565 66.01442964581828 165.65
16566 66.01838405587525 165.66
16567 66.02233847096589 165.67
16568 66.0262928885698 165.68
16569 66.03024729834605 165.69
16570 66.03420173902254 165.7
16571 66.03815613930028 165.71
16572 66.04211054054281 165.72
16573 66.04606494052682 165.73
16574 66.05001933286904 165.74
16575 66.05397372586754 165.75
16576 66.05792811015084 165.76
16577 66.06188248671464 165.77
16578 66.06583686684573 165.78
16579 66.06979123402513 165.79
16580 66.07374559312836 165.8
16581 66.07769997378165 165.81
16582 66.08165434334551 165.82
16583 66.08560870721335 165.83
16584 66.08956306409806 165.84
16585 66.09351741230388 165.85
16586 66.09747175647557 165.86
16587 66.10142609565177 165.87
16588 66.10538043510698 165.88
16589 66.10933475978787 165.89
16590 66.11328901181247 165.9
16591 66.11724325453602 165.91
16592 66.12119749308508 165.92
16593 66.12515172880696 165.93
16594 66.12910589544177 165.94
16595 66.13306004775453 165.95
16596 66.13701419611732 165.96
16597 66.14096834350755 165.97
16598 66.14492247481746 165.98
16599 66.14887661352449 165.99
16600 66.15283083941496 166
16601 66.15678493376782 166.01
16602 66.16073915109661 166.02
16603 66.16469327163318 166.03
16604 66.16864739443605 166.04
16605 66.17260158046426 166.05
16606 66.17655587656749 166.06
16607 66.18051019678182 166.07
16608 66.18446451289962 166.08
16609 66.18841870734508 166.09
16610 66.19237297405277 166.1
16611 66.19632717487688 166.11
16612 66.2002814159483 166.12
16613 66.20423619247686 166.13
16614 66.20819014287849 166.14
16615 66.21214445798135 166.15
16616 66.21609822659842 166.16
16617 66.22005255072409 166.17
16618 66.22400673126035 166.18
16619 66.22796098438488 166.19
16620 66.23191529391832 166.2
16621 66.23586945610792 166.21
16622 66.23982369568226 166.22
16623 66.24377790670999 166.23
16624 66.24773219345745 166.24
16625 66.25168641848074 166.25
16626 66.25564059362551 166.26
16627 66.25959479485104 166.27
16628 66.26354890527951 166.28
16629 66.26750302038674 166.29
16630 66.27145713307982 166.3
16631 66.27541124990304 166.31
16632 66.27936549185716 166.32
16633 66.28331971214425 166.33
16634 66.28727386816217 166.34
16635 66.29122806316244 166.35
16636 66.29518225347955 166.36
16637 66.29913644081664 166.37
16638 66.30309062786164 166.38
16639 66.30704481056628 166.39
16640 66.31099899501879 166.4
16641 66.31495323888097 166.41
16642 66.31890741448706 166.42
16643 66.3228615873399 166.43
16644 66.32681575781874 166.44
16645 66.33076992074368 166.45
16646 66.33472408479014 166.46
16647 66.33867825030211 166.47
16648 66.34263240609849 166.48
16649 66.34658656277104 166.49
16650 66.35054071390073 166.5
16651 66.35449485531633 166.51
16652 66.35844899213922 166.52
16653 66.36240313468447 166.53
16654 66.36635721445381 166.54
16655 66.37031128422001 166.55
16656 66.37426534637456 166.56
16657 66.37821940232841 166.57
16658 66.38217345277222 166.58
16659 66.38613116232594 166.59
16660 66.39008207094508 166.6
16661 66.39403595598148 166.61
16662 66.39799013765059 166.62
16663 66.40194362615219 166.63
16664 66.40589790219013 166.64
16665 66.40985193392555 166.65
16666 66.41380551494808 166.66
16667 66.41775964539563 166.67
16668 66.42171308674489 166.68
16669 66.42566730550405 166.69
16670 66.42962152048121 166.7
16671 66.4335754578515 166.71
16672 66.43752932233724 166.72
16673 66.44148325962738 166.73
16674 66.44543709874196 166.74
16675 66.44939101806671 166.75
16676 66.4533448484096 166.76
16677 66.45729878309294 166.77
16678 66.46125260145617 166.78
16679 66.46520665745081 166.79
16680 66.46916060698072 166.8
16681 66.47311483747606 166.81
16682 66.47706877264451 166.82
16683 66.48102271051613 166.83
16684 66.48497663886059 166.84
16685 66.48893061197319 166.85
16686 66.49288453199239 166.86
16687 66.49683844777952 166.87
16688 66.50079234008699 166.88
16689 66.50474623141879 166.89
16690 66.5087001183785 166.9
16691 66.51265400483913 166.91
16692 66.51660788590912 166.92
16693 66.52056175317928 166.93
16694 66.524515648432 166.94
16695 66.5284695375949 166.95
16696 66.53242339500275 166.96
16697 66.53637724832569 166.97
16698 66.54033109712209 166.98
16699 66.54428501056123 166.99
16700 66.54823884575821 167
16701 66.55219271998075 167.01
16702 66.55614655442434 167.02
16703 66.56010041646327 167.03
16704 66.56405424246051 167.04
16705 66.56800806070571 167.05
16706 66.57196187434911 167.06
16707 66.57591568063958 167.07
16708 66.57986947993399 167.08
16709 66.5838232754338 167.09
16710 66.5877770895398 167.1
16711 66.59173088342997 167.11
16712 66.59568467105093 167.12
16713 66.59963844395975 167.13
16714 66.60359227788526 167.14
16715 66.60754610028623 167.15
16716 66.61149991274493 167.16
16717 66.61545372263998 167.17
16718 66.61940752859064 167.18
16719 66.62336133351059 167.19
16720 66.62731513285742 167.2
16721 66.63126893036409 167.21
16722 66.63522271436857 167.22
16723 66.639176504665 167.23
16724 66.64313028586605 167.24
16725 66.64708406853381 167.25
16726 66.65103784193246 167.26
16727 66.6549916084695 167.27
16728 66.65894537025936 167.28
16729 66.66289913031909 167.29
16730 66.66685289126821 167.3
16731 66.67080665274773 167.31
16732 66.67476044425912 167.32
16733 66.67871421514893 167.33
16734 66.68266795889461 167.34
16735 66.68662173357183 167.35
16736 66.69057547734675 167.36
16737 66.69452920783284 167.37
16738 66.69848292996544 167.38
16739 66.70243664847254 167.39
16740 66.70639036779374 167.4
16741 66.71034409348368 167.41
16742 66.71429780274026 167.42
16743 66.71825153587788 167.43
16744 66.72220524880277 167.44
16745 66.72615893935429 167.45
16746 66.73011262456573 167.46
16747 66.73406630532942 167.47
16748 66.73801998115283 167.48
16749 66.74197367128258 167.49
16750 66.74592737374242 167.5
16751 66.74988111670126 167.51
16752 66.75383485740576 167.52
16753 66.75778859627094 167.53
16754 66.76174240110578 167.54
16755 66.7656961943635 167.55
16756 66.76964997193541 167.56
16757 66.773603835401 167.57
16758 66.77755762730271 167.58
16759 66.78151141478384 167.59
16760 66.78546520043614 167.6
16761 66.78941898386398 167.61
16762 66.79337280274126 167.62
16763 66.79732662809698 167.63
16764 66.80128043234015 167.64
16765 66.80523423952337 167.65
16766 66.8091880771799 167.66
16767 66.81314186552468 167.67
16768 66.81709564964672 167.68
16769 66.82104942551896 167.69
16770 66.82500319131798 167.7
16771 66.82895694882137 167.71
16772 66.83291072611478 167.72
16773 66.8368645186405 167.73
16774 66.84081830231536 167.74
16775 66.84477207527262 167.75
16776 66.8487258486002 167.76
16777 66.85267960182681 167.77
16778 66.85663335903126 167.78
16779 66.860587123958 167.79
16780 66.86454087519944 167.8
16781 66.86849467715868 167.81
16782 66.87244841560101 167.82
16783 66.87640217602193 167.83
16784 66.88035591099296 167.84
16785 66.88430968750087 167.85
16786 66.8882634263849 167.86
16787 66.89221715785325 167.87
16788 66.89617087782217 167.88
16789 66.90012460045114 167.89
16790 66.90407831058542 167.9
16791 66.90803203192807 167.91
16792 66.91198575295692 167.92
16793 66.91593946456513 167.93
16794 66.91989317336845 167.94
16795 66.92384686819886 167.95
16796 66.92780056746619 167.96
16797 66.9317542676398 167.97
16798 66.93570796875295 167.98
16799 66.93966166315857 167.99
16800 66.94361540562517 168
16801 66.94756914138924 168.01
16802 66.95152288398978 168.02
16803 66.95547665840922 168.03
16804 66.95943040037602 168.04
16805 66.96338414361414 168.05
16806 66.96733789012985 168.06
16807 66.971291639985 168.07
16808 66.97524539110933 168.08
16809 66.97919913308201 168.09
16810 66.98315286409672 168.1
16811 66.98710659307005 168.11
16812 66.99106031646343 168.12
16813 66.99501403195029 168.13
16814 66.9989677420109 168.14
16815 67.00292147017544 168.15
16816 67.00687519250897 168.16
16817 67.01082890894028 168.17
16818 67.0147826693819 168.18
16819 67.01873639970931 168.19
16820 67.02269006326466 168.2
16821 67.02664376164245 168.21
16822 67.0305974534341 168.22
16823 67.03455112905419 168.23
16824 67.03850492142803 168.24
16825 67.04245863387297 168.25
16826 67.04641237777378 168.26
16827 67.05036610785456 168.27
16828 67.05431984105547 168.28
16829 67.05827355089896 168.29
16830 67.06222727589153 168.3
16831 67.0661810236351 168.31
16832 67.07013473429512 168.32
16833 67.07408843313084 168.33
16834 67.07804212810677 168.34
16835 67.08199581653599 168.35
16836 67.08594941901437 168.36
16837 67.08990305202144 168.37
16838 67.09385668823012 168.38
16839 67.0978103062448 168.39
16840 67.10176393304748 168.4
16841 67.10571763419031 168.41
16842 67.10967133844173 168.42
16843 67.11362503553067 168.43
16844 67.1175787256981 168.44
16845 67.12153241374176 168.45
16846 67.12548609607416 168.46
16847 67.1294397817444 168.47
16848 67.13339345782518 168.48
16849 67.13734712626841 168.49
16850 67.14130080838004 168.5
16851 67.14525448279488 168.51
16852 67.14920814711742 168.52
16853 67.1531618187352 168.53
16854 67.15711547671057 168.54
16855 67.16106906285088 168.55
16856 67.16502264324771 168.56
16857 67.16897621418366 168.57
16858 67.17292984228069 168.58
16859 67.17688343813123 168.59
16860 67.18083701232909 168.6
16861 67.18479057923719 168.61
16862 67.18874412656821 168.62
16863 67.19269769241257 168.63
16864 67.19665126883984 168.64
16865 67.20060476197115 168.65
16866 67.20455824936184 168.66
16867 67.20851171934507 168.67
16868 67.21246518744688 168.68
16869 67.21641873497941 168.69
16870 67.22037228179589 168.7
16871 67.22432581499861 168.71
16872 67.22827933718703 168.72
16873 67.23223285545225 168.73
16874 67.23618636477613 168.74
16875 67.2401398687477 168.75
16876 67.24409336301353 168.76
16877 67.24804685172572 168.77
16878 67.2520003623723 168.78
16879 67.25595386545405 168.79
16880 67.25990737407224 168.8
16881 67.26386087422445 168.81
16882 67.26781440437702 168.82
16883 67.27176788716915 168.83
16884 67.27572136847181 168.84
16885 67.27967484657906 168.85
16886 67.28362831693819 168.86
16887 67.28758178399795 168.87
16888 67.29153527612166 168.88
16889 67.29548876822392 168.89
16890 67.29944225924461 168.9
16891 67.3033957458139 168.91
16892 67.30734923157884 168.92
16893 67.31130271743085 168.93
16894 67.31525619909243 168.94
16895 67.31920968060874 168.95
16896 67.32316315664067 168.96
16897 67.32711662408644 168.97
16898 67.33107013860794 168.98
16899 67.335023600387 168.99
16900 67.33897706010544 169
16901 67.34293051617361 169.01
16902 67.34688396895864 169.02
16903 67.35083741765648 169.03
16904 67.35479080788267 169.04
16905 67.35874419459262 169.05
16906 67.36269757568104 169.06
16907 67.36665094380785 169.07
16908 67.37060431369409 169.08
16909 67.37455767034916 169.09
16910 67.37851103031406 169.1
16911 67.38246437410568 169.11
16912 67.38641770211476 169.12
16913 67.39037102328822 169.13
16914 67.39432432425096 169.14
16915 67.39827761619003 169.15
16916 67.4022309271059 169.16
16917 67.4061843017067 169.17
16918 67.41013758993219 169.18
16919 67.41409085817381 169.19
16920 67.41804416995083 169.2
16921 67.42199741940505 169.21
16922 67.42595066105559 169.22
16923 67.42990390587735 169.23
16924 67.43385722945234 169.24
16925 67.43781037040674 169.25
16926 67.44176364605792 169.26
16927 67.44571694228361 169.27
16928 67.44967037388454 169.28
16929 67.45362371274567 169.29
16930 67.45757702923414 169.3
16931 67.46153035285597 169.31
16932 67.46548366200308 169.32
16933 67.46943708975655 169.33
16934 67.47339038333699 169.34
16935 67.47734368047111 169.35
16936 67.48129696856907 169.36
16937 67.48525025135444 169.37
16938 67.4892035285628 169.38
16939 67.49315680092353 169.39
16940 67.49711007241618 169.4
16941 67.50106333769074 169.41
16942 67.50501659569289 169.42
16943 67.5089698459484 169.43
16944 67.51292315910607 169.44
16945 67.5168764441628 169.45
16946 67.52082972373151 169.46
16947 67.52478300941399 169.47
16948 67.52873628279633 169.48
16949 67.53268955936511 169.49
16950 67.53664281265338 169.5
16951 67.5405960807829 169.51
16952 67.54454933843547 169.52
16953 67.5485025822983 169.53
16954 67.55245582135319 169.54
16955 67.55640905189244 169.55
16956 67.56036230156083 169.56
16957 67.56431552436354 169.57
16958 67.56826875808218 169.58
16959 67.57222198180554 169.59
16960 67.57617519278844 169.6
16961 67.58012840592558 169.61
16962 67.58408160314238 169.62
16963 67.58803480057594 169.63
16964 67.59198799895228 169.64
16965 67.59594118227857 169.65
16966 67.59989439399004 169.66
16967 67.60384760101283 169.67
16968 67.6078008041126 169.68
16969 67.611754041162 169.69
16970 67.61570727457465 169.7
16971 67.61966050268578 169.71
16972 67.62361372711418 169.72
16973 67.62756694616516 169.73
16974 67.63152013013632 169.74
16975 67.63547334290443 169.75
16976 67.63942656321848 169.76
16977 67.64337977112595 169.77
16978 67.6473329758041 169.78
16979 67.65128618208473 169.79
16980 67.65523938638769 169.8
16981 67.65919258466121 169.81
16982 67.66314577720811 169.82
16983 67.66709896517361 169.83
16984 67.67105214791523 169.84
16985 67.67500533526953 169.85
16986 67.67895851938135 169.86
16987 67.68291168390601 169.87
16988 67.68686485665012 169.88
16989 67.69081801624766 169.89
16990 67.6947711824952 169.9
16991 67.6987243324244 169.91
16992 67.70267748669409 169.92
16993 67.70663061742509 169.93
16994 67.71058382509759 169.94
16995 67.71453702109645 169.95
16996 67.71849020906178 169.96
16997 67.72244339558276 169.97
16998 67.72639663326966 169.98
16999 67.73034986172947 169.99
17000 67.73430307735649 170
17001 67.73825630638349 170.01
17002 67.74220949806718 170.02
17003 67.74616269373887 170.03
17004 67.75011592434072 170.04
17005 67.75406910486026 170.05
17006 67.75802225655869 170.06
17007 67.76197542364176 170.07
17008 67.76592859288206 170.08
17009 67.76988175430476 170.09
17010 67.7738349090925 170.1
17011 67.77778805786609 170.11
17012 67.78174119942605 170.12
17013 67.78569431362698 170.13
17014 67.78964745028736 170.14
17015 67.79360058359923 170.15
17016 67.79755370825436 170.16
17017 67.80150683109981 170.17
17018 67.80545994934224 170.18
17019 67.8094130580089 170.19
17020 67.81336615510841 170.2
17021 67.81731930327261 170.21
17022 67.82127239137995 170.22
17023 67.82522547669689 170.23
17024 67.82917855081909 170.24
17025 67.83313163051182 170.25
17026 67.83708470049913 170.26
17027 67.84103779866851 170.27
17028 67.84499086399654 170.28
17029 67.84894392402759 170.29
17030 67.85289697393527 170.3
17031 67.85685002324497 170.31
17032 67.86080306901863 170.32
17033 67.86475616829949 170.33
17034 67.86870925861581 170.34
17035 67.87266234524381 170.35
17036 67.87661543230591 170.36
17037 67.88056852056815 170.37
17038 67.88452161166677 170.38
17039 67.88847470572226 170.39
17040 67.8924277940141 170.4
17041 67.89638094734592 170.41
17042 67.90033410472911 170.42
17043 67.90428724872838 170.43
17044 67.90824040032271 170.44
17045 67.91219353818659 170.45
17046 67.91614674720618 170.46
17047 67.92009994734828 170.47
17048 67.92405315595219 170.48
17049 67.92800636431831 170.49
17050 67.93195957015111 170.5
17051 67.93591278037835 170.51
17052 67.93986597980771 170.52
17053 67.94381917943448 170.53
17054 67.94777236330087 170.54
17055 67.95172555783287 170.55
17056 67.95567873711622 170.56
17057 67.95963192092476 170.57
17058 67.96358508616609 170.58
17059 67.9675382700012 170.59
17060 67.97149145142643 170.6
17061 67.97544463878901 170.61
17062 67.97939776429834 170.62
17063 67.98335088674551 170.63
17064 67.98730400552923 170.64
17065 67.99125712379785 170.65
17066 67.99521022989885 170.66
17067 67.99916332489043 170.67
17068 68.00311647670091 170.68
17069 68.00706956654446 170.69
17070 68.01102276448516 170.7
17071 68.0149758473693 170.71
17072 68.01892893228643 170.72
17073 68.02288201172441 170.73
17074 68.02683509520818 170.74
17075 68.03078815769841 170.75
17076 68.03474123561379 170.76
17077 68.03869431621328 170.77
17078 68.04264739564901 170.78
17079 68.04660047293518 170.79
17080 68.05055354823808 170.8
17081 68.05450662154766 170.81
17082 68.05845969659492 170.82
17083 68.06241269272545 170.83
17084 68.06636569301543 170.84
17085 68.07031868998911 170.85
17086 68.07427168586325 170.86
17087 68.07822468794399 170.87
17088 68.08217764369907 170.88
17089 68.0861306212112 170.89
17090 68.09008361298864 170.9
17091 68.09403659312409 170.91
17092 68.09798957304082 170.92
17093 68.10194255033279 170.93
17094 68.10589552497822 170.94
17095 68.10984849679778 170.95
17096 68.11380144467955 170.96
17097 68.11775441463563 170.97
17098 68.12170738997524 170.98
17099 68.12566036262892 170.99
17100 68.12961332554291 171
17101 68.13356628413409 171.01
17102 68.13751931228151 171.02
17103 68.14147227442936 171.03
17104 68.14542520982076 171.04
17105 68.14937815880845 171.05
17106 68.15333107708547 171.06
17107 68.15728399508635 171.07
17108 68.16123693839434 171.08
17109 68.165189878679 171.09
17110 68.16914283554563 171.1
17111 68.1730958091068 171.11
17112 68.1770487621633 171.12
17113 68.1810017339065 171.13
17114 68.18495469805438 171.14
17115 68.18890771848245 171.15
17116 68.19286070970809 171.16
17117 68.19681375633741 171.17
17118 68.20076673152968 171.18
17119 68.20471969934732 171.19
17120 68.20867267281477 171.2
17121 68.21262565518126 171.21
17122 68.2165786381415 171.22
17123 68.22053160178923 171.23
17124 68.2244845344965 171.24
17125 68.22843750810914 171.25
17126 68.23239042178031 171.26
17127 68.23634330945552 171.27
17128 68.24029616962234 171.28
17129 68.24424906177293 171.29
17130 68.24820194185168 171.3
17131 68.25215489688827 171.31
17132 68.25610776694995 171.32
17133 68.26006069538414 171.33
17134 68.26401354748606 171.34
17135 68.26796639501455 171.35
17136 68.27191922807928 171.36
17137 68.27587214300729 171.37
17138 68.27982502441446 171.38
17139 68.28377792863617 171.39
17140 68.28773080252675 171.4
17141 68.29168365858918 171.41
17142 68.29563647743089 171.42
17143 68.29958931677245 171.43
17144 68.30354213435943 171.44
17145 68.30749499320837 171.45
17146 68.31144781017974 171.46
17147 68.31540067402966 171.47
17148 68.31935350147981 171.48
17149 68.32330637147845 171.49
17150 68.32725925168759 171.5
17151 68.33121213613359 171.51
17152 68.3351649784201 171.52
17153 68.33911783995433 171.53
17154 68.34307074925546 171.54
17155 68.34702360833322 171.55
17156 68.35097643946673 171.56
17157 68.35492929764756 171.57
17158 68.35888210867633 171.58
17159 68.36283494318675 171.59
17160 68.36678777557776 171.6
17161 68.37074058848688 171.61
17162 68.37469338159819 171.62
17163 68.37864621143029 171.63
17164 68.38259903024377 171.64
17165 68.38655184467055 171.65
17166 68.39050465424106 171.66
17167 68.39445745034095 171.67
17168 68.39841034974026 171.68
17169 68.40236320326625 171.69
17170 68.40631608857488 171.7
17171 68.41026892876175 171.71
17172 68.41422180938621 171.72
17173 68.41817464356298 171.73
17174 68.42212751952209 171.74
17175 68.42608030830745 171.75
17176 68.4300331015844 171.76
17177 68.43398590409285 171.77
17178 68.43793869304795 171.78
17179 68.44189146592828 171.79
17180 68.44584423004382 171.8
17181 68.44979706091689 171.81
17182 68.45374989980924 171.82
17183 68.45770270994208 171.83
17184 68.4616555047797 171.84
17185 68.46560831328179 171.85
17186 68.46956112088466 171.86
17187 68.47351393824093 171.87
17188 68.47746675759268 171.88
17189 68.48141957047112 171.89
17190 68.48537236775978 171.9
17191 68.4893251655914 171.91
17192 68.49327796063082 171.92
17193 68.49723075519904 171.93
17194 68.50118354807095 171.94
17195 68.505136335814 171.95
17196 68.50908912258541 171.96
17197 68.51304190472362 171.97
17198 68.51699467769009 171.98
17199 68.52094737744576 171.99
17200 68.52490007813181 172
17201 68.52885277441314 172.01
17202 68.53280546750909 172.02
17203 68.53675815492819 172.03
17204 68.54071083916152 172.04
17205 68.54466352158265 172.05
17206 68.54861619757267 172.06
17207 68.55256886755933 172.07
17208 68.55652154101423 172.08
17209 68.56047421142003 172.09
17210 68.56442687829944 172.1
17211 68.56837954025956 172.11
17212 68.5723321756724 172.12
17213 68.57628474685285 172.13
17214 68.58023734409744 172.14
17215 68.58418993418655 172.15
17216 68.58814252244345 172.16
17217 68.59209510879461 172.17
17218 68.59604769103638 172.18
17219 68.60000026796615 172.19
17220 68.60395286477558 172.2
17221 68.60790544034992 172.21
17222 68.61185802487483 172.22
17223 68.61581062556539 172.23
17224 68.61976321743886 172.24
17225 68.62371578842509 172.25
17226 68.62766831085803 172.26
17227 68.63162081906543 172.27
17228 68.63557331785806 172.28
17229 68.63952580523525 172.29
17230 68.6434782915219 172.3
17231 68.64743078605275 172.31
17232 68.65138327538732 172.32
17233 68.65533575842427 172.33
17234 68.65928824531218 172.34
17235 68.6632407269762 172.35
17236 68.66719320303011 172.36
17237 68.67114572001546 172.37
17238 68.67509818543479 172.38
17239 68.67905064481873 172.39
17240 68.68300310037358 172.4
17241 68.68695554215677 172.41
17242 68.69090798186431 172.42
17243 68.69486038792445 172.43
17244 68.69881281532173 172.44
17245 68.7027652438878 172.45
17246 68.70671766136148 172.46
17247 68.7106700631694 172.47
17248 68.7146224523915 172.48
17249 68.71857482886642 172.49
17250 68.72252719232819 172.5
17251 68.72647954290586 172.51
17252 68.73043188172247 172.52
17253 68.73438420288176 172.53
17254 68.73833651333982 172.54
17255 68.74228880925773 172.55
17256 68.74624115508266 172.56
17257 68.75019349212789 172.57
17258 68.75414584371536 172.58
17259 68.75809823210277 172.59
17260 68.76205062119715 172.6
17261 68.76600298840596 172.61
17262 68.76995534522005 172.62
17263 68.77390771520729 172.63
17264 68.77786005208335 172.64
17265 68.78181238158311 172.65
17266 68.78576469741887 172.66
17267 68.78971705934309 172.67
17268 68.79366939764115 172.68
17269 68.7976217131216 172.69
17270 68.80157402499546 172.7
17271 68.80552631493421 172.71
17272 68.8094785988242 172.72
17273 68.81343088622253 172.73
17274 68.81738330271692 172.74
17275 68.82133567142716 172.75
17276 68.82528805943227 172.76
17277 68.82924042854467 172.77
17278 68.83319280841926 172.78
17279 68.83714518894442 172.79
17280 68.84109753050237 172.8
17281 68.8450498716582 172.81
17282 68.84900221051269 172.82
17283 68.85295454311745 172.83
17284 68.8569068697544 172.84
17285 68.86085918862132 172.85
17286 68.86481150370045 172.86
17287 68.86876386792329 172.87
17288 68.87271609900434 172.88
17289 68.8766683243027 172.89
17290 68.8806205425679 172.9
17291 68.88457275951038 172.91
17292 68.88852497071269 172.92
17293 68.89247722720498 172.93
17294 68.89642947814841 172.94
17295 68.90038173733186 172.95
17296 68.9043339728604 172.96
17297 68.9082861998946 172.97
17298 68.9122384640405 172.98
17299 68.91619075800871 172.99
17300 68.92014301384208 173
17301 68.92409529113488 173.01
17302 68.92804754373904 173.02
17303 68.93199979848734 173.03
17304 68.93595211321198 173.04
17305 68.93990442943003 173.05
17306 68.94385669759319 173.06
17307 68.9478089951005 173.07
17308 68.95176131509012 173.08
17309 68.95571363036188 173.09
17310 68.95966593188163 173.1
17311 68.9636182354805 173.11
17312 68.96757051591494 173.12
17313 68.97152279730614 173.13
17314 68.9754751069335 173.14
17315 68.97942742038734 173.15
17316 68.98337969671661 173.16
17317 68.98733200534258 173.17
17318 68.99128429284356 173.18
17319 68.99523658188761 173.19
17320 68.99918884580771 173.2
17321 69.00314105946953 173.21
17322 69.00709326889417 173.22
17323 69.01104553065441 173.23
17324 69.01499778986923 173.24
17325 69.01895004027342 173.25
17326 69.0229023660838 173.26
17327 69.02685461340612 173.27
17328 69.03080679289218 173.28
17329 69.03475896840399 173.29
17330 69.03871114060736 173.3
17331 69.04266336423241 173.31
17332 69.04661558316049 173.32
17333 69.05056779769862 173.33
17334 69.05452000915933 173.34
17335 69.05847221799675 173.35
17336 69.06242442064023 173.36
17337 69.06637662001691 173.37
17338 69.07032885244114 173.38
17339 69.07428097922738 173.39
17340 69.07823310123466 173.4
17341 69.08218521851005 173.41
17342 69.08613733035024 173.42
17343 69.09008943328375 173.43
17344 69.0940415400531 173.44
17345 69.09799363581112 173.45
17346 69.10194572696994 173.46
17347 69.1058978150066 173.47
17348 69.10984990091762 173.48
17349 69.11380198088141 173.49
17350 69.11775405319834 173.5
17351 69.12170612330029 173.51
17352 69.12565818633988 173.52
17353 69.12961027106846 173.53
17354 69.13356241678633 173.54
17355 69.13751454627496 173.55
17356 69.14146667187899 173.56
17357 69.14541879584635 173.57
17358 69.14937091670157 173.58
17359 69.15332306522487 173.59
17360 69.15727518056215 173.6
17361 69.16122728935453 173.61
17362 69.16517941406774 173.62
17363 69.1691315335752 173.63
17364 69.17308365267009 173.64
17365 69.1770357661303 173.65
17366 69.18098792678518 173.66
17367 69.1849400349877 173.67
17368 69.18889213849322 173.68
17369 69.19284424173139 173.69
17370 69.19679633943015 173.7
17371 69.20074843337629 173.71
17372 69.20470052342486 173.72
17373 69.20865261455654 173.73
17374 69.21260469997682 173.74
17375 69.21655678109246 173.75
17376 69.22050888548117 173.76
17377 69.2244609798111 173.77
17378 69.22841307483785 173.78
17379 69.2323651622971 173.79
17380 69.2363172422688 173.8
17381 69.24026944441806 173.81
17382 69.24422159329964 173.82
17383 69.2481737354826 173.83
17384 69.25212594134337 173.84
17385 69.25607807255815 173.85
17386 69.26003020298374 173.86
17387 69.26398232996181 173.87
17388 69.26793445495625 173.88
17389 69.27188658614259 173.89
17390 69.27583870186345 173.9
17391 69.27979082045508 173.91
17392 69.28374293884892 173.92
17393 69.28769504536096 173.93
17394 69.2916471535756 173.94
17395 69.29559925343398 173.95
17396 69.29955136014804 173.96
17397 69.30350345531247 173.97
17398 69.30745555333205 173.98
17399 69.31140764474272 173.99
17400 69.31535972882514 174
17401 69.31931181132549 174.01
17402 69.32326388832948 174.02
17403 69.32721599621232 174.03
17404 69.33116806800098 174.04
17405 69.33512013734261 174.05
17406 69.33907218588982 174.06
17407 69.34302426860722 174.07
17408 69.34697634775091 174.08
17409 69.35092846676172 174.09
17410 69.35488054067365 174.1
17411 69.35883260997458 174.11
17412 69.36278470048283 174.12
17413 69.36673677829032 174.13
17414 69.3706888681716 174.14
17415 69.37464095030917 174.15
17416 69.37859303697819 174.16
17417 69.38254511907488 174.17
17418 69.38649720321177 174.18
17419 69.39044927994078 174.19
17420 69.39440135641935 174.2
17421 69.3983534270713 174.21
17422 69.40230549778316 174.22
17423 69.40625756938304 174.23
17424 69.41020965259554 174.24
17425 69.41416173973391 174.25
17426 69.41811382118399 174.26
17427 69.42206590156741 174.27
17428 69.42601797724241 174.28
17429 69.42997005249231 174.29
17430 69.43392212556243 174.3
17431 69.4378741926557 174.31
17432 69.44182626039188 174.32
17433 69.44577832617975 174.33
17434 69.44973039271707 174.34
17435 69.45368245477212 174.35
17436 69.45763451339201 174.36
17437 69.46158656793585 174.37
17438 69.465538652807 174.38
17439 69.46949069401896 174.39
17440 69.47344272888603 174.4
17441 69.47739476196988 174.41
17442 69.48134678338258 174.42
17443 69.48529879950772 174.43
17444 69.48925081505406 174.44
17445 69.49320282594607 174.45
17446 69.4971548681396 174.46
17447 69.5011068632856 174.47
17448 69.50505890771488 174.48
17449 69.50901094891296 174.49
17450 69.51296298733831 174.5
17451 69.51691502933397 174.51
17452 69.52086712552556 174.52
17453 69.52481916619965 174.53
17454 69.52877120788727 174.54
17455 69.53272324410557 174.55
17456 69.53667529320323 174.56
17457 69.54062733792875 174.57
17458 69.54457937855108 174.58
17459 69.54853144839745 174.59
17460 69.55248351661422 174.6
17461 69.55643558139775 174.61
17462 69.56038764756126 174.62
17463 69.56433970708368 174.63
17464 69.56829181912653 174.64
17465 69.57224390898708 174.65
17466 69.57619596016904 174.66
17467 69.58014801216252 174.67
17468 69.58410006255136 174.68
17469 69.58805211297684 174.69
17470 69.59200416108665 174.7
17471 69.59595621182747 174.71
17472 69.59990825892069 174.72
17473 69.603860304321 174.73
17474 69.60781233440565 174.74
17475 69.61176436345178 174.75
17476 69.61571643134724 174.76
17477 69.61966849825679 174.77
17478 69.62362056083408 174.78
17479 69.62757262370033 174.79
17480 69.6315246848261 174.8
17481 69.63547674262766 174.81
17482 69.63942878044439 174.82
17483 69.64338078629525 174.83
17484 69.64733278941884 174.84
17485 69.65128478715818 174.85
17486 69.6552367767904 174.86
17487 69.65918876536918 174.87
17488 69.66314077997612 174.88
17489 69.66709279357551 174.89
17490 69.67104478951771 174.9
17491 69.67499681090948 174.91
17492 69.67894875921581 174.92
17493 69.68290072178637 174.93
17494 69.68685260763998 174.94
17495 69.69080450520278 174.95
17496 69.6947563923531 174.96
17497 69.69870827320183 174.97
17498 69.70266015546477 174.98
17499 69.70661203059834 174.99
17500 69.71056390764372 175
17501 69.71451577875054 175.01
17502 69.71846763666099 175.02
17503 69.7224195035061 175.03
17504 69.72637136384918 175.04
17505 69.73032322550699 175.05
17506 69.73427507055015 175.06
17507 69.73822692782304 175.07
17508 69.74217879177453 175.08
17509 69.74613064419272 175.09
17510 69.75008250019727 175.1
17511 69.75403435505045 175.11
17512 69.75798619426166 175.12
17513 69.76193806251069 175.13
17514 69.76588991644218 175.14
17515 69.76984177318116 175.15
17516 69.77379362592073 175.16
17517 69.77774547660258 175.17
17518 69.78169732370479 175.18
17519 69.7856491645109 175.19
17520 69.78960099945351 175.2
17521 69.79355279504199 175.21
17522 69.79750455014414 175.22
17523 69.80145632486332 175.23
17524 69.80540807999361 175.24
17525 69.80935988683176 175.25
17526 69.81331163164214 175.26
17527 69.81726339185018 175.27
17528 69.8212152000943 175.28
17529 69.8251669324406 175.29
17530 69.82911866624559 175.3
17531 69.83307039550107 175.31
17532 69.8370221119191 175.32
17533 69.84097384547425 175.33
17534 69.84492559633195 175.34
17535 69.84887731913193 175.35
17536 69.85282904560447 175.36
17537 69.8567807625585 175.37
17538 69.86073247639959 175.38
17539 69.86468418630155 175.39
17540 69.86863588784858 175.4
17541 69.87258760011665 175.41
17542 69.87653930249419 175.42
17543 69.88049098661259 175.43
17544 69.88444266077879 175.44
17545 69.88839433213003 175.45
17546 69.89234599884088 175.46
17547 69.89629765956913 175.47
17548 69.90024931244218 175.48
17549 69.90420096087138 175.49
17550 69.90815260490382 175.5
17551 69.91210424702227 175.51
17552 69.91605588724998 175.52
17553 69.92000752104788 175.53
17554 69.92395914386282 175.54
17555 69.92791075471115 175.55
17556 69.93186236235024 175.56
17557 69.9358139639148 175.57
17558 69.93976556050706 175.58
17559 69.94371718127289 175.59
17560 69.94766880750545 175.6
17561 69.95162038641945 175.61
17562 69.95557194691619 175.62
17563 69.95952358956734 175.63
17564 69.96347508454846 175.64
17565 69.96742664371519 175.65
17566 69.97137817726446 175.66
17567 69.975329696079 175.67
17568 69.97928121184738 175.68
17569 69.98323271385229 175.69
17570 69.98718420730492 175.7
17571 69.99113569458345 175.71
17572 69.99508720656908 175.72
17573 69.99903870549159 175.73
17574 70.00299019817389 175.74
17575 70.00694168089856 175.75
17576 70.01089314461454 175.76
17577 70.01484459835399 175.77
17578 70.0187960311255 175.78
17579 70.02274745229047 175.79
17580 70.02669886788513 175.8
17581 70.03065033118344 175.81
17582 70.03460171891241 175.82
17583 70.03855307587941 175.83
17584 70.04250440944548 175.84
17585 70.04645584093367 175.85
17586 70.05040721539972 175.86
17587 70.05435857161648 175.87
17588 70.05830992979759 175.88
17589 70.06226132732739 175.89
17590 70.06621271788963 175.9
17591 70.0701640972935 175.91
17592 70.07411547041923 175.92
17593 70.07806683763772 175.93
17594 70.08201820232587 175.94
17595 70.08596956731338 175.95
17596 70.08992091412468 175.96
17597 70.09387224045155 175.97
17598 70.09782360275783 175.98
17599 70.10177491945649 175.99
17600 70.10572622216095 176
17601 70.10967751374321 176.01
17602 70.11362879519638 176.02
17603 70.11758007378845 176.03
17604 70.12153137915774 176.04
17605 70.12548263706759 176.05
17606 70.12943388782683 176.06
17607 70.13338511989488 176.07
17608 70.13733641588365 176.08
17609 70.14128767935244 176.09
17610 70.14523906660587 176.1
17611 70.1491904771802 176.11
17612 70.15314183338073 176.12
17613 70.15709321690402 176.13
17614 70.16104465219632 176.14
17615 70.16499598889486 176.15
17616 70.16894734648292 176.16
17617 70.17289876243851 176.17
17618 70.17685022492756 176.18
17619 70.18080168182988 176.19
17620 70.18475313635743 176.2
17621 70.18870458855454 176.21
17622 70.19265603937549 176.22
17623 70.19660749152982 176.23
17624 70.20055892548257 176.24
17625 70.20451039747013 176.25
17626 70.20846188415132 176.26
17627 70.21241341066275 176.27
17628 70.21636494018941 176.28
17629 70.22031646545511 176.29
17630 70.22426798878649 176.3
17631 70.22821951375158 176.31
17632 70.23217103883111 176.32
17633 70.23612255440463 176.33
17634 70.24007407021246 176.34
17635 70.24402558278047 176.35
17636 70.24797708839634 176.36
17637 70.25192858722593 176.37
17638 70.25588009220614 176.38
17639 70.25983158968623 176.39
17640 70.26378308537397 176.4
17641 70.26773457255581 176.41
17642 70.27168606066337 176.42
17643 70.27563754577957 176.43
17644 70.27958902457021 176.44
17645 70.28354049193943 176.45
17646 70.28749201702948 176.46
17647 70.29144348714773 176.47
17648 70.29539495112203 176.48
17649 70.29934641792204 176.49
17650 70.30329787457811 176.5
17651 70.30724932415723 176.51
17652 70.31120077137989 176.52
17653 70.31515221259565 176.53
17654 70.31910367210716 176.54
17655 70.32305514312569 176.55
17656 70.32700661594384 176.56
17657 70.33095807714261 176.57
17658 70.33490953557509 176.58
17659 70.33886099161467 176.59
17660 70.34281244219019 176.6
17661 70.34676388486912 176.61
17662 70.35071532099658 176.62
17663 70.35466670229773 176.63
17664 70.35861811070461 176.64
17665 70.3625695232563 176.65
17666 70.3665209332222 176.66
17667 70.37047232733491 176.67
17668 70.37442372155861 176.68
17669 70.37837511961322 176.69
17670 70.38232655607518 176.7
17671 70.38627794324685 176.71
17672 70.39022931914164 176.72
17673 70.39418070924323 176.73
17674 70.39813209030163 176.74
17675 70.40208347148162 176.75
17676 70.40603485317477 176.76
17677 70.40998623433615 176.77
17678 70.41393760476065 176.78
17679 70.41788901865979 176.79
17680 70.42184044569944 176.8
17681 70.42579192680306 176.81
17682 70.42974330489945 176.82
17683 70.43369469497517 176.83
17684 70.43764607970613 176.84
17685 70.44159744631172 176.85
17686 70.4455488293617 176.86
17687 70.44950022589775 176.87
17688 70.45345159556638 176.88
17689 70.45740298097753 176.89
17690 70.46135434914538 176.9
17691 70.46530571129524 176.91
17692 70.46925703685631 176.92
17693 70.47320835355421 176.93
17694 70.4771596572553 176.94
17695 70.48111096548803 176.95
17696 70.48506231728243 176.96
17697 70.48901369222281 176.97
17698 70.49296505664225 176.98
17699 70.4969164094021 176.99
17700 70.50086774869618 177
17701 70.50481909952686 177.01
17702 70.50877050460976 177.02
17703 70.51272182639946 177.03
17704 70.51667315893394 177.04
17705 70.52062448431153 177.05
17706 70.52457580652083 177.06
17707 70.52852715068533 177.07
17708 70.53247850170411 177.08
17709 70.53642982281107 177.09
17710 70.54038113490986 177.1
17711 70.54433245225097 177.11
17712 70.54828376093451 177.12
17713 70.55223506715301 177.13
17714 70.55618636403996 177.14
17715 70.56013765077401 177.15
17716 70.56408894426305 177.16
17717 70.56804023728682 177.17
17718 70.57199152456232 177.18
17719 70.57594281896441 177.19
17720 70.57989410994269 177.2
17721 70.58384544312011 177.21
17722 70.58779671877373 177.22
17723 70.5917479891703 177.23
17724 70.59569925290182 177.24
17725 70.59965051777181 177.25
17726 70.60360183078021 177.26
17727 70.60755309751065 177.27
17728 70.61150435721365 177.28
17729 70.61545563137464 177.29
17730 70.61940689747775 177.3
17731 70.62335817199789 177.31
17732 70.62730944895753 177.32
17733 70.63126073519147 177.33
17734 70.63521200286522 177.34
17735 70.63916328646528 177.35
17736 70.64311456637805 177.36
17737 70.64706584042194 177.37
17738 70.65101710671905 177.38
17739 70.6549683637117 177.39
17740 70.65891962872632 177.4
17741 70.66287089308578 177.41
17742 70.66682215460328 177.42
17743 70.67077343737184 177.43
17744 70.67472470156275 177.44
17745 70.678675913691 177.45
17746 70.68262706817627 177.46
17747 70.68657820960999 177.47
17748 70.69052939849476 177.48
17749 70.69448055576427 177.49
17750 70.69843169591765 177.5
17751 70.70238286769774 177.51
17752 70.70633401051442 177.52
17753 70.71028518524372 177.53
17754 70.71423633133384 177.54
17755 70.71818748111161 177.55
17756 70.72213864196745 177.56
17757 70.72608978963245 177.57
17758 70.73004093180738 177.58
17759 70.7339920915876 177.59
17760 70.73794324969985 177.6
17761 70.74189802040715 177.61
17762 70.74584917978667 177.62
17763 70.74979639381408 177.63
17764 70.75374854705932 177.64
17765 70.75769982391103 177.65
17766 70.76165099204957 177.66
17767 70.7656021430862 177.67
17768 70.76955329130783 177.68
17769 70.77350443723861 177.69
17770 70.77745558097303 177.7
17771 70.78140671980191 177.71
17772 70.78535786826889 177.72
17773 70.7893095001465 177.73
17774 70.7932612430526 177.74
17775 70.79721176694076 177.75
17776 70.80116232208017 177.76
17777 70.80511348541177 177.77
17778 70.8090642765286 177.78
17779 70.81301511940337 177.79
17780 70.81696676144904 177.8
17781 70.82091786077758 177.81
17782 70.82486879092902 177.82
17783 70.82881988321526 177.83
17784 70.83277137754808 177.84
17785 70.83672247499558 177.85
17786 70.84067333993463 177.86
17787 70.84462423429537 177.87
17788 70.84857640601868 177.88
17789 70.85252695516837 177.89
17790 70.85647805081962 177.9
17791 70.86043010951802 177.91
17792 70.86438096230376 177.92
17793 70.86833182557584 177.93
17794 70.87228102891794 177.94
17795 70.87623202733408 177.95
17796 70.88018323168002 177.96
17797 70.88413407685216 177.97
17798 70.88808521229431 177.98
17799 70.89203560968355 177.99
17800 70.89598665088451 178
17801 70.89993733568895 178.01
17802 70.90388836319971 178.02
17803 70.90783914608144 178.03
17804 70.91179017795515 178.04
17805 70.91574100941587 178.05
17806 70.91969203427504 178.06
17807 70.92364276110486 178.07
17808 70.92759381711568 178.08
17809 70.93154485430257 178.09
17810 70.93549588560427 178.1
17811 70.93944690970072 178.11
17812 70.94339792895916 178.12
17813 70.94734894074048 178.13
17814 70.95129994561334 178.14
17815 70.95525097765403 178.15
17816 70.95920200079561 178.16
17817 70.96315302132973 178.17
17818 70.96710404415832 178.18
17819 70.97105505661658 178.19
17820 70.97500606829979 178.2
17821 70.9789570645284 178.21
17822 70.98290805328944 178.22
17823 70.98685909298133 178.23
17824 70.99081008789747 178.24
17825 70.99476109644449 178.25
17826 70.99871210799465 178.26
17827 71.00266310658063 178.27
17828 71.0066141081515 178.28
17829 71.01056510570371 178.29
17830 71.01451609214328 178.3
17831 71.01846708023481 178.31
17832 71.02241806218822 178.32
17833 71.02636903827306 178.33
17834 71.03032003975271 178.34
17835 71.03427103760676 178.35
17836 71.0382220334029 178.36
17837 71.04217302472591 178.37
17838 71.04612401706224 178.38
17839 71.0500750613532 178.39
17840 71.05402604225571 178.4
17841 71.05797701907576 178.41
17842 71.06192799098724 178.42
17843 71.06587895800017 178.43
17844 71.06982992222893 178.44
17845 71.07378088261879 178.45
17846 71.07773183855164 178.46
17847 71.08168278985953 178.47
17848 71.08563373323641 178.48
17849 71.08958467477387 178.49
17850 71.09353560967524 178.5
17851 71.09748653743732 178.51
17852 71.10143746295813 178.52
17853 71.10538838486141 178.53
17854 71.10933929667607 178.54
17855 71.11329020811007 178.55
17856 71.11724111442429 178.56
17857 71.12119201259436 178.57
17858 71.12514290480192 178.58
17859 71.12909379305964 178.59
17860 71.13304467377627 178.6
17861 71.13699554995102 178.61
17862 71.14094642079451 178.62
17863 71.14489728588816 178.63
17864 71.14884814671318 178.64
17865 71.15279900741562 178.65
17866 71.15674980282753 178.66
17867 71.16070059519646 178.67
17868 71.16465137680103 178.68
17869 71.16860214907652 178.69
17870 71.17255291794478 178.7
17871 71.17650367682687 178.71
17872 71.18045442594365 178.72
17873 71.18440516994632 178.73
17874 71.18835590623492 178.74
17875 71.19230663264122 178.75
17876 71.19625735359423 178.76
17877 71.20020806435977 178.77
17878 71.20415876436714 178.78
17879 71.20810945752132 178.79
17880 71.2120601424342 178.8
17881 71.21601081633129 178.81
17882 71.21996148693896 178.82
17883 71.22391216370937 178.83
17884 71.22786279517331 178.84
17885 71.23181343053439 178.85
17886 71.2357640551196 178.86
17887 71.23971467383066 178.87
17888 71.24366535652624 178.88
17889 71.2476160245549 178.89
17890 71.25156672753593 178.9
17891 71.25551740051759 178.91
17892 71.25946807226532 178.92
17893 71.26341883993828 178.93
17894 71.26736953415265 178.94
17895 71.27132024290378 178.95
17896 71.27527094589078 178.96
17897 71.27922164146317 178.97
17898 71.28317232547988 178.98
17899 71.2871230035139 178.99
17900 71.29107366631902 179
17901 71.29502439581238 179.01
17902 71.29897511679238 179.02
17903 71.30292582453123 179.03
17904 71.30687652410383 179.04
17905 71.3108272099729 179.05
17906 71.31477787338522 179.06
17907 71.31872852341058 179.07
17908 71.32267924096573 179.08
17909 71.32662991811654 179.09
17910 71.33058058815824 179.1
17911 71.33453130451127 179.11
17912 71.33848202409524 179.12
17913 71.34243273767504 179.13
17914 71.34638343885473 179.14
17915 71.35033414328242 179.15
17916 71.35428483764244 179.16
17917 71.3582355233363 179.17
17918 71.36218620297643 179.18
17919 71.36613681934482 179.19
17920 71.37008742692396 179.2
17921 71.3740380277882 179.21
17922 71.37798861817379 179.22
17923 71.38193922776659 179.23
17924 71.38588988102725 179.24
17925 71.38984047819761 179.25
17926 71.39379106562831 179.26
17927 71.39774171435721 179.27
17928 71.40169235484991 179.28
17929 71.40564299472811 179.29
17930 71.40959362762246 179.3
17931 71.41354425477658 179.31
17932 71.41749487011506 179.32
17933 71.42144554050346 179.33
17934 71.42539620674161 179.34
17935 71.42934687214728 179.35
17936 71.43329758001744 179.36
17937 71.4372482831339 179.37
17938 71.44119899539402 179.38
17939 71.44514971072766 179.39
17940 71.44910042224544 179.4
17941 71.45305105448935 179.41
17942 71.45700171903093 179.42
17943 71.46095240664944 179.43
17944 71.46490320816767 179.44
17945 71.46885398511118 179.45
17946 71.47280474978676 179.46
17947 71.47675561127743 179.47
17948 71.48070636522289 179.48
17949 71.4846571226481 179.49
17950 71.48860779226996 179.5
17951 71.49255842967159 179.51
17952 71.49650901103365 179.52
17953 71.50045963812542 179.53
17954 71.50441031970806 179.54
17955 71.50836085537867 179.55
17956 71.51231145756557 179.56
17957 71.51626211193508 179.57
17958 71.52021278197175 179.58
17959 71.52416345183326 179.59
17960 71.52811412140946 179.6
17961 71.53206478437153 179.61
17962 71.53601544382192 179.62
17963 71.53996610413712 179.63
17964 71.54391677489069 179.64
17965 71.54786744154049 179.65
17966 71.55181811200488 179.66
17967 71.55576878145926 179.67
17968 71.55971944849728 179.68
17969 71.56367011120543 179.69
17970 71.56762077303986 179.7
17971 71.57157138461571 179.71
17972 71.57552202299951 179.72
17973 71.57947263427137 179.73
17974 71.58342322421667 179.74
17975 71.58737387442301 179.75
17976 71.59132448562866 179.76
17977 71.59527512642453 179.77
17978 71.59922575052568 179.78
17979 71.60317638023383 179.79
17980 71.60712703015923 179.8
17981 71.6110776780325 179.81
17982 71.61502833399564 179.82
17983 71.61897898171833 179.83
17984 71.62292964261604 179.84
17985 71.62688027766038 179.85
17986 71.63083091573517 179.86
17987 71.63478158065718 179.87
17988 71.63873222939051 179.88
17989 71.64268294587855 179.89
17990 71.64663359086393 179.9
17991 71.6505842451067 179.91
17992 71.65453487859887 179.92
17993 71.65848552441113 179.93
17994 71.66243612900089 179.94
17995 71.66638675378255 179.95
17996 71.67033739395032 179.96
17997 71.67428799291358 179.97
17998 71.6782386139939 179.98
17999 71.68218925343676 179.99
18000 71.68613989408362 180
18001 71.69009050959455 180.01
18002 71.69404114204951 180.02
18003 71.69799175567206 180.03
18004 71.70194239868707 180.04
18005 71.70589307385652 180.05
18006 71.70984368887665 180.06
18007 71.71379431056336 180.07
18008 71.71774489211521 180.08
18009 71.72169550798316 180.09
18010 71.72564607693175 180.1
18011 71.72959665864826 180.11
18012 71.73354722864418 180.12
18013 71.737497797006 180.13
18014 71.74144839010631 180.14
18015 71.7453989745113 180.15
18016 71.74934962835704 180.16
18017 71.75330021059909 180.17
18018 71.75725081259421 180.18
18019 71.76120133471517 180.19
18020 71.76515177928189 180.2
18021 71.76910226065124 180.21
18022 71.77305280746404 180.22
18023 71.77700330527801 180.23
18024 71.780953774285 180.24
18025 71.78490424120949 180.25
18026 71.78885471385581 180.26
18027 71.79280517318784 180.27
18028 71.79675565701416 180.28
18029 71.80070613383756 180.29
18030 71.80465660768614 180.3
18031 71.80860710349981 180.31
18032 71.81255765014961 180.32
18033 71.81650810806389 180.33
18034 71.82045856038144 180.34
18035 71.82440893830773 180.35
18036 71.8283593125322 180.36
18037 71.83230967413725 180.37
18038 71.83626002068407 180.38
18039 71.84021035767245 180.39
18040 71.84416072849586 180.4
18041 71.84811105320622 180.41
18042 71.85206137182914 180.42
18043 71.85601166110669 180.43
18044 71.85996195453677 180.44
18045 71.86391220780156 180.45
18046 71.8678624565986 180.46
18047 71.87181267635529 180.47
18048 71.87576289539157 180.48
18049 71.87971323921066 180.49
18050 71.88366352133426 180.5
18051 71.88761377338832 180.51
18052 71.89156403421568 180.52
18053 71.89551429279211 180.53
18054 71.89946455698835 180.54
18055 71.90341479185255 180.55
18056 71.90736501070072 180.56
18057 71.911315233929 180.57
18058 71.91526544357609 180.58
18059 71.91921565704808 180.59
18060 71.92316585151973 180.6
18061 71.9271160603198 180.61
18062 71.93106625161494 180.62
18063 71.93501644576818 180.63
18064 71.93896662706521 180.64
18065 71.94291697902607 180.65
18066 71.94686717180764 180.66
18067 71.95081756794801 180.67
18068 71.95476799110357 180.68
18069 71.95871825182842 180.69
18070 71.96266864642342 180.7
18071 71.96661918944801 180.71
18072 71.97056937632613 180.72
18073 71.97451973088613 180.73
18074 71.97846988029562 180.74
18075 71.98242023481842 180.75
18076 71.98637041120787 180.76
18077 71.99032052990948 180.77
18078 71.99427066017734 180.78
18079 71.99822075752284 180.79
18080 72.00217106680476 180.8
18081 72.00612136931734 180.81
18082 72.0100716220086 180.82
18083 72.01402190916743 180.83
18084 72.01797219614906 180.84
18085 72.02192247344018 180.85
18086 72.02587273050881 180.86
18087 72.02982305517243 180.87
18088 72.03377335951008 180.88
18089 72.03772370641568 180.89
18090 72.04167403703198 180.9
18091 72.04562436480779 180.91
18092 72.04957468056946 180.92
18093 72.05352498128306 180.93
18094 72.05747526543344 180.94
18095 72.06142560004942 180.95
18096 72.06537591198504 180.96
18097 72.06932621816068 180.97
18098 72.07327651773042 180.98
18099 72.07722681005995 180.99
18100 72.08117709086741 181
18101 72.08512740812837 181.01
18102 72.08907775827419 181.02
18103 72.09302811303259 181.03
18104 72.09697845074638 181.04
18105 72.10092879821028 181.05
18106 72.10487913632737 181.06
18107 72.10882947281185 181.07
18108 72.11277980899403 181.08
18109 72.11673017909968 181.09
18110 72.12068044640611 181.1
18111 72.12463070551775 181.11
18112 72.12858095817003 181.12
18113 72.13253121601822 181.13
18114 72.13648146380255 181.14
18115 72.14043171519295 181.15
18116 72.14438195471396 181.16
18117 72.14833221225973 181.17
18118 72.15228246146273 181.18
18119 72.15623270690159 181.19
18120 72.16018294666399 181.2
18121 72.16413310813202 181.21
18122 72.16808329875218 181.22
18123 72.17203348874357 181.23
18124 72.17598366835416 181.24
18125 72.17993387622118 181.25
18126 72.18388405417001 181.26
18127 72.18783421911523 181.27
18128 72.19178437819308 181.28
18129 72.19573458787299 181.29
18130 72.19968471967192 181.3
18131 72.20363485550149 181.31
18132 72.20758498632384 181.32
18133 72.21153511447338 181.33
18134 72.21548523113185 181.34
18135 72.21943533889615 181.35
18136 72.22338542884256 181.36
18137 72.22733551686164 181.37
18138 72.23128562918012 181.38
18139 72.23523573069735 181.39
18140 72.23918582975951 181.4
18141 72.24313592490822 181.41
18142 72.24708600824627 181.42
18143 72.25103608931772 181.43
18144 72.25498616315792 181.44
18145 72.25893628080726 181.45
18146 72.26288641394429 181.46
18147 72.26683655043041 181.47
18148 72.27078666531253 181.48
18149 72.27473686810973 181.49
18150 72.27868699745413 181.5
18151 72.28263711388087 181.51
18152 72.28658723350227 181.52
18153 72.2905373394226 181.53
18154 72.29448743818442 181.54
18155 72.29843758705817 181.55
18156 72.30238772997134 181.56
18157 72.30633786527528 181.57
18158 72.31028800837679 181.58
18159 72.31423816265853 181.59
18160 72.31818831109692 181.6
18161 72.32213845692704 181.61
18162 72.32608860641334 181.62
18163 72.33003875048325 181.63
18164 72.33398888800807 181.64
18165 72.33793901710136 181.65
18166 72.34188914077328 181.66
18167 72.3458392594959 181.67
18168 72.34978937906581 181.68
18169 72.35373948427102 181.69
18170 72.35768958231257 181.7
18171 72.36163967749953 181.71
18172 72.36558976046007 181.72
18173 72.36953983537808 181.73
18174 72.37348999259039 181.74
18175 72.3774400576484 181.75
18176 72.38139017558422 181.76
18177 72.38534028480602 181.77
18178 72.38929039494319 181.78
18179 72.39324049761395 181.79
18180 72.39719060442346 181.8
18181 72.40114069386027 181.81
18182 72.4050907782572 181.82
18183 72.40904085227916 181.83
18184 72.41299092258157 181.84
18185 72.41694101411352 181.85
18186 72.42089109575878 181.86
18187 72.42484117232343 181.87
18188 72.42879124351937 181.88
18189 72.43274130563677 181.89
18190 72.43669136752752 181.9
18191 72.44064141189287 181.91
18192 72.44459146047808 181.92
18193 72.44854149674943 181.93
18194 72.45249152732853 181.94
18195 72.45644156387527 181.95
18196 72.46039157793652 181.96
18197 72.46434159063386 181.97
18198 72.46829164841499 181.98
18199 72.47224169797553 181.99
18200 72.47619174100129 182
18201 72.48014177091127 182.01
18202 72.48409179504203 182.02
18203 72.48804181061345 182.03
18204 72.49199182123677 182.04
18205 72.49594182100026 182.05
18206 72.49989180676801 182.06
18207 72.50384179871828 182.07
18208 72.50779179389963 182.08
18209 72.51174176616126 182.09
18210 72.51569172939413 182.1
18211 72.51964168632502 182.11
18212 72.52359162182238 182.12
18213 72.52754156295673 182.13
18214 72.53149151093015 182.14
18215 72.53544144809229 182.15
18216 72.53939137776692 182.16
18217 72.5433412963996 182.17
18218 72.54729120912411 182.18
18219 72.55124119484961 182.19
18220 72.55519117552325 182.2
18221 72.55914113314748 182.21
18222 72.56309113577527 182.22
18223 72.56704109574272 182.23
18224 72.57099105314865 182.24
18225 72.57494096176828 182.25
18226 72.57889086939836 182.26
18227 72.58284077241531 182.27
18228 72.58679064879647 182.28
18229 72.59074055366028 182.29
18230 72.5946904108561 182.3
18231 72.5986402564598 182.31
18232 72.60259008956709 182.32
18233 72.60653989863167 182.33
18234 72.61048966493765 182.34
18235 72.61443938052984 182.35
18236 72.61838917809362 182.36
18237 72.62233901126072 182.37
18238 72.62628883018203 182.38
18239 72.63023870922709 182.39
18240 72.63418854130198 182.4
18241 72.63813836681614 182.41
18242 72.64208822850351 182.42
18243 72.64603806933131 182.43
18244 72.64998787271547 182.44
18245 72.65393766339584 182.45
18246 72.65788747822833 182.46
18247 72.66183727866363 182.47
18248 72.66578704990921 182.48
18249 72.66973691477864 182.49
18250 72.67368677261612 182.5
18251 72.67763657538195 182.51
18252 72.68158637840676 182.52
18253 72.68553617054174 182.53
18254 72.68948597784814 182.54
18255 72.69343582332426 182.55
18256 72.69738561742591 182.56
18257 72.70133540592367 182.57
18258 72.70528520933016 182.58
18259 72.70923496710705 182.59
18260 72.71318472638988 182.6
18261 72.71713447889394 182.61
18262 72.72108422012558 182.62
18263 72.72503397032014 182.63
18264 72.72898368272732 182.64
18265 72.73293341972048 182.65
18266 72.73688313708007 182.66
18267 72.74083282759656 182.67
18268 72.74478258796219 182.68
18269 72.7487323239323 182.69
18270 72.75268208028169 182.7
18271 72.75663183664254 182.71
18272 72.76058153150649 182.72
18273 72.76453123391363 182.73
18274 72.76848093174124 182.74
18275 72.77243054307819 182.75
18276 72.77638030934122 182.76
18277 72.78033012168278 182.77
18278 72.78427987506298 182.78
18279 72.78822968761885 182.79
18280 72.79217946243178 182.8
18281 72.79612927331665 182.81
18282 72.80007913916913 182.82
18283 72.8040289384281 182.83
18284 72.80797880942252 182.84
18285 72.81192860727914 182.85
18286 72.81587839774467 182.86
18287 72.81982815134296 182.87
18288 72.82377793416602 182.88
18289 72.82772771577163 182.89
18290 72.83167745384532 182.9
18291 72.83562720115796 182.91
18292 72.8395770166718 182.92
18293 72.84352682766774 182.93
18294 72.84747664171616 182.94
18295 72.85142647656001 182.95
18296 72.85537636081597 182.96
18297 72.85932623943638 182.97
18298 72.86327615017018 182.98
18299 72.86722612410009 182.99
18300 72.8711760362058 183
18301 72.8751259502945 183.01
18302 72.87907585211346 183.02
18303 72.88302575172867 183.03
18304 72.88697565385183 183.04
18305 72.89092555050451 183.05
18306 72.89487539313967 183.06
18307 72.89882528695252 183.07
18308 72.9027751289285 183.08
18309 72.90672496836301 183.09
18310 72.91067482855786 183.1
18311 72.91462466381691 183.11
18312 72.91857449304646 183.12
18313 72.92252432269822 183.13
18314 72.92647414465773 183.14
18315 72.9304239675309 183.15
18316 72.93437378903739 183.16
18317 72.93832360763574 183.17
18318 72.94227342481997 183.18
18319 72.94622333583757 183.19
18320 72.95017330524107 183.2
18321 72.95412309369888 183.21
18322 72.95807291514875 183.22
18323 72.96202270389438 183.23
18324 72.9659725002341 183.24
18325 72.96992229731995 183.25
18326 72.97387208621672 183.26
18327 72.97782187629763 183.27
18328 72.98177163416088 183.28
18329 72.98572137438559 183.29
18330 72.98967116359033 183.3
18331 72.99362095266765 183.31
18332 72.9975707141154 183.32
18333 73.00152047326912 183.33
18334 73.00547023243695 183.34
18335 73.00941992349533 183.35
18336 73.01336961190088 183.36
18337 73.01731931053126 183.37
18338 73.02126908720338 183.38
18339 73.02521878926618 183.39
18340 73.0291684946674 183.4
18341 73.03311821106729 183.41
18342 73.03706787207879 183.42
18343 73.04101757293978 183.43
18344 73.04496727294944 183.44
18345 73.04891697923944 183.45
18346 73.05286667518422 183.46
18347 73.05681637850755 183.47
18348 73.06076606138922 183.48
18349 73.06471576536887 183.49
18350 73.068665452548 183.5
18351 73.07261513420316 183.51
18352 73.07656482765017 183.52
18353 73.08051452904658 183.53
18354 73.08446423728026 183.54
18355 73.08841387993029 183.55
18356 73.09236352025519 183.56
18357 73.09631312425951 183.57
18358 73.1002627497991 183.58
18359 73.10421237320755 183.59
18360 73.10816200124097 183.6
18361 73.11211161315906 183.61
18362 73.11606124152928 183.62
18363 73.12001091671308 183.63
18364 73.12396053545723 183.64
18365 73.12791014865383 183.65
18366 73.1318597623567 183.66
18367 73.13580934550393 183.67
18368 73.13975895853837 183.68
18369 73.14370855346695 183.69
18370 73.14765814445072 183.7
18371 73.15160774031123 183.71
18372 73.15555733223506 183.72
18373 73.15950692566258 183.73
18374 73.1634564948185 183.74
18375 73.16740606217856 183.75
18376 73.17135558606498 183.76
18377 73.17530517565385 183.77
18378 73.17925476585329 183.78
18379 73.18320434688025 183.79
18380 73.18715386459304 183.8
18381 73.19110337939614 183.81
18382 73.19505288947505 183.82
18383 73.19900239878187 183.83
18384 73.20295190539761 183.84
18385 73.20690141054264 183.85
18386 73.21085091090745 183.86
18387 73.21480041065439 183.87
18388 73.21874990837588 183.88
18389 73.22269939700814 183.89
18390 73.22664890842213 183.9
18391 73.23059839320285 183.91
18392 73.2345478799057 183.92
18393 73.23849736591742 183.93
18394 73.24244684869961 183.94
18395 73.24639641330862 183.95
18396 73.25034588634006 183.96
18397 73.25429535665268 183.97
18398 73.25824481746454 183.98
18399 73.26219427742296 183.99
18400 73.26614373647767 184
18401 73.27009318271094 184.01
18402 73.27404263096244 184.02
18403 73.27799207556029 184.03
18404 73.28194158764978 184.04
18405 73.28589102218524 184.05
18406 73.28984047887943 184.06
18407 73.29378993044455 184.07
18408 73.29773938126378 184.08
18409 73.30168882933498 184.09
18410 73.3056382726062 184.1
18411 73.30958771433627 184.11
18412 73.31353715317977 184.12
18413 73.31748658682908 184.13
18414 73.32143602175785 184.14
18415 73.3253854516372 184.15
18416 73.32933487747734 184.16
18417 73.33328435172893 184.17
18418 73.33723377375475 184.18
18419 73.34118318925889 184.19
18420 73.34513260762475 184.2
18421 73.34908202566885 184.21
18422 73.3530314334903 184.22
18423 73.35698084428452 184.23
18424 73.36093025254223 184.24
18425 73.36487965210792 184.25
18426 73.36882905012095 184.26
18427 73.37277844032602 184.27
18428 73.3767278332285 184.28
18429 73.38067722499027 184.29
18430 73.38462661019734 184.3
18431 73.38857599519237 184.31
18432 73.39252537501773 184.32
18433 73.39647475974482 184.33
18434 73.40042412806886 184.34
18435 73.4043734902092 184.35
18436 73.4083228921501 184.36
18437 73.41227232291294 184.37
18438 73.41622174553623 184.38
18439 73.42017118709536 184.39
18440 73.42412061699518 184.4
18441 73.42807003715258 184.41
18442 73.43201945294845 184.42
18443 73.43596887927228 184.43
18444 73.43991832810322 184.44
18445 73.44386776691783 184.45
18446 73.44781719675525 184.46
18447 73.45176658174206 184.47
18448 73.45571596964812 184.48
18449 73.45966535469113 184.49
18450 73.46361475423467 184.5
18451 73.46756418160318 184.51
18452 73.47151356881545 184.52
18453 73.47546294944223 184.53
18454 73.47941232405014 184.54
18455 73.48336169685032 184.55
18456 73.48731106409869 184.56
18457 73.49126042127395 184.57
18458 73.4952097774261 184.58
18459 73.49915912226501 184.59
18460 73.50310845755533 184.6
18461 73.50705782091684 184.61
18462 73.51100718339453 184.62
18463 73.51495654165501 184.63
18464 73.51890589822511 184.64
18465 73.52285530117737 184.65
18466 73.52680473447293 184.66
18467 73.53075411233036 184.67
18468 73.53470350040166 184.68
18469 73.53865286117369 184.69
18470 73.54260222534182 184.7
18471 73.54655158605294 184.71
18472 73.55050100443843 184.72
18473 73.5544503569399 184.73
18474 73.55839970699441 184.74
18475 73.56234905038897 184.75
18476 73.56629840072009 184.76
18477 73.57024774459046 184.77
18478 73.57419708588094 184.78
18479 73.57814642246983 184.79
18480 73.58209575023488 184.8
18481 73.58604507757101 184.81
18482 73.58999441431833 184.82
18483 73.59394366884567 184.83
18484 73.59789292058065 184.84
18485 73.60184216824894 184.85
18486 73.60579141272072 184.86
18487 73.60974065313302 184.87
18488 73.61368989069295 184.88
18489 73.61763912981053 184.89
18490 73.62158835631199 184.9
18491 73.62553758123482 184.91
18492 73.62948680808526 184.92
18493 73.6334360221245 184.93
18494 73.63738523477406 184.94
18495 73.64133444335887 184.95
18496 73.64528364918064 184.96
18497 73.64923290136247 184.97
18498 73.6531820933684 184.98
18499 73.65713128097082 184.99
18500 73.66108046854922 185
18501 73.66502965223933 185.01
18502 73.66897882447478 185.02
18503 73.67292798850937 185.03
18504 73.67687714705826 185.04
18505 73.68082629939349 185.05
18506 73.68477544841443 185.06
18507 73.68872460556862 185.07
18508 73.69267376001247 185.08
18509 73.69662290975285 185.09
18510 73.70057205378923 185.1
18511 73.70452119589143 185.11
18512 73.70847032869398 185.12
18513 73.71241946727017 185.13
18514 73.71636859444683 185.14
18515 73.72031771557343 185.15
18516 73.72426683002789 185.16
18517 73.72821593995269 185.17
18518 73.7321650436584 185.18
18519 73.73611413749629 185.19
18520 73.74006322907374 185.2
18521 73.74401231538272 185.21
18522 73.74796138784184 185.22
18523 73.75191045218862 185.23
18524 73.75585950314147 185.24
18525 73.75980854891955 185.25
18526 73.76375759086081 185.26
18527 73.7677066211065 185.27
18528 73.77165565117426 185.28
18529 73.77560468614537 185.29
18530 73.77955368272129 185.3
18531 73.78350268121541 185.31
18532 73.78745169473467 185.32
18533 73.79140070960591 185.33
18534 73.79534968612258 185.34
18535 73.7992986681277 185.35
18536 73.80324764375354 185.36
18537 73.80719662094265 185.37
18538 73.81114558913174 185.38
18539 73.81509456584962 185.39
18540 73.81904352201472 185.4
18541 73.82299246987732 185.41
18542 73.82694141556489 185.42
18543 73.83089035246749 185.43
18544 73.83483927439008 185.44
18545 73.8387882080671 185.45
18546 73.8427371143767 185.46
18547 73.84668600576973 185.47
18548 73.85063489627466 185.48
18549 73.85458377365707 185.49
18550 73.85853264057599 185.5
18551 73.86248149934525 185.51
18552 73.8664304460889 185.52
18553 73.87037940776038 185.53
18554 73.87432834475773 185.54
18555 73.87827727245764 185.55
18556 73.88222619027536 185.56
18557 73.88617509485702 185.57
18558 73.89012401745291 185.58
18559 73.89407288329018 185.59
18560 73.89802173346924 185.6
18561 73.90197069076565 185.61
18562 73.90591964056782 185.62
18563 73.90986856842449 185.63
18564 73.91381763303193 185.64
18565 73.91776669071736 185.65
18566 73.92171574743956 185.66
18567 73.92566478134117 185.67
18568 73.92961381350608 185.68
18569 73.93356294356884 185.69
18570 73.93751205951689 185.7
18571 73.94146117409986 185.71
18572 73.94541028228424 185.72
18573 73.949359386862 185.73
18574 73.9533084719457 185.74
18575 73.95725757094499 185.75
18576 73.96120666548126 185.76
18577 73.96515572859414 185.77
18578 73.96910487208028 185.78
18579 73.97305396677383 185.79
18580 73.97700302911619 185.8
18581 73.98095209030579 185.81
18582 73.98490114505555 185.82
18583 73.9888502414238 185.83
18584 73.99279932454832 185.84
18585 73.9967483737309 185.85
18586 74.00069742658076 185.86
18587 74.00464647654084 185.87
18588 74.0085955427913 185.88
18589 74.01254460718266 185.89
18590 74.01649366932449 185.9
18591 74.0204426959321 185.91
18592 74.02439174272119 185.92
18593 74.0283407747505 185.93
18594 74.03228988244841 185.94
18595 74.03623902797186 185.95
18596 74.04018817111826 185.96
18597 74.04413730949895 185.97
18598 74.04808644138865 185.98
18599 74.05203550874006 185.99
18600 74.05598463527103 186
18601 74.05993379160228 186.01
18602 74.06388290092679 186.02
18603 74.06783201643125 186.03
18604 74.07178110924932 186.04
18605 74.07573017959538 186.05
18606 74.07967927905126 186.06
18607 74.08362839852931 186.07
18608 74.08757748136867 186.08
18609 74.091526562423 186.09
18610 74.09547563426364 186.1
18611 74.09942471535844 186.11
18612 74.10337380850433 186.12
18613 74.10732290223052 186.13
18614 74.11127203281723 186.14
18615 74.11522110732537 186.15
18616 74.11917017392597 186.16
18617 74.12311921501549 186.17
18618 74.12706825980058 186.18
18619 74.13101729230436 186.19
18620 74.13496636270732 186.2
18621 74.13891541223015 186.21
18622 74.14286446274028 186.22
18623 74.14681357241378 186.23
18624 74.15076262466293 186.24
18625 74.15471168188324 186.25
18626 74.15866074495986 186.26
18627 74.16260980947635 186.27
18628 74.16655886684194 186.28
18629 74.17050797929208 186.29
18630 74.17445706061395 186.3
18631 74.17840610890482 186.31
18632 74.18235517476739 186.32
18633 74.18630422234642 186.33
18634 74.19025328724267 186.34
18635 74.19420234678697 186.35
18636 74.19815139219746 186.36
18637 74.20210043727005 186.37
18638 74.20604948164706 186.38
18639 74.20999854074878 186.39
18640 74.21394758508296 186.4
18641 74.21789662489445 186.41
18642 74.22184567821733 186.42
18643 74.22579475496954 186.43
18644 74.22974386344956 186.44
18645 74.23369292069398 186.45
18646 74.23764196308676 186.46
18647 74.24159100203154 186.47
18648 74.24554005500215 186.48
18649 74.24948910647163 186.49
18650 74.25343813572765 186.5
18651 74.25738717525574 186.51
18652 74.26133615183507 186.52
18653 74.26528510958221 186.53
18654 74.2692340399737 186.54
18655 74.27318302333794 186.55
18656 74.27713200496672 186.56
18657 74.28108099102742 186.57
18658 74.28502997800422 186.58
18659 74.2889789209505 186.59
18660 74.29292786321273 186.6
18661 74.29687680003872 186.61
18662 74.30082572884555 186.62
18663 74.30477469186343 186.63
18664 74.30872361695845 186.64
18665 74.31267254329165 186.65
18666 74.31662146983646 186.66
18667 74.32057039290423 186.67
18668 74.32451934852284 186.68
18669 74.32846827005049 186.69
18670 74.33241712144903 186.7
18671 74.33636597033112 186.71
18672 74.34031481700207 186.72
18673 74.34426366041276 186.73
18674 74.34821250376271 186.74
18675 74.35216136557074 186.75
18676 74.356110234581 186.76
18677 74.36005909184877 186.77
18678 74.36400794788256 186.78
18679 74.36795680086134 186.79
18680 74.37190565081113 186.8
18681 74.37585449736133 186.81
18682 74.37980332142369 186.82
18683 74.38375215833376 186.83
18684 74.38770099277681 186.84
18685 74.39164982269858 186.85
18686 74.39559865058877 186.86
18687 74.39954747466496 186.87
18688 74.40349629635804 186.88
18689 74.40744511546939 186.89
18690 74.4113939323978 186.9
18691 74.4153427460606 186.91
18692 74.41929155246649 186.92
18693 74.42324041870698 186.93
18694 74.42718922299882 186.94
18695 74.43113802413944 186.95
18696 74.43508682408628 186.96
18697 74.43903561790052 186.97
18698 74.44298440896156 186.98
18699 74.44693319439419 186.99
18700 74.45088197574154 187
18701 74.45483075396602 187.01
18702 74.45877953249469 187.02
18703 74.46272829774213 187.03
18704 74.46667706814978 187.04
18705 74.47062580822271 187.05
18706 74.47457457406099 187.06
18707 74.47852333879084 187.07
18708 74.48247209831692 187.08
18709 74.48642084614602 187.09
18710 74.49036959077242 187.1
18711 74.49431831778851 187.11
18712 74.49826704851705 187.12
18713 74.50221577088621 187.13
18714 74.50616448754701 187.14
18715 74.51011319950894 187.15
18716 74.51406190231864 187.16
18717 74.51801061277223 187.17
18718 74.52195930901243 187.18
18719 74.52590801604664 187.19
18720 74.52985671848766 187.2
18721 74.53380541251029 187.21
18722 74.53775409945347 187.22
18723 74.54170277851227 187.23
18724 74.54565145035798 187.24
18725 74.54960011180091 187.25
18726 74.55354876232703 187.26
18727 74.55749743292162 187.27
18728 74.56144606639877 187.28
18729 74.56539474984925 187.29
18730 74.56934336921881 187.3
18731 74.5732919717565 187.31
18732 74.57724056338151 187.32
18733 74.58118914364437 187.33
18734 74.5851377116195 187.34
18735 74.58908638909116 187.35
18736 74.59303506577575 187.36
18737 74.59698373872715 187.37
18738 74.6009324038219 187.38
18739 74.60488107204091 187.39
18740 74.60882973432486 187.4
18741 74.61277843633664 187.41
18742 74.61672709127168 187.42
18743 74.62067578357642 187.43
18744 74.62462442182303 187.44
18745 74.62857306007142 187.45
18746 74.63252169439562 187.46
18747 74.63647032328684 187.47
18748 74.64041894287115 187.48
18749 74.64436754880815 187.49
18750 74.64831615711586 187.5
18751 74.65226476014237 187.51
18752 74.65621336444616 187.52
18753 74.66016195583879 187.53
18754 74.66411054590183 187.54
18755 74.66805912402042 187.55
18756 74.67200769539342 187.56
18757 74.67595629873747 187.57
18758 74.6799048670288 187.58
18759 74.68385341620714 187.59
18760 74.68780198221151 187.6
18761 74.69175053715423 187.61
18762 74.69569908051301 187.62
18763 74.69964761773286 187.63
18764 74.70359622212908 187.64
18765 74.70754488751169 187.65
18766 74.71149361249441 187.66
18767 74.7154422568687 187.67
18768 74.7193909848981 187.68
18769 74.72333964490629 187.69
18770 74.72728830096783 187.7
18771 74.7312369183862 187.71
18772 74.73518552607374 187.72
18773 74.73913412935954 187.73
18774 74.74308272721811 187.74
18775 74.74703131778905 187.75
18776 74.75097985468329 187.76
18777 74.75492848095756 187.77
18778 74.75887707064788 187.78
18779 74.76282565983608 187.79
18780 74.76677422584709 187.8
18781 74.77072279772547 187.81
18782 74.77467136875882 187.82
18783 74.7786199343947 187.83
18784 74.78256852489619 187.84
18785 74.78651713530341 187.85
18786 74.79046575242887 187.86
18787 74.79441436984359 187.87
18788 74.79836299133416 187.88
18789 74.80231160102345 187.89
18790 74.80626021008808 187.9
18791 74.81020881484226 187.91
18792 74.81415741198738 187.92
18793 74.81810601363692 187.93
18794 74.82205461357853 187.94
18795 74.82600321065249 187.95
18796 74.82995180519677 187.96
18797 74.83390039764092 187.97
18798 74.83784899547153 187.98
18799 74.84179758267059 187.99
18800 74.84574616340588 188
18801 74.84969473798154 188.01
18802 74.85364331533262 188.02
18803 74.85759188592995 188.03
18804 74.86154044880681 188.04
18805 74.86548901033123 188.05
18806 74.86943756369013 188.06
18807 74.87338612379993 188.07
18808 74.87733468010686 188.08
18809 74.88128325640993 188.09
18810 74.88523182806929 188.1
18811 74.88918039410635 188.11
18812 74.89312890096249 188.12
18813 74.89707740393882 188.13
18814 74.90102590790852 188.14
18815 74.90497440292867 188.15
18816 74.90892289764136 188.16
18817 74.91287138368565 188.17
18818 74.91681986760916 188.18
18819 74.92076834794773 188.19
18820 74.9247167462445 188.2
18821 74.92866514129531 188.21
18822 74.93261353304332 188.22
18823 74.93656191956819 188.23
18824 74.94051030311692 188.24
18825 74.94445868176243 188.25
18826 74.94840705689316 188.26
18827 74.95235542877396 188.27
18828 74.9563037905523 188.28
18829 74.96025215018605 188.29
18830 74.96420050947134 188.3
18831 74.96814880639585 188.31
18832 74.97209709704823 188.32
18833 74.9760453821699 188.33
18834 74.97999366158434 188.34
18835 74.98394193125486 188.35
18836 74.98789019828833 188.36
18837 74.99183846157565 188.37
18838 74.99578671692225 188.38
18839 74.99973496341585 188.39
18840 75.00368320649628 188.4
18841 75.00763144265827 188.41
18842 75.0115796688938 188.42
18843 75.01552781786927 188.43
18844 75.01947596046108 188.44
18845 75.02342409595281 188.45
18846 75.02737224125164 188.46
18847 75.0313204081103 188.47
18848 75.03526854750611 188.48
18849 75.03921667634867 188.49
18850 75.04316480195635 188.5
18851 75.04711285857816 188.51
18852 75.05106092237838 188.52
18853 75.05500896586301 188.53
18854 75.05895700109519 188.54
18855 75.06290502165456 188.55
18856 75.06685312769939 188.56
18857 75.07080119637833 188.57
18858 75.07474919912575 188.58
18859 75.07869718444707 188.59
18860 75.08264515828407 188.6
18861 75.08659314459409 188.61
18862 75.09054112230373 188.62
18863 75.09448909262076 188.63
18864 75.09843711231419 188.64
18865 75.10238511736222 188.65
18866 75.10633311632134 188.66
18867 75.11028116151849 188.67
18868 75.11422920477237 188.68
18869 75.11817724245059 188.69
18870 75.122125362508 188.7
18871 75.12607347912771 188.71
18872 75.13002159006575 188.72
18873 75.13396969728362 188.73
18874 75.13791779699631 188.74
18875 75.1418658944602 188.75
18876 75.14581398807104 188.76
18877 75.14976207288234 188.77
18878 75.15371015747549 188.78
18879 75.15765823223143 188.79
18880 75.16160630517292 188.8
18881 75.16555436664555 188.81
18882 75.16950235715508 188.82
18883 75.17345033635732 188.83
18884 75.17739830769824 188.84
18885 75.18134634315238 188.85
18886 75.18529436594605 188.86
18887 75.18924238650973 188.87
18888 75.19319039084361 188.88
18889 75.19713842377713 188.89
18890 75.20108638825337 188.9
18891 75.20503433246262 188.91
18892 75.20898231806439 188.92
18893 75.21293030310622 188.93
18894 75.21687826786268 188.94
18895 75.22082623255322 188.95
18896 75.22477419613915 188.96
18897 75.22872217446688 188.97
18898 75.23267013982326 188.98
18899 75.23661807005232 188.99
18900 75.24056599045517 189
18901 75.2445139011383 189.01
18902 75.24846181096112 189.02
18903 75.25240971015168 189.03
18904 75.25635758104205 189.04
18905 75.26030544267772 189.05
18906 75.26425329013858 189.06
18907 75.26820117463001 189.07
18908 75.27214900197387 189.08
18909 75.27609681584161 189.09
18910 75.28004461016793 189.1
18911 75.28399239794544 189.11
18912 75.28794019886831 189.12
18913 75.29188807621313 189.13
18914 75.29583594130128 189.14
18915 75.29978378517973 189.15
18916 75.30373145909421 189.16
18917 75.30767928420056 189.17
18918 75.3116271842857 189.18
18919 75.3155750136614 189.19
18920 75.31952282617033 189.2
18921 75.32347061695688 189.21
18922 75.32741838572093 189.22
18923 75.33136620119552 189.23
18924 75.33531405561214 189.24
18925 75.33926193738287 189.25
18926 75.3432098266435 189.26
18927 75.34715771062265 189.27
18928 75.3511055896472 189.28
18929 75.355053462919 189.29
18930 75.359001344587 189.3
18931 75.362949221268 189.31
18932 75.36689709393008 189.32
18933 75.37084507949881 189.33
18934 75.37479295349036 189.34
18935 75.37874076095565 189.35
18936 75.38268864804689 189.36
18937 75.38663638288568 189.37
18938 75.39058422103946 189.38
18939 75.39453204956907 189.39
18940 75.39847991326491 189.4
18941 75.40242773043806 189.41
18942 75.40637554752837 189.42
18943 75.41032336207854 189.43
18944 75.41427117083384 189.44
18945 75.41821897145167 189.45
18946 75.42216677134124 189.46
18947 75.42611456697428 189.47
18948 75.43006235530062 189.48
18949 75.43401014030984 189.49
18950 75.43795793172859 189.5
18951 75.44190576667674 189.51
18952 75.44585358925606 189.52
18953 75.44980145941878 189.53
18954 75.453749318726 189.54
18955 75.45769713730556 189.55
18956 75.46164492586284 189.56
18957 75.46559266080638 189.57
18958 75.46954031147098 189.58
18959 75.47348798030502 189.59
18960 75.47743568318415 189.6
18961 75.4813835522508 189.61
18962 75.48533135984049 189.62
18963 75.48927916718048 189.63
18964 75.49322697721996 189.64
18965 75.49717478801843 189.65
18966 75.50112259217698 189.66
18967 75.50507039304898 189.67
18968 75.5090181907033 189.68
18969 75.5129659819269 189.69
18970 75.51691377937937 189.7
18971 75.52086157842123 189.71
18972 75.52480936886683 189.72
18973 75.52875715586157 189.73
18974 75.53270493903997 189.74
18975 75.53665272491631 189.75
18976 75.54060050656781 189.76
18977 75.54454824168272 189.77
18978 75.54849593511796 189.78
18979 75.55244363681003 189.79
18980 75.55639132644225 189.8
18981 75.56033901445099 189.81
18982 75.56428669936574 189.82
18983 75.56823437927997 189.83
18984 75.57218205396168 189.84
18985 75.57612972575456 189.85
18986 75.58007740202933 189.86
18987 75.5840250952044 189.87
18988 75.58797275561746 189.88
18989 75.59192041588528 189.89
18990 75.59586811130946 189.9
18991 75.59981577111509 189.91
18992 75.60376343289559 189.92
18993 75.60771107166038 189.93
18994 75.61165870522859 189.94
18995 75.61560633246009 189.95
18996 75.61955397277738 189.96
18997 75.62350159288066 189.97
18998 75.62744920909381 189.98
18999 75.63139682918616 189.99
19000 75.63534444048526 190
19001 75.63929203953089 190.01
19002 75.64323964014172 190.02
19003 75.64718723279776 190.03
19004 75.65113483730221 190.04
19005 75.65508244627821 190.05
19006 75.65903005372 190.06
19007 75.66297765485436 190.07
19008 75.66692523534385 190.08
19009 75.67087283821908 190.09
19010 75.67482041672946 190.1
19011 75.6787679824391 190.11
19012 75.68271554912717 190.12
19013 75.68666311444832 190.13
19014 75.69061066902515 190.14
19015 75.69455821270824 190.15
19016 75.69850584388203 190.16
19017 75.70245341474882 190.17
19018 75.70640097873749 190.18
19019 75.71034853834179 190.19
19020 75.71429612802083 190.2
19021 75.71824370144964 190.21
19022 75.72219128283372 190.22
19023 75.7261388544505 190.23
19024 75.73008641270388 190.24
19025 75.73403397726685 190.25
19026 75.73798145407262 190.26
19027 75.74192893392478 190.27
19028 75.74587642900048 190.28
19029 75.74982387807461 190.29
19030 75.75377133763885 190.3
19031 75.75771879828392 190.31
19032 75.76166624492399 190.32
19033 75.76561367138078 190.33
19034 75.76956110442545 190.34
19035 75.77350853528415 190.35
19036 75.77745595484083 190.36
19037 75.78140337354674 190.37
19038 75.78535078628413 190.38
19039 75.78929818768702 190.39
19040 75.79324558966073 190.4
19041 75.7971929738859 190.41
19042 75.80114034205917 190.42
19043 75.80508771601302 190.43
19044 75.80903508461904 190.44
19045 75.81298244779688 190.45
19046 75.81692978191198 190.46
19047 75.82087712979489 190.47
19048 75.82482446461702 190.48
19049 75.8287717935624 190.49
19050 75.83271911764015 190.5
19051 75.83666647198638 190.51
19052 75.84061378534525 190.52
19053 75.84456108913957 190.53
19054 75.84850836516183 190.54
19055 75.85245557945662 190.55
19056 75.85640277952373 190.56
19057 75.86034996354938 190.57
19058 75.86429717012015 190.58
19059 75.86824433998478 190.59
19060 75.87219150267225 190.6
19061 75.87613870347052 190.61
19062 75.88008597120296 190.62
19063 75.88403322599544 190.63
19064 75.88798047192172 190.64
19065 75.89192770380231 190.65
19066 75.89587493373153 190.66
19067 75.89982215525967 190.67
19068 75.903769369081 190.68
19069 75.90771657601948 190.69
19070 75.91166377346738 190.7
19071 75.91561105854628 190.71
19072 75.91955842148803 190.72
19073 75.92350577732438 190.73
19074 75.92745313352742 190.74
19075 75.9314004769198 190.75
19076 75.93534788033872 190.76
19077 75.93929527595068 190.77
19078 75.94324263313203 190.78
19079 75.94718999097216 190.79
19080 75.95113739341349 190.8
19081 75.9550847385408 190.81
19082 75.9590320878166 190.82
19083 75.96297942145684 190.83
19084 75.96692675530053 190.84
19085 75.97087408525391 190.85
19086 75.97482141176945 190.86
19087 75.9787687182604 190.87
19088 75.98271604961451 190.88
19089 75.9866633884434 190.89
19090 75.99061072821314 190.9
19091 75.99455807032923 190.91
19092 75.99850539805774 190.92
19093 76.00245271339389 190.93
19094 76.0063999703293 190.94
19095 76.01034722404765 190.95
19096 76.01429450259243 190.96
19097 76.01824178631925 190.97
19098 76.0221890681 190.98
19099 76.02613636704776 190.99
19100 76.03008368857905 191
19101 76.034031006276 191.01
19102 76.03797835327778 191.02
19103 76.04192565030158 191.03
19104 76.04587294478594 191.04
19105 76.04982023625595 191.05
19106 76.05376752502227 191.06
19107 76.05771481051369 191.07
19108 76.06166209700379 191.08
19109 76.06560937803764 191.09
19110 76.06955665811128 191.1
19111 76.07350393030896 191.11
19112 76.07745119133945 191.12
19113 76.08139845780983 191.13
19114 76.08534572683109 191.14
19115 76.08929299150395 191.15
19116 76.09324025117724 191.16
19117 76.09718750387991 191.17
19118 76.10113475010793 191.18
19119 76.10508199608647 191.19
19120 76.10902924105332 191.2
19121 76.11297647690009 191.21
19122 76.11692370795733 191.22
19123 76.12087093132214 191.23
19124 76.12481815588139 191.24
19125 76.12876537454213 191.25
19126 76.13271258541292 191.26
19127 76.13665979598403 191.27
19128 76.14060700518054 191.28
19129 76.14455421798044 191.29
19130 76.1485014324908 191.3
19131 76.15244863376033 191.31
19132 76.15639583275197 191.32
19133 76.16034302660681 191.33
19134 76.16429022041748 191.34
19135 76.16823742184494 191.35
19136 76.1721846107738 191.36
19137 76.17613181833006 191.37
19138 76.18007903035486 191.38
19139 76.18402623403595 191.39
19140 76.18797345121538 191.4
19141 76.19192064482161 191.41
19142 76.1958678307064 191.42
19143 76.19981501461369 191.43
19144 76.20376222125816 191.44
19145 76.20770939717569 191.45
19146 76.21165656747262 191.46
19147 76.21560372692777 191.47
19148 76.21955094405324 191.48
19149 76.22349809646764 191.49
19150 76.22744525956938 191.5
19151 76.2313924150741 191.51
19152 76.23533956423793 191.52
19153 76.23928670945801 191.53
19154 76.24323384836589 191.54
19155 76.24718098238377 191.55
19156 76.25112811062451 191.56
19157 76.2550752309096 191.57
19158 76.2590223383922 191.58
19159 76.26296944865898 191.59
19160 76.26691655438046 191.6
19161 76.27086365432399 191.61
19162 76.27481074876349 191.62
19163 76.27875783396078 191.63
19164 76.28270486294134 191.64
19165 76.28665188696868 191.65
19166 76.29059891366893 191.66
19167 76.2945459310294 191.67
19168 76.29849294087913 191.68
19169 76.30243986902376 191.69
19170 76.30638678748183 191.7
19171 76.31033371839331 191.71
19172 76.31428064160049 191.72
19173 76.31822755933341 191.73
19174 76.32217446742153 191.74
19175 76.32612136710333 191.75
19176 76.3300682669211 191.76
19177 76.33401515635882 191.77
19178 76.33796208425167 191.78
19179 76.34190899334681 191.79
19180 76.34585594879638 191.8
19181 76.34980289740852 191.81
19182 76.35374984584031 191.82
19183 76.35769678906857 191.83
19184 76.36164372778954 191.84
19185 76.36559066135482 191.85
19186 76.36953758550615 191.86
19187 76.37348450718389 191.87
19188 76.37743142442577 191.88
19189 76.38137833392369 191.89
19190 76.38532523604471 191.9
19191 76.38927213883616 191.91
19192 76.39321903561839 191.92
19193 76.39716598430283 191.93
19194 76.40111286626902 191.94
19195 76.40505974369647 191.95
19196 76.40900661561976 191.96
19197 76.41295348416742 191.97
19198 76.4169003449077 191.98
19199 76.42084720025061 191.99
19200 76.42479404584851 192
19201 76.42874088326147 192.01
19202 76.43268776922901 192.02
19203 76.43663459836355 192.03
19204 76.44058141534511 192.04
19205 76.44452828594198 192.05
19206 76.44847514899942 192.06
19207 76.45242200598054 192.07
19208 76.45636885592955 192.08
19209 76.46031574213171 192.09
19210 76.4642625795997 192.1
19211 76.46820940618369 192.11
19212 76.4721562256519 192.12
19213 76.47610305498165 192.13
19214 76.48004986135209 192.14
19215 76.48399665951808 192.15
19216 76.48794344874564 192.16
19217 76.49189024712595 192.17
19218 76.49583703125546 192.18
19219 76.49978379541531 192.19
19220 76.50373060777096 192.2
19221 76.50767740918195 192.21
19222 76.51162419747362 192.22
19223 76.51557097752611 192.23
19224 76.51951774687147 192.24
19225 76.52346452883211 192.25
19226 76.5274112743852 192.26
19227 76.53135800946391 192.27
19228 76.53530485389317 192.28
19229 76.53925169583027 192.29
19230 76.54319853384698 192.3
19231 76.5471453896627 192.31
19232 76.55109220982845 192.32
19233 76.55503902292901 192.33
19234 76.55898583592379 192.34
19235 76.56293269220615 192.35
19236 76.5668794728189 192.36
19237 76.57082625093521 192.37
19238 76.57477302408705 192.38
19239 76.57871980734957 192.39
19240 76.58266658765469 192.4
19241 76.58661344169835 192.41
19242 76.59056029157833 192.42
19243 76.59450717220153 192.43
19244 76.5984540505433 192.44
19245 76.60240092111472 192.45
19246 76.60634778541777 192.46
19247 76.61029465253938 192.47
19248 76.61424155896711 192.48
19249 76.61818841427164 192.49
19250 76.62213526460573 192.5
19251 76.62608216135857 192.51
19252 76.63002900484886 192.52
19253 76.63397584110083 192.53
19254 76.63792267048238 192.54
19255 76.64186949412505 192.55
19256 76.64581632004632 192.56
19257 76.64976316289115 192.57
19258 76.65370997362162 192.58
19259 76.65765678001389 192.59
19260 76.66160358509231 192.6
19261 76.66555038279162 192.61
19262 76.66949715791223 192.62
19263 76.67344398001885 192.63
19264 76.67739077901064 192.64
19265 76.68133755342643 192.65
19266 76.68528432933792 192.66
19267 76.68923112109722 192.67
19268 76.69317791427623 192.68
19269 76.69712468833231 192.69
19270 76.70107143917318 192.7
19271 76.70501818535089 192.71
19272 76.70896492680737 192.72
19273 76.71291166609645 192.73
19274 76.71685839949163 192.74
19275 76.72080513812591 192.75
19276 76.72475186132507 192.76
19277 76.72869857378313 192.77
19278 76.73264530691684 192.78
19279 76.73659203173668 192.79
19280 76.74053879669512 192.8
19281 76.74448556948272 192.81
19282 76.74843233620872 192.82
19283 76.75237910125554 192.83
19284 76.75632589283271 192.84
19285 76.76027270548539 192.85
19286 76.76421949604594 192.86
19287 76.76816628964323 192.87
19288 76.77211307717351 192.88
19289 76.77605985423928 192.89
19290 76.78000662493298 192.9
19291 76.78395333574304 192.91
19292 76.78789999352264 192.92
19293 76.79184664902405 192.93
19294 76.79579328693785 192.94
19295 76.79973993333721 192.95
19296 76.8036865635171 192.96
19297 76.8076331950862 192.97
19298 76.8115798227424 192.98
19299 76.81552643238075 192.99
19300 76.81947305467305 193
19301 76.8234196745527 193.01
19302 76.82736621823406 193.02
19303 76.83131278404214 193.03
19304 76.83525935084805 193.04
19305 76.83920588993431 193.05
19306 76.84315247092297 193.06
19307 76.84709900804246 193.07
19308 76.85104554991861 193.08
19309 76.85499220657243 193.09
19310 76.85893877441117 193.1
19311 76.86288534049173 193.11
19312 76.86683189614409 193.12
19313 76.87077852595947 193.13
19314 76.87472506841198 193.14
19315 76.87867161087308 193.15
19316 76.88261822172154 193.16
19317 76.88656482426939 193.17
19318 76.8905114225235 193.18
19319 76.89445802910518 193.19
19320 76.89840461311994 193.2
19321 76.90235119889985 193.21
19322 76.90629777803431 193.22
19323 76.91024435360508 193.23
19324 76.91419092383521 193.24
19325 76.91813749206371 193.25
19326 76.92208404346097 193.26
19327 76.92603059339812 193.27
19328 76.92997713948591 193.28
19329 76.93392369001245 193.29
19330 76.93787023435878 193.3
19331 76.94181676585265 193.31
19332 76.94576328888226 193.32
19333 76.94970980825047 193.33
19334 76.95365632126324 193.34
19335 76.95760282923754 193.35
19336 76.96154933029246 193.36
19337 76.96549582567751 193.37
19338 76.96944231366703 193.38
19339 76.97338879927102 193.39
19340 76.9773352762785 193.4
19341 76.98128176666627 193.41
19342 76.98522822515918 193.42
19343 76.98917467489025 193.43
19344 76.99312121048312 193.44
19345 76.99706774035684 193.45
19346 77.00101427011171 193.46
19347 77.0049607953962 193.47
19348 77.00890731767981 193.48
19349 77.01285382685748 193.49
19350 77.01680032910362 193.5
19351 77.02074683637149 193.51
19352 77.02469334818909 193.52
19353 77.02863984880133 193.53
19354 77.03258634221683 193.54
19355 77.0365328318782 193.55
19356 77.04047931828535 193.56
19357 77.04442579460908 193.57
19358 77.04837227167063 193.58
19359 77.05231874599377 193.59
19360 77.05626515546518 193.6
19361 77.06021157405581 193.61
19362 77.06415800239756 193.62
19363 77.06810440278929 193.63
19364 77.07205080228346 193.64
19365 77.07599720915684 193.65
19366 77.07994367233405 193.66
19367 77.08389013535924 193.67
19368 77.0878365963971 193.68
19369 77.09178307902624 193.69
19370 77.09572952697039 193.7
19371 77.09967597504433 193.71
19372 77.10362242021631 193.72
19373 77.10756885986136 193.73
19374 77.11151529764516 193.74
19375 77.11546173771656 193.75
19376 77.11940816645848 193.76
19377 77.12335459050281 193.77
19378 77.12730100039605 193.78
19379 77.13124743327504 193.79
19380 77.13519384399905 193.8
19381 77.13914025770697 193.81
19382 77.14308671787384 193.82
19383 77.14703312551856 193.83
19384 77.1509795428172 193.84
19385 77.15492594449125 193.85
19386 77.15887239335038 193.86
19387 77.16281880383396 193.87
19388 77.16676519628501 193.88
19389 77.17071160869001 193.89
19390 77.17465800794567 193.9
19391 77.17860447830387 193.91
19392 77.18255087001836 193.92
19393 77.18649726031971 193.93
19394 77.1904437292185 193.94
19395 77.19439013074862 193.95
19396 77.19833653299591 193.96
19397 77.20228290026591 193.97
19398 77.20622927846226 193.98
19399 77.210175667268 193.99
19400 77.21412203363145 194
19401 77.21806841142714 194.01
19402 77.22201481370766 194.02
19403 77.22596129997845 194.03
19404 77.22990775351721 194.04
19405 77.23385417652293 194.05
19406 77.23780040946244 194.06
19407 77.24174672372288 194.07
19408 77.24569307532776 194.08
19409 77.24963937593948 194.09
19410 77.25358566957883 194.1
19411 77.2575319527929 194.11
19412 77.26147826027581 194.12
19413 77.26542455805597 194.13
19414 77.26937085332463 194.14
19415 77.27331715743769 194.15
19416 77.27726346228809 194.16
19417 77.28120975258284 194.17
19418 77.28515603852031 194.18
19419 77.28910232511863 194.19
19420 77.29304859978797 194.2
19421 77.29699486986149 194.21
19422 77.300941133039 194.22
19423 77.30488738962477 194.23
19424 77.308833637129 194.24
19425 77.31277991092074 194.25
19426 77.3167262201402 194.26
19427 77.32067245186516 194.27
19428 77.32461867465308 194.28
19429 77.32856488009364 194.29
19430 77.3325110792683 194.3
19431 77.33645730450446 194.31
19432 77.34040352980811 194.32
19433 77.34434974988426 194.33
19434 77.34829596436958 194.34
19435 77.35224218440587 194.35
19436 77.35618840985593 194.36
19437 77.36013463286375 194.37
19438 77.36408086606822 194.38
19439 77.36802714495289 194.39
19440 77.37197335937442 194.4
19441 77.37591956558711 194.41
19442 77.37986580134958 194.42
19443 77.38381202601281 194.43
19444 77.38775825759974 194.44
19445 77.39170444863379 194.45
19446 77.39565065067939 194.46
19447 77.39959681909274 194.47
19448 77.40354299719465 194.48
19449 77.40748916796983 194.49
19450 77.41143533147707 194.5
19451 77.41538148370643 194.51
19452 77.41932764563434 194.52
19453 77.42327380163891 194.53
19454 77.42721998159766 194.54
19455 77.43116613950519 194.55
19456 77.43511228827944 194.56
19457 77.43905843393323 194.57
19458 77.44300457691895 194.58
19459 77.44695071013331 194.59
19460 77.45089683222814 194.6
19461 77.45484295322933 194.61
19462 77.45878906681341 194.62
19463 77.46273517831666 194.63
19464 77.46668123283916 194.64
19465 77.47062728491868 194.65
19466 77.47457333094491 194.66
19467 77.47851937445282 194.67
19468 77.48246541070131 194.68
19469 77.48641144299292 194.69
19470 77.49035747699604 194.7
19471 77.49430348763872 194.71
19472 77.49824950847815 194.72
19473 77.50219551679834 194.73
19474 77.50614151456023 194.74
19475 77.51008751016943 194.75
19476 77.51403346791547 194.76
19477 77.51797948069766 194.77
19478 77.52192536807779 194.78
19479 77.52587123594301 194.79
19480 77.52981702130191 194.8
19481 77.5337628624132 194.81
19482 77.53770869265476 194.82
19483 77.54165454851639 194.83
19484 77.54560035883043 194.84
19485 77.5495461382724 194.85
19486 77.5534919316344 194.86
19487 77.5574377566447 194.87
19488 77.56138352639348 194.88
19489 77.56532931217275 194.89
19490 77.56927509138033 194.9
19491 77.57322086996388 194.91
19492 77.57716663269315 194.92
19493 77.58111239603001 194.93
19494 77.58505815088289 194.94
19495 77.58900389904386 194.95
19496 77.59294964345975 194.96
19497 77.59689537679638 194.97
19498 77.60084110309292 194.98
19499 77.60478682082575 194.99
19500 77.60873253128742 195
19501 77.6126782467323 195.01
19502 77.61662395281809 195.02
19503 77.62056970251625 195.03
19504 77.62451544090408 195.04
19505 77.62846116175709 195.05
19506 77.63240690488684 195.06
19507 77.63635264365399 195.07
19508 77.64029838924662 195.08
19509 77.64424416005565 195.09
19510 77.64818992652846 195.1
19511 77.65213568588405 195.11
19512 77.65608144756403 195.12
19513 77.66002719810521 195.13
19514 77.66397295393102 195.14
19515 77.66791868812237 195.15
19516 77.67186441854781 195.16
19517 77.67581015994938 195.17
19518 77.67975588835883 195.18
19519 77.68370159929376 195.19
19520 77.68764729364784 195.2
19521 77.69159297257528 195.21
19522 77.69553868698284 195.22
19523 77.69948445329874 195.23
19524 77.70343023202129 195.24
19525 77.70737600723135 195.25
19526 77.7113218203182 195.26
19527 77.71526758792278 195.27
19528 77.71921335070223 195.28
19529 77.72315910410748 195.29
19530 77.72710483500424 195.3
19531 77.73105061123155 195.31
19532 77.73499634853374 195.32
19533 77.73894214840023 195.33
19534 77.74288794225278 195.34
19535 77.74683372972626 195.35
19536 77.75077956712028 195.36
19537 77.75472535041962 195.37
19538 77.75867113557514 195.38
19539 77.76261691407248 195.39
19540 77.76656267787187 195.4
19541 77.77050843527536 195.41
19542 77.77445419979034 195.42
19543 77.77839994499281 195.43
19544 77.78234567320757 195.44
19545 77.78629138695925 195.45
19546 77.79023714428691 195.46
19547 77.79418289791188 195.47
19548 77.79812865631443 195.48
19549 77.80207446726062 195.49
19550 77.80602020887389 195.5
19551 77.80996593832843 195.51
19552 77.81391167238529 195.52
19553 77.81785739472579 195.53
19554 77.82180307519687 195.54
19555 77.82574876667773 195.55
19556 77.82969445483485 195.56
19557 77.83364014006163 195.57
19558 77.83758583457674 195.58
19559 77.84153152928494 195.59
19560 77.84547721842108 195.6
19561 77.84942290768203 195.61
19562 77.85336863222987 195.62
19563 77.8573143574321 195.63
19564 77.86126006520252 195.64
19565 77.86520575984858 195.65
19566 77.86915147615001 195.66
19567 77.87309719199824 195.67
19568 77.87704286715599 195.68
19569 77.88098857571417 195.69
19570 77.88493427944115 195.7
19571 77.88887999040011 195.71
19572 77.89282569413098 195.72
19573 77.89677139028963 195.73
19574 77.90071711215894 195.74
19575 77.90466282100456 195.75
19576 77.90860855109995 195.76
19577 77.91255429283518 195.77
19578 77.9164999724965 195.78
19579 77.9204457017217 195.79
19580 77.92439140158046 195.8
19581 77.92833713018919 195.81
19582 77.93228275114213 195.82
19583 77.93622840165474 195.83
19584 77.9401740234606 195.84
19585 77.94411967647744 195.85
19586 77.94806537708797 195.86
19587 77.95201109442714 195.87
19588 77.9559567558241 195.88
19589 77.95990243587367 195.89
19590 77.96384811709379 195.9
19591 77.96779379909647 195.91
19592 77.97173946518154 195.92
19593 77.97568512771956 195.93
19594 77.97963086901798 195.94
19595 77.98357661749441 195.95
19596 77.98752225701932 195.96
19597 77.99146800021109 195.97
19598 77.99541361765127 195.98
19599 77.99935922344362 195.99
19600 78.00330482866048 196
19601 78.00725040124698 196.01
19602 78.01119599905456 196.02
19603 78.01514161372266 196.03
19604 78.01908720032742 196.04
19605 78.02303279513056 196.05
19606 78.02697838779176 196.06
19607 78.03092397878669 196.07
19608 78.03486955550908 196.08
19609 78.03881513217001 196.09
19610 78.0427607496554 196.1
19611 78.04670632591758 196.11
19612 78.05065190996025 196.12
19613 78.05459749481003 196.13
19614 78.0585430825052 196.14
19615 78.06248865682619 196.15
19616 78.06643423162319 196.16
19617 78.07037981504712 196.17
19618 78.07432539386136 196.18
19619 78.07827096989485 196.19
19620 78.08221653617895 196.2
19621 78.08616209251801 196.21
19622 78.09010765749817 196.22
19623 78.0940531808385 196.23
19624 78.09799870678945 196.24
19625 78.10194423052188 196.25
19626 78.10588975240603 196.26
19627 78.10983528070717 196.27
19628 78.11378079501313 196.28
19629 78.11772630806894 196.29
19630 78.12167181780941 196.3
19631 78.12561732466864 196.31
19632 78.12956282075072 196.32
19633 78.13350831897101 196.33
19634 78.13745381583746 196.34
19635 78.14139930756285 196.35
19636 78.1453447905526 196.36
19637 78.14929027059713 196.37
19638 78.15323575819764 196.38
19639 78.15718125628297 196.39
19640 78.16112668583131 196.4
19641 78.16507210523422 196.41
19642 78.1690175255558 196.42
19643 78.17296295085988 196.43
19644 78.17690837257369 196.44
19645 78.18085379640283 196.45
19646 78.18479924894791 196.46
19647 78.18874474313711 196.47
19648 78.1926902198051 196.48
19649 78.19663564443329 196.49
19650 78.20058115998535 196.5
19651 78.20452657003534 196.51
19652 78.20847198849506 196.52
19653 78.21241738811122 196.53
19654 78.21636276890878 196.54
19655 78.22030811731003 196.55
19656 78.22425348966408 196.56
19657 78.22819885721539 196.57
19658 78.23214419444395 196.58
19659 78.23608954872094 196.59
19660 78.2400348839932 196.6
19661 78.2439802569136 196.61
19662 78.24792566217531 196.62
19663 78.25187102323972 196.63
19664 78.25581637293251 196.64
19665 78.25976169976802 196.65
19666 78.26370701338909 196.66
19667 78.26765240521249 196.67
19668 78.27159775402868 196.68
19669 78.2755431085464 196.69
19670 78.27948845592678 196.7
19671 78.28343375677154 196.71
19672 78.28737907031677 196.72
19673 78.29132449264186 196.73
19674 78.29526984399972 196.74
19675 78.29921517496986 196.75
19676 78.30316049962549 196.76
19677 78.30710582137115 196.77
19678 78.31105112662412 196.78
19679 78.31499642716702 196.79
19680 78.31894172872708 196.8
19681 78.32288701537034 196.81
19682 78.32683230477669 196.82
19683 78.33077758076858 196.83
19684 78.33472282240477 196.84
19685 78.33866806977531 196.85
19686 78.34261331637745 196.86
19687 78.34655853686891 196.87
19688 78.35050376007121 196.88
19689 78.35444897167287 196.89
19690 78.35839427802821 196.9
19691 78.36233954641503 196.91
19692 78.36628481232867 196.92
19693 78.37023006927558 196.93
19694 78.37417531967536 196.94
19695 78.37812056436547 196.95
19696 78.38206580655121 196.96
19697 78.38601106737049 196.97
19698 78.38995631262095 196.98
19699 78.3939015621559 196.99
19700 78.39784678213265 197
19701 78.40179198972545 197.01
19702 78.40573721948397 197.02
19703 78.40968242545341 197.03
19704 78.41362766630931 197.04
19705 78.41757289163323 197.05
19706 78.42151812730611 197.06
19707 78.42546334877623 197.07
19708 78.42940856716504 197.08
19709 78.43335378175348 197.09
19710 78.43729898202457 197.1
19711 78.44124417770209 197.11
19712 78.44518943799929 197.12
19713 78.44913469368383 197.13
19714 78.45307995068013 197.14
19715 78.45702523608597 197.15
19716 78.46097051363037 197.16
19717 78.46491578353168 197.17
19718 78.46886104479468 197.18
19719 78.47280630352235 197.19
19720 78.47675158237335 197.2
19721 78.48069685359997 197.21
19722 78.48464211340479 197.22
19723 78.48858742709757 197.23
19724 78.49253272037889 197.24
19725 78.49647796904179 197.25
19726 78.50042325507663 197.26
19727 78.50436848966176 197.27
19728 78.50831371607059 197.28
19729 78.51225895523861 197.29
19730 78.51620418548754 197.3
19731 78.52014939593849 197.31
19732 78.52409460101349 197.32
19733 78.52803978597842 197.33
19734 78.53198498371964 197.34
19735 78.53593017912584 197.35
19736 78.5398753673233 197.36
19737 78.54382054903964 197.37
19738 78.54776568581914 197.38
19739 78.55171081212774 197.39
19740 78.5556559920561 197.4
19741 78.55960110191043 197.41
19742 78.56354620750935 197.42
19743 78.56749140132327 197.43
19744 78.57143659008615 197.44
19745 78.57538177599942 197.45
19746 78.57932704827925 197.46
19747 78.58327222825602 197.47
19748 78.58721739862897 197.48
19749 78.59116262472607 197.49
19750 78.59510778765949 197.5
19751 78.5990529801918 197.51
19752 78.60299813940473 197.52
19753 78.60694329084551 197.53
19754 78.61088844829747 197.54
19755 78.61483358669798 197.55
19756 78.61877871942539 197.56
19757 78.62272384893554 197.57
19758 78.62666897970612 197.58
19759 78.63061411527698 197.59
19760 78.63455925972269 197.6
19761 78.63850440821894 197.61
19762 78.64244954982001 197.62
19763 78.64639467806177 197.63
19764 78.65033980304874 197.64
19765 78.65428491849147 197.65
19766 78.65823002996305 197.66
19767 78.66217514383725 197.67
19768 78.66612024371821 197.68
19769 78.67006533370734 197.69
19770 78.67401041940155 197.7
19771 78.67795551880263 197.71
19772 78.68190061324319 197.72
19773 78.68584569905374 197.73
19774 78.68979077911331 197.74
19775 78.69373585931298 197.75
19776 78.69768092762675 197.76
19777 78.70162599137566 197.77
19778 78.7055710471255 197.78
19779 78.70951609636394 197.79
19780 78.71346108496022 197.8
19781 78.71740606442353 197.81
19782 78.72135103712412 197.82
19783 78.72529600366008 197.83
19784 78.72924096330014 197.84
19785 78.7331859137401 197.85
19786 78.73713085604561 197.86
19787 78.74107578889125 197.87
19788 78.74502077646972 197.88
19789 78.74896569839412 197.89
19790 78.75291061972166 197.9
19791 78.75685553515081 197.91
19792 78.76080043383529 197.92
19793 78.76474532679723 197.93
19794 78.7686902122899 197.94
19795 78.77263508849867 197.95
19796 78.776579951513 197.96
19797 78.78052486202336 197.97
19798 78.78446983469534 197.98
19799 78.78841479716607 197.99
19800 78.79235975321561 198
19801 78.79630472015127 198.01
19802 78.80024967881258 198.02
19803 78.80419461105896 198.03
19804 78.80813955001705 198.04
19805 78.81208448929021 198.05
19806 78.81602942063677 198.06
19807 78.81997431995555 198.07
19808 78.82391920573062 198.08
19809 78.82786410350207 198.09
19810 78.83180897448065 198.1
19811 78.83575385898541 198.11
19812 78.83969871581404 198.12
19813 78.84364357533931 198.13
19814 78.8475884326014 198.14
19815 78.85153328611948 198.15
19816 78.85547816038842 198.16
19817 78.85942307365562 198.17
19818 78.86336793588544 198.18
19819 78.8673127927204 198.19
19820 78.87125764731712 198.2
19821 78.87520249157012 198.21
19822 78.87914733966655 198.22
19823 78.8830921649308 198.23
19824 78.88703699286346 198.24
19825 78.89098181705027 198.25
19826 78.89492663516467 198.26
19827 78.89887144725554 198.27
19828 78.90281625330334 198.28
19829 78.9067610793152 198.29
19830 78.91070580254105 198.3
19831 78.9146505864454 198.31
19832 78.91859536349982 198.32
19833 78.9225401936562 198.33
19834 78.92648495680862 198.34
19835 78.930429717085 198.35
19836 78.93437447116645 198.36
19837 78.93831922030017 198.37
19838 78.94226396240779 198.38
19839 78.94620869798204 198.39
19840 78.95015342818749 198.4
19841 78.95409814805181 198.41
19842 78.95804286005597 198.42
19843 78.96198756559239 198.43
19844 78.96593226779243 198.44
19845 78.96987696034751 198.45
19846 78.97382164935996 198.46
19847 78.97776637473349 198.47
19848 78.98171119596201 198.48
19849 78.98565594041813 198.49
19850 78.98960069095 198.5
19851 78.99354542575344 198.51
19852 78.99749022409313 198.52
19853 79.00143500303199 198.53
19854 79.00537979323332 198.54
19855 79.00932458666124 198.55
19856 79.01326934730017 198.56
19857 79.01721410259694 198.57
19858 79.02115888016631 198.58
19859 79.02510362340797 198.59
19860 79.02904835987005 198.6
19861 79.03299316172536 198.61
19862 79.03693795192386 198.62
19863 79.04088273902684 198.63
19864 79.04482756747302 198.64
19865 79.04877234275834 198.65
19866 79.05271711354801 198.66
19867 79.0566618798363 198.67
19868 79.06060663842322 198.68
19869 79.06455140161017 198.69
19870 79.06849615810452 198.7
19871 79.07244090061189 198.71
19872 79.07638563597718 198.72
19873 79.08033036944815 198.73
19874 79.0842750999436 198.74
19875 79.08821981784872 198.75
19876 79.09216454451695 198.76
19877 79.09610926183785 198.77
19878 79.10005397738524 198.78
19879 79.10399870300364 198.79
19880 79.10794341444011 198.8
19881 79.11188810082609 198.81
19882 79.11583283093417 198.82
19883 79.11977755102004 198.83
19884 79.12372226355323 198.84
19885 79.12766703706976 198.85
19886 79.1316117408539 198.86
19887 79.13555643404604 198.87
19888 79.13950111560354 198.88
19889 79.1434457950734 198.89
19890 79.14739045663147 198.9
19891 79.15133509622191 198.91
19892 79.15527972951428 198.92
19893 79.15922441595561 198.93
19894 79.16316899765417 198.94
19895 79.16711358215761 198.95
19896 79.17105820216386 198.96
19897 79.17500276212694 198.97
19898 79.17894731957045 198.98
19899 79.18289187831498 198.99
19900 79.18683642443432 199
19901 79.19078096736408 199.01
19902 79.19472548901835 199.02
19903 79.19867000087032 199.03
19904 79.2026145002562 199.04
19905 79.20655916220011 199.05
19906 79.2105037797069 199.06
19907 79.21444832181831 199.07
19908 79.21839290968394 199.08
19909 79.22233738966173 199.09
19910 79.22628192150727 199.1
19911 79.23022646336585 199.11
19912 79.23417095182732 199.12
19913 79.23811558510633 199.13
19914 79.24206013752132 199.14
19915 79.24600469138915 199.15
19916 79.24994928032147 199.16
19917 79.25389382561197 199.17
19918 79.25783832763898 199.18
19919 79.26178284393988 199.19
19920 79.26572739116388 199.2
19921 79.2696719259891 199.21
19922 79.27361648587684 199.22
19923 79.27756103421019 199.23
19924 79.28150558271813 199.24
19925 79.28545012899009 199.25
19926 79.28939467324406 199.26
19927 79.29333922229418 199.27
19928 79.29728378652621 199.28
19929 79.30122830545574 199.29
19930 79.30517289934781 199.3
19931 79.30911749658424 199.31
19932 79.31306208621237 199.32
19933 79.31700666614938 199.33
19934 79.32095125016087 199.34
19935 79.32489577597045 199.35
19936 79.32884027059886 199.36
19937 79.33278475696136 199.37
19938 79.33672923657065 199.38
19939 79.34067370122426 199.39
19940 79.34461816741873 199.4
19941 79.34856261031965 199.41
19942 79.35250707169183 199.42
19943 79.35645156434018 199.43
19944 79.36039599109245 199.44
19945 79.36434042996609 199.45
19946 79.36828483487636 199.46
19947 79.37222923070493 199.47
19948 79.37617361491593 199.48
19949 79.38011800868682 199.49
19950 79.38406242117503 199.5
19951 79.3880068086096 199.51
19952 79.39195117600194 199.52
19953 79.39589560386358 199.53
19954 79.39984004486412 199.54
19955 79.40378445692286 199.55
19956 79.40772886860378 199.56
19957 79.41167326260299 199.57
19958 79.41561769371921 199.58
19959 79.41956211299882 199.59
19960 79.42350652875891 199.6
19961 79.42745091480651 199.61
19962 79.43139529964353 199.62
19963 79.43533968222613 199.63
19964 79.43928409802089 199.64
19965 79.44322847583005 199.65
19966 79.44717288072164 199.66
19967 79.45111729502347 199.67
19968 79.45506166700854 199.68
19969 79.45900603329035 199.69
19970 79.46295040376953 199.7
19971 79.46689476610302 199.71
19972 79.47083912460083 199.72
19973 79.47478347173231 199.73
19974 79.47872781779272 199.74
19975 79.48267215686734 199.75
19976 79.48661648772934 199.76
19977 79.49056081703374 199.77
19978 79.49450514221616 199.78
19979 79.49844950376202 199.79
19980 79.5023938507573 199.8
19981 79.5063382134481 199.81
19982 79.51028256927481 199.82
19983 79.51422691190945 199.83
19984 79.51817125625578 199.84
19985 79.52211559405109 199.85
19986 79.52605993526856 199.86
19987 79.53000426836611 199.87
19988 79.53394860181729 199.88
19989 79.53789292290537 199.89
19990 79.54183724658503 199.9
19991 79.54578156383216 199.91
19992 79.54972587667308 199.92
19993 79.55367018199053 199.93
19994 79.55761448394216 199.94
19995 79.56155877997014 199.95
19996 79.56550307775524 199.96
19997 79.56944736103712 199.97
19998 79.57339164843715 199.98
19999 79.57733593089462 199.99
20000 79.58128021245101 200
20001 79.58522449190485 200.01
20002 79.58916875951623 200.02
20003 79.59311302484868 200.03
20004 79.59705728638525 200.04
20005 79.60100154262679 200.05
20006 79.6049457930921 200.06
20007 79.60889003777635 200.07
20008 79.61283427861721 200.08
20009 79.61677851279273 200.09
20010 79.62072274529864 200.1
20011 79.62466697197439 200.11
20012 79.62861119392034 200.12
20013 79.63255544540267 200.13
20014 79.63649964912292 200.14
20015 79.640443848161 200.15
20016 79.64438813102937 200.16
20017 79.64833240619711 200.17
20018 79.65227668436634 200.18
20019 79.65622095278025 200.19
20020 79.66016522519607 200.2
20021 79.66410947704043 200.21
20022 79.66805373787878 200.22
20023 79.67199799703334 200.23
20024 79.67594224863659 200.24
20025 79.67988649462207 200.25
20026 79.68383075558583 200.26
20027 79.6877749879482 200.27
20028 79.69171921532643 200.28
20029 79.69566343752359 200.29
20030 79.69960765664376 200.3
20031 79.70355187663266 200.31
20032 79.70749609094847 200.32
20033 79.71144032630579 200.33
20034 79.71538453838994 200.34
20035 79.71932877517222 200.35
20036 79.72327301839175 200.36
20037 79.72721724806753 200.37
20038 79.73116148119389 200.38
20039 79.73510575601871 200.39
20040 79.73904997778492 200.4
20041 79.74299420065842 200.41
20042 79.74693842712585 200.42
20043 79.75088264247051 200.43
20044 79.75482681835871 200.44
20045 79.75877098801553 200.45
20046 79.76271515453993 200.46
20047 79.76665932770393 200.47
20048 79.77060349179297 200.48
20049 79.77454769617302 200.49
20050 79.77849186049724 200.5
20051 79.78243601958928 200.51
20052 79.78638017720243 200.52
20053 79.79032432925612 200.53
20054 79.79426847958925 200.54
20055 79.79821269471942 200.55
20056 79.80215684127126 200.56
20057 79.80610099637882 200.57
20058 79.81004513333932 200.58
20059 79.813989264523 200.59
20060 79.81793338839206 200.6
20061 79.82187751097742 200.61
20062 79.82582167406264 200.62
20063 79.8297657873424 200.63
20064 79.83370989209797 200.64
20065 79.8376540213676 200.65
20066 79.84159814855406 200.66
20067 79.84554227035652 200.67
20068 79.84948631872405 200.68
20069 79.85343036380614 200.69
20070 79.85737440323177 200.7
20071 79.86131843327598 200.71
20072 79.86526244890074 200.72
20073 79.86920646342534 200.73
20074 79.87315047286287 200.74
20075 79.87709449956839 200.75
20076 79.8810385157214 200.76
20077 79.88498253693794 200.77
20078 79.88892654604635 200.78
20079 79.89287058057276 200.79
20080 79.89681452062766 200.8
20081 79.90075845582031 200.81
20082 79.904702386102 200.82
20083 79.90864633660368 200.83
20084 79.91259028897255 200.84
20085 79.91653423674543 200.85
20086 79.92047818791619 200.86
20087 79.92442212281433 200.87
20088 79.92836605834934 200.88
20089 79.93231004412803 200.89
20090 79.9362539582728 200.9
20091 79.94019785328928 200.91
20092 79.94414175735784 200.92
20093 79.94808566695579 200.93
20094 79.95202955946667 200.94
20095 79.95597345005328 200.95
20096 79.95991732899506 200.96
20097 79.9638612760846 200.97
20098 79.96780514988879 200.98
20099 79.97174902110837 200.99
20100 79.97569288268068 201
20101 79.97963674950864 201.01
20102 79.98358061087009 201.02
20103 79.98752446244042 201.03
20104 79.99146838050837 201.04
20105 79.99541231067687 201.05
20106 79.99935621369015 201.06
20107 80.00330011092953 201.07
20108 80.00724400006496 201.08
20109 80.01118787173426 201.09
20110 80.01513175914999 201.1
20111 80.01907563504463 201.11
20112 80.02301950617894 201.12
20113 80.02696337333465 201.13
20114 80.03090722552278 201.14
20115 80.03485107648807 201.15
20116 80.03879492264241 201.16
20117 80.04273875994795 201.17
20118 80.04668259679306 201.18
20119 80.05062642763021 201.19
20120 80.05457025152734 201.2
20121 80.05851406899558 201.21
20122 80.062457867681 201.22
20123 80.06640166114215 201.23
20124 80.07034551638259 201.24
20125 80.07428931876444 201.25
20126 80.07823310552956 201.26
20127 80.08217686864958 201.27
20128 80.08612067783862 201.28
20129 80.09006449735902 201.29
20130 80.09400820214336 201.3
20131 80.09795198087265 201.31
20132 80.10189575573474 201.32
20133 80.10583960172872 201.33
20134 80.10978329865721 201.34
20135 80.11372700378736 201.35
20136 80.11767070276716 201.36
20137 80.12161440110447 201.37
20138 80.12555809874905 201.38
20139 80.12950178329318 201.39
20140 80.13344546719821 201.4
20141 80.13738915232318 201.41
20142 80.14133284558724 201.42
20143 80.14527650934991 201.43
20144 80.14922015125158 201.44
20145 80.15316380317488 201.45
20146 80.15710744505631 201.46
20147 80.16105107628645 201.47
20148 80.16499474464882 201.48
20149 80.16893838164034 201.49
20150 80.17288198814589 201.5
20151 80.176825596925 201.51
20152 80.18076924894888 201.52
20153 80.18471290245327 201.53
20154 80.1886565469334 201.54
20155 80.19260018175662 201.55
20156 80.19654381013655 201.56
20157 80.20048743237869 201.57
20158 80.20443104229886 201.58
20159 80.20837465211466 201.59
20160 80.21231825408051 201.6
20161 80.2162618511564 201.61
20162 80.2202054556823 201.62
20163 80.22414904057634 201.63
20164 80.22809261219386 201.64
20165 80.2320361745986 201.65
20166 80.23597973551463 201.66
20167 80.23992333045516 201.67
20168 80.24386690362772 201.68
20169 80.24781047381633 201.69
20170 80.25175404107492 201.7
20171 80.25569759551567 201.71
20172 80.25964113576273 201.72
20173 80.26358472374835 201.73
20174 80.26752824470869 201.74
20175 80.27147182113353 201.75
20176 80.27541533830572 201.76
20177 80.27935895105037 201.77
20178 80.28330251020165 201.78
20179 80.28724606684892 201.79
20180 80.29118962173089 201.8
20181 80.29513316492242 201.81
20182 80.29907670353631 201.82
20183 80.30302024284424 201.83
20184 80.30696377704163 201.84
20185 80.31090731739697 201.85
20186 80.31485082707565 201.86
20187 80.31879432510513 201.87
20188 80.32273787703073 201.88
20189 80.32668146335463 201.89
20190 80.3306250287832 201.9
20191 80.33456861253461 201.91
20192 80.3385121806126 201.92
20193 80.34245573541818 201.93
20194 80.34639929522157 201.94
20195 80.35034283815563 201.95
20196 80.35428637440596 201.96
20197 80.35822992007571 201.97
20198 80.36217344895418 201.98
20199 80.36611697310673 201.99
20200 80.37006055552546 202
20201 80.37400406639284 202.01
20202 80.37794757510197 202.02
20203 80.38189105950246 202.03
20204 80.38583455862533 202.04
20205 80.38977805244153 202.05
20206 80.39372155461975 202.06
20207 80.39766509042413 202.07
20208 80.40160860162652 202.08
20209 80.40555212556697 202.09
20210 80.40949564853791 202.1
20211 80.41343915212508 202.11
20212 80.41738265856027 202.12
20213 80.42132613423053 202.13
20214 80.42526966919374 202.14
20215 80.42921322377904 202.15
20216 80.43315682093339 202.16
20217 80.43710040697131 202.17
20218 80.44104398658897 202.18
20219 80.44498756117272 202.19
20220 80.44893117748956 202.2
20221 80.45287473640184 202.21
20222 80.45681823012082 202.22
20223 80.46076182518142 202.23
20224 80.46470539861106 202.24
20225 80.46864895183764 202.25
20226 80.47259259014425 202.26
20227 80.47653616756806 202.27
20228 80.48047973043667 202.28
20229 80.48442330033106 202.29
20230 80.48836688687811 202.3
20231 80.49231041861681 202.31
20232 80.4962539371151 202.32
20233 80.50019749872089 202.33
20234 80.50414104974458 202.34
20235 80.50808458562999 202.35
20236 80.51202813226175 202.36
20237 80.51597166779818 202.37
20238 80.51991519360671 202.38
20239 80.52385870051677 202.39
20240 80.52780225540144 202.4
20241 80.53174572578274 202.41
20242 80.53568928637651 202.42
20243 80.5396327744603 202.43
20244 80.54357629516358 202.44
20245 80.54751981159282 202.45
20246 80.55146329078548 202.46
20247 80.55540685336864 202.47
20248 80.55935052785695 202.48
20249 80.56329409211818 202.49
20250 80.5672377345881 202.5
20251 80.57118132304564 202.51
20252 80.57512491469188 202.52
20253 80.57906849477624 202.53
20254 80.58301204747308 202.54
20255 80.58695545574582 202.55
20256 80.5908989420933 202.56
20257 80.59484247576134 202.57
20258 80.59878594584211 202.58
20259 80.60272942933049 202.59
20260 80.6066728887339 202.6
20261 80.6106163621009 202.61
20262 80.61455984800506 202.62
20263 80.6185032927188 202.63
20264 80.6224467488118 202.64
20265 80.62639018369221 202.65
20266 80.63033363394652 202.66
20267 80.63427704125974 202.67
20268 80.63822048374115 202.68
20269 80.6421639417192 202.69
20270 80.64610734573039 202.7
20271 80.65005076813335 202.71
20272 80.65399417529878 202.72
20273 80.65793756393636 202.73
20274 80.66188101197568 202.74
20275 80.66582445145397 202.75
20276 80.66976786564203 202.76
20277 80.67371130796059 202.77
20278 80.6776547716288 202.78
20279 80.68159813578299 202.79
20280 80.68554151252334 202.8
20281 80.68948487022972 202.81
20282 80.69342825375554 202.82
20283 80.69737160056125 202.83
20284 80.70131494758311 202.84
20285 80.7052582732282 202.85
20286 80.70920159986187 202.86
20287 80.71314495284547 202.87
20288 80.71708825152858 202.88
20289 80.72103157611043 202.89
20290 80.72497488323495 202.9
20291 80.7289181952267 202.91
20292 80.73286149213595 202.92
20293 80.73680478212458 202.93
20294 80.74074809586385 202.94
20295 80.74469134667717 202.95
20296 80.74863459078217 202.96
20297 80.75257782149723 202.97
20298 80.75652107614088 202.98
20299 80.7604643446665 202.99
20300 80.7644076108277 203
20301 80.76835088986655 203.01
20302 80.77229414878967 203.02
20303 80.77623742442319 203.03
20304 80.78018067449813 203.04
20305 80.78412394843058 203.05
20306 80.78806724434354 203.06
20307 80.79201052275718 203.07
20308 80.79595379605166 203.08
20309 80.79989705028055 203.09
20310 80.80384030974204 203.1
20311 80.80778356086456 203.11
20312 80.81172684331449 203.12
20313 80.81567012216718 203.13
20314 80.81961337082703 203.14
20315 80.82355662264152 203.15
20316 80.82749986574919 203.16
20317 80.83144311222881 203.17
20318 80.835386341885 203.18
20319 80.83932956973639 203.19
20320 80.84327279221529 203.2
20321 80.84721600404646 203.21
20322 80.85115920547976 203.22
20323 80.85510240546233 203.23
20324 80.85904559976117 203.24
20325 80.86298878894087 203.25
20326 80.86693196550024 203.26
20327 80.87087511120025 203.27
20328 80.87481826453271 203.28
20329 80.87876142173286 203.29
20330 80.88270456531549 203.3
20331 80.88664771316509 203.31
20332 80.89059083467106 203.32
20333 80.894533959939 203.33
20334 80.89847706134097 203.34
20335 80.90242016520108 203.35
20336 80.90636326489772 203.36
20337 80.91030634383262 203.37
20338 80.9142494762404 203.38
20339 80.91819267095994 203.39
20340 80.9221358106042 203.4
20341 80.92607894335256 203.41
20342 80.93002208286077 203.42
20343 80.93396520549834 203.43
20344 80.93790830308197 203.44
20345 80.94185138616564 203.45
20346 80.94579451424056 203.46
20347 80.94973763609357 203.47
20348 80.95368073780952 203.48
20349 80.95762381311347 203.49
20350 80.96156688447354 203.5
20351 80.96550996312747 203.51
20352 80.96945301518377 203.52
20353 80.97339607613623 203.53
20354 80.97733906265699 203.54
20355 80.98128204466921 203.55
20356 80.9852250201732 203.56
20357 80.98916803729078 203.57
20358 80.99311100271521 203.58
20359 80.99705394468418 203.59
20360 81.00099688732328 203.6
20361 81.00493982158474 203.61
20362 81.00888278045122 203.62
20363 81.01282570184013 203.63
20364 81.01676859469656 203.64
20365 81.02071147835352 203.65
20366 81.02465435239027 203.66
20367 81.0285972363244 203.67
20368 81.0325400932085 203.68
20369 81.03648296589995 203.69
20370 81.04042581431446 203.7
20371 81.04436865016123 203.71
20372 81.04831161376663 203.72
20373 81.0522545681485 203.73
20374 81.05619752675976 203.74
20375 81.06014047069212 203.75
20376 81.06408339903624 203.76
20377 81.06802633389842 203.77
20378 81.07196930454052 203.78
20379 81.07591227155326 203.79
20380 81.07985532380513 203.8
20381 81.08379838944138 203.81
20382 81.0877413749942 203.82
20383 81.09168439736247 203.83
20384 81.0956274209581 203.84
20385 81.09957044561403 203.85
20386 81.10351345131488 203.86
20387 81.10745646077321 203.87
20388 81.11139946035652 203.88
20389 81.11534244612017 203.89
20390 81.11928547672451 203.9
20391 81.12322844589688 203.91
20392 81.12717141653764 203.92
20393 81.13111441749221 203.93
20394 81.1350574094225 203.94
20395 81.13900037563914 203.95
20396 81.14294335490092 203.96
20397 81.14688632363455 203.97
20398 81.15082928647493 203.98
20399 81.15477225221869 203.99
20400 81.15871523269709 204
20401 81.16265820635357 204.01
20402 81.16660115389664 204.02
20403 81.17054409712743 204.03
20404 81.17448704110173 204.04
20405 81.17842995390234 204.05
20406 81.18237290611188 204.06
20407 81.18631582214685 204.07
20408 81.19025872098047 204.08
20409 81.19420174168093 204.09
20410 81.19814473460555 204.1
20411 81.2020877249432 204.11
20412 81.20603069819532 204.12
20413 81.20997367027492 204.13
20414 81.21391663202928 204.14
20415 81.21785959419847 204.15
20416 81.22180249468317 204.16
20417 81.22574538306047 204.17
20418 81.22968824365158 204.18
20419 81.2336311181086 204.19
20420 81.23757400603239 204.2
20421 81.24151688050742 204.21
20422 81.24545976753137 204.22
20423 81.24940263449336 204.23
20424 81.2533455772067 204.24
20425 81.25728851549428 204.25
20426 81.26123144729303 204.26
20427 81.26517437455124 204.27
20428 81.26911729377927 204.28
20429 81.27306020753076 204.29
20430 81.27700311800672 204.3
20431 81.28094601606966 204.31
20432 81.28488891757752 204.32
20433 81.28883190842208 204.33
20434 81.29277487387216 204.34
20435 81.29671785679568 204.35
20436 81.30066081895083 204.36
20437 81.30460375407 204.37
20438 81.30854677769999 204.38
20439 81.31248972166591 204.39
20440 81.31643268743744 204.4
20441 81.32037566535017 204.41
20442 81.32431854810774 204.42
20443 81.32826143099552 204.43
20444 81.33220431820001 204.44
20445 81.33614722650802 204.45
20446 81.34009017902599 204.46
20447 81.34403300435982 204.47
20448 81.34797584420733 204.48
20449 81.35191864824205 204.49
20450 81.35586144509836 204.5
20451 81.3598042543908 204.51
20452 81.36374706395239 204.52
20453 81.36768986000781 204.53
20454 81.37163263857617 204.54
20455 81.37557545660658 204.55
20456 81.37951826537488 204.56
20457 81.38346106158517 204.57
20458 81.38740385653807 204.58
20459 81.39134664792522 204.59
20460 81.39528944253667 204.6
20461 81.39923222745827 204.61
20462 81.40317501345979 204.62
20463 81.40711779178416 204.63
20464 81.41106056942309 204.64
20465 81.41500334383068 204.65
20466 81.41894610511382 204.66
20467 81.42288887599329 204.67
20468 81.42683164148445 204.68
20469 81.43077440257102 204.69
20470 81.43471715881364 204.7
20471 81.43865991197235 204.71
20472 81.44260265964684 204.72
20473 81.44654536028631 204.73
20474 81.45048812091568 204.74
20475 81.45443088524132 204.75
20476 81.45837360561831 204.76
20477 81.46231633275335 204.77
20478 81.46625905340765 204.78
20479 81.47020177322351 204.79
20480 81.4741444887394 204.8
20481 81.478087199489 204.81
20482 81.48202991567938 204.82
20483 81.48597263160821 204.83
20484 81.48991533484688 204.84
20485 81.49385804300715 204.85
20486 81.49780074742796 204.86
20487 81.50174345092478 204.87
20488 81.50568615045681 204.88
20489 81.50962884681303 204.89
20490 81.51357153878701 204.9
20491 81.51751422611315 204.91
20492 81.52145691010577 204.92
20493 81.5253995922684 204.93
20494 81.52934227633085 204.94
20495 81.5332849560295 204.95
20496 81.53722762367167 204.96
20497 81.54117029303843 204.97
20498 81.54511296099713 204.98
20499 81.54905562902159 204.99
20500 81.55299828460738 205
20501 81.55694093794938 205.01
20502 81.5608835833697 205.02
20503 81.56482622587359 205.03
20504 81.5687688668187 205.04
20505 81.5727115065894 205.05
20506 81.57665414440025 205.06
20507 81.58059681658779 205.07
20508 81.58453944313712 205.08
20509 81.58848206632379 205.09
20510 81.59242468548149 205.1
20511 81.59636730013528 205.11
20512 81.60030991058392 205.12
20513 81.6042525140119 205.13
20514 81.60819511737651 205.14
20515 81.61213772288949 205.15
20516 81.61608032175567 205.16
20517 81.62002291274186 205.17
20518 81.62396552105361 205.18
20519 81.62790812153156 205.19
20520 81.63185072461864 205.2
20521 81.63579332532609 205.21
20522 81.63973592369476 205.22
20523 81.64367851282996 205.23
20524 81.64762111116711 205.24
20525 81.65156370110891 205.25
20526 81.6555062761597 205.26
20527 81.65944886340415 205.27
20528 81.663391427474 205.28
20529 81.66733399003529 205.29
20530 81.67127654848602 205.3
20531 81.6752191008749 205.31
20532 81.67916165695823 205.32
20533 81.68310423333938 205.33
20534 81.68704677290273 205.34
20535 81.69098929790769 205.35
20536 81.6949318261598 205.36
20537 81.69887436066064 205.37
20538 81.70281694149239 205.38
20539 81.70675951938352 205.39
20540 81.71070204665108 205.4
20541 81.7146445703996 205.41
20542 81.7185870910108 205.42
20543 81.72252964661206 205.43
20544 81.72647219713127 205.44
20545 81.73041475302159 205.45
20546 81.73435729940772 205.46
20547 81.73829983446818 205.47
20548 81.7422423770457 205.48
20549 81.74618491173354 205.49
20550 81.75012743414163 205.5
20551 81.75406996101556 205.51
20552 81.75801247688899 205.52
20553 81.76195499882604 205.53
20554 81.76589751173962 205.54
20555 81.76984001609054 205.55
20556 81.77378254169892 205.56
20557 81.7777250468891 205.57
20558 81.78166747631994 205.58
20559 81.78560995173831 205.59
20560 81.789552370428 205.6
20561 81.79349473495105 205.61
20562 81.79743707791523 205.62
20563 81.80137943817091 205.63
20564 81.80532179710694 205.64
20565 81.80926412231958 205.65
20566 81.81320646306028 205.66
20567 81.8171487999484 205.67
20568 81.82109116539277 205.68
20569 81.82503351289239 205.69
20570 81.82897586247496 205.7
20571 81.83291823922646 205.71
20572 81.8368606954528 205.72
20573 81.84080312769333 205.73
20574 81.84474559698637 205.74
20575 81.8486880182212 205.75
20576 81.8526304365937 205.76
20577 81.85657282155726 205.77
20578 81.86051517000705 205.78
20579 81.86445750819999 205.79
20580 81.8683998755772 205.8
20581 81.87234224119952 205.81
20582 81.87628466521063 205.82
20583 81.88022707013621 205.83
20584 81.88416938911281 205.84
20585 81.88811171350207 205.85
20586 81.89205406826957 205.86
20587 81.89599641974024 205.87
20588 81.89993875264358 205.88
20589 81.90388108154399 205.89
20590 81.90782341779033 205.9
20591 81.91176579482442 205.91
20592 81.91570817686542 205.92
20593 81.91965051119021 205.93
20594 81.92359287533003 205.94
20595 81.92753523608236 205.95
20596 81.93147759356384 205.96
20597 81.9354199477642 205.97
20598 81.93936229279004 205.98
20599 81.94330463754821 205.99
20600 81.94724706397545 206
20601 81.95118939924777 206.01
20602 81.95513172746766 206.02
20603 81.95907407713113 206.03
20604 81.96301642375265 206.04
20605 81.96695876706644 206.05
20606 81.97090110688256 206.06
20607 81.97484344294031 206.07
20608 81.97878577530133 206.08
20609 81.9827281039928 206.09
20610 81.98667042313527 206.1
20611 81.99061273663099 206.11
20612 81.99455506919591 206.12
20613 81.99849742084471 206.13
20614 82.00243971945284 206.14
